date,regime,total_params,train_params,non_train_params,test_loss,train_loss,valid_loss,train_time (s),epochs,input_size,batch_size,network_width,hidden_layers,activation_fn,train_proportion,test_proportion,valid_proportion,device,optimizer_name,optimizer_params,loss_fn,custom_arch,R2_test,R2_train,R2_valid,MSE_test,MSE_train,MSE_valid,MAE_test,MAE_train,MAE_valid,hellinger_dist_test,hellinger_dist_train,hellinger_dist_valid,infidelity,exponential_lr,width_sequence,n_hidden_layers
20260627_024254,h=0.5,168577.0,168577.0,0.0,0.3196,0.038,0.6305,10.18,60.0,"(32, 12)",40.0,128_256_512,custom,gelu,0.7,0.2,0.1,cuda,Adam,"{'lr': 0.000334, 'betas': (0.9, 0.999), 'eps': 1e-08, 'weight_decay': 0, 'amsgrad': False, 'maximize': False, 'foreach': None, 'capturable': False, 'differentiable': False, 'fused': None, 'decoupled_weight_decay': False, 'initial_lr': 0.001}",MSELoss,True,0.8294,0.9859,0.7799,0.3229,0.0381,0.6,0.4472,0.1494,0.6663,0.0179,5.3693,0.0255,0.0647,True,,3
20260627_024254,h=0.5,20033.0,20033.0,0.0,1.763,0.7139,4.9775,10.16,60.0,"(32, 12)",40.0,32_32_512,custom,gelu,0.7,0.2,0.1,cuda,Adam,"{'lr': 0.000334, 'betas': (0.9, 0.999), 'eps': 1e-08, 'weight_decay': 0, 'amsgrad': False, 'maximize': False, 'foreach': None, 'capturable': False, 'differentiable': False, 'fused': None, 'decoupled_weight_decay': False, 'initial_lr': 0.001}",MSELoss,True,0.0609,0.735,-0.7436,1.7778,0.7135,4.7542,0.9867,0.629,1.6298,0.0496,5.1827,0.0768,0.4444,True,,3
20260627_024254,h=0.5,589057.0,589057.0,0.0,0.3472,0.0406,0.9729,10.24,60.0,"(32, 12)",40.0,2048_256_128,custom,gelu,0.7,0.2,0.1,cuda,Adam,"{'lr': 0.000334, 'betas': (0.9, 0.999), 'eps': 1e-08, 'weight_decay': 0, 'amsgrad': False, 'maximize': False, 'foreach': None, 'capturable': False, 'differentiable': False, 'fused': None, 'decoupled_weight_decay': False, 'initial_lr': 0.001}",MSELoss,True,0.8148,0.985,0.6436,0.3506,0.0405,0.9719,0.4889,0.1383,0.9219,0.0176,5.3773,0.0212,0.1759,True,,3
20260627_024254,h=0.5,340465.0,340465.0,0.0,0.9974,0.7065,2.806,10.12,60.0,"(32, 12)",40.0,16_4096_64,custom,gelu,0.7,0.2,0.1,cuda,Adam,"{'lr': 0.000334, 'betas': (0.9, 0.999), 'eps': 1e-08, 'weight_decay': 0, 'amsgrad': False, 'maximize': False, 'foreach': None, 'capturable': False, 'differentiable': False, 'fused': None, 'decoupled_weight_decay': False, 'initial_lr': 0.001}",MSELoss,True,0.4779,0.7373,0.0134,0.9885,0.7072,2.6903,0.8003,0.6656,1.2621,0.0408,4.9747,0.0631,0.4312,True,,3
20260627_024254,h=0.5,403457.0,403457.0,0.0,0.271,0.0139,0.6655,10.15,60.0,"(32, 12)",40.0,512_512_256,custom,gelu,0.7,0.2,0.1,cuda,Adam,"{'lr': 0.000334, 'betas': (0.9, 0.999), 'eps': 1e-08, 'weight_decay': 0, 'amsgrad': False, 'maximize': False, 'foreach': None, 'capturable': False, 'differentiable': False, 'fused': None, 'decoupled_weight_decay': False, 'initial_lr': 0.001}",MSELoss,True,0.8575,0.9948,0.7498,0.2698,0.0139,0.6823,0.4476,0.0874,0.7873,0.0122,5.419,0.0172,0.0937,True,,3
20260627_024254,h=0.5,164161.0,164161.0,0.0,3.2012,2.4657,2.6015,10.21,60.0,"(32, 12)",40.0,2048_64_32,custom,gelu,0.7,0.2,0.1,cuda,Adam,"{'lr': 0.000334, 'betas': (0.9, 0.999), 'eps': 1e-08, 'weight_decay': 0, 'amsgrad': False, 'maximize': False, 'foreach': None, 'capturable': False, 'differentiable': False, 'fused': None, 'decoupled_weight_decay': False, 'initial_lr': 0.001}",MSELoss,True,-0.6865,0.0844,0.0137,3.1927,2.4651,2.6893,1.5369,1.2508,1.2983,0.054,4.6173,0.0784,0.5571,True,,3
20260627_024254,h=0.5,68737.0,68737.0,0.0,0.5209,0.0058,1.3183,10.15,60.0,"(32, 12)",40.0,128_256_128,custom,gelu,0.7,0.2,0.1,cuda,Adam,"{'lr': 0.00099, 'betas': (0.9, 0.999), 'eps': 1e-08, 'weight_decay': 0, 'amsgrad': False, 'maximize': False, 'foreach': None, 'capturable': False, 'differentiable': False, 'fused': None, 'decoupled_weight_decay': False, 'initial_lr': 0.001}",MSELoss,True,0.725,0.9978,0.5177,0.5207,0.0059,1.315,0.6149,0.0557,1.1207,0.0171,5.4544,0.0197,0.121,True,,3
20260627_024254,h=0.5,688897.0,688897.0,0.0,0.3734,0.0053,0.67,10.15,60.0,"(32, 12)",40.0,2048_256_512,custom,gelu,0.7,0.2,0.1,cuda,Adam,"{'lr': 0.000334, 'betas': (0.9, 0.999), 'eps': 1e-08, 'weight_decay': 0, 'amsgrad': False, 'maximize': False, 'foreach': None, 'capturable': False, 'differentiable': False, 'fused': None, 'decoupled_weight_decay': False, 'initial_lr': 0.001}",MSELoss,True,0.8017,0.998,0.7523,0.3754,0.0053,0.6755,0.5327,0.0539,0.7927,0.0133,5.4453,0.0175,0.0778,True,,3
20260627_024254,h=0.5,6209.0,6209.0,0.0,0.3281,0.0111,0.7419,10.13,60.0,"(32, 12)",40.0,32_32_128,custom,gelu,0.7,0.2,0.1,cuda,Adam,"{'lr': 0.00099, 'betas': (0.9, 0.999), 'eps': 1e-08, 'weight_decay': 0, 'amsgrad': False, 'maximize': False, 'foreach': None, 'capturable': False, 'differentiable': False, 'fused': None, 'decoupled_weight_decay': False, 'initial_lr': 0.001}",MSELoss,True,0.8265,0.9959,0.7267,0.3284,0.0111,0.7452,0.5011,0.0818,0.8176,0.0129,5.4498,0.0195,0.061,True,,3
20260627_024254,h=0.5,201825.0,201825.0,0.0,0.3554,0.0143,1.0465,10.17,60.0,"(32, 12)",40.0,4096_32_256,custom,gelu,0.7,0.2,0.1,cuda,Adam,"{'lr': 0.000334, 'betas': (0.9, 0.999), 'eps': 1e-08, 'weight_decay': 0, 'amsgrad': False, 'maximize': False, 'foreach': None, 'capturable': False, 'differentiable': False, 'fused': None, 'decoupled_weight_decay': False, 'initial_lr': 0.001}",MSELoss,True,0.8126,0.9947,0.6225,0.3548,0.0143,1.0293,0.4901,0.0876,0.9701,0.0153,5.4199,0.0222,0.1045,True,,3
20260627_024254,h=0.5,10369.0,10369.0,0.0,0.6097,0.004,1.2653,9.49,60.0,"(32, 12)",40.0,128_64,custom,gelu,0.7,0.2,0.1,cuda,Adam,"{'lr': 0.00099, 'betas': (0.9, 0.999), 'eps': 1e-08, 'weight_decay': 0, 'amsgrad': False, 'maximize': False, 'foreach': None, 'capturable': False, 'differentiable': False, 'fused': None, 'decoupled_weight_decay': False, 'initial_lr': 0.001}",MSELoss,True,0.6782,0.9985,0.5388,0.6093,0.004,1.2576,0.649,0.0496,1.1007,0.0185,5.4602,0.0179,0.1167,True,,2
20260627_024254,h=0.5,20481.0,20481.0,0.0,0.562,0.0034,0.8773,9.46,60.0,"(32, 12)",40.0,256_64,custom,gelu,0.7,0.2,0.1,cuda,Adam,"{'lr': 0.00099, 'betas': (0.9, 0.999), 'eps': 1e-08, 'weight_decay': 0, 'amsgrad': False, 'maximize': False, 'foreach': None, 'capturable': False, 'differentiable': False, 'fused': None, 'decoupled_weight_decay': False, 'initial_lr': 0.001}",MSELoss,True,0.701,0.9987,0.6749,0.5661,0.0034,0.8865,0.6399,0.0452,0.922,0.0168,5.4543,0.0142,0.105,True,,2
20260627_024254,h=0.5,211041.0,211041.0,0.0,0.3909,0.0101,0.8292,10.17,60.0,"(32, 12)",40.0,4096_32_512,custom,gelu,0.7,0.2,0.1,cuda,Adam,"{'lr': 0.000334, 'betas': (0.9, 0.999), 'eps': 1e-08, 'weight_decay': 0, 'amsgrad': False, 'maximize': False, 'foreach': None, 'capturable': False, 'differentiable': False, 'fused': None, 'decoupled_weight_decay': False, 'initial_lr': 0.001}",MSELoss,True,0.7927,0.9962,0.6982,0.3923,0.0101,0.8229,0.5186,0.0755,0.8721,0.0157,5.4298,0.0198,0.0995,True,,3
20260627_024254,h=0.5,337409.0,337409.0,0.0,0.351,0.0689,1.0714,10.11,60.0,"(32, 12)",40.0,512_512_128,custom,gelu,0.7,0.2,0.1,cuda,Adam,"{'lr': 0.000334, 'betas': (0.9, 0.999), 'eps': 1e-08, 'weight_decay': 0, 'amsgrad': False, 'maximize': False, 'foreach': None, 'capturable': False, 'differentiable': False, 'fused': None, 'decoupled_weight_decay': False, 'initial_lr': 0.001}",MSELoss,True,0.8139,0.9744,0.6065,0.3523,0.069,1.073,0.4956,0.1867,0.9286,0.0199,5.3344,0.0276,0.199,True,,3
20260627_024254,h=0.5,622337.0,622337.0,0.0,0.428,0.0083,0.9024,10.12,60.0,"(32, 12)",40.0,2048_256_256,custom,gelu,0.7,0.2,0.1,cuda,Adam,"{'lr': 0.000334, 'betas': (0.9, 0.999), 'eps': 1e-08, 'weight_decay': 0, 'amsgrad': False, 'maximize': False, 'foreach': None, 'capturable': False, 'differentiable': False, 'fused': None, 'decoupled_weight_decay': False, 'initial_lr': 0.001}",MSELoss,True,0.774,0.9969,0.6719,0.4278,0.0083,0.8946,0.5531,0.0674,0.9105,0.0153,5.4406,0.0199,0.105,True,,3
20260627_024254,h=0.5,604097.0,604097.0,0.0,9.4117,7.9133,4.7149,10.16,60.0,"(32, 12)",40.0,128_4096_16,custom,gelu,0.7,0.2,0.1,cuda,Adam,"{'lr': 0.000334, 'betas': (0.9, 0.999), 'eps': 1e-08, 'weight_decay': 0, 'amsgrad': False, 'maximize': False, 'foreach': None, 'capturable': False, 'differentiable': False, 'fused': None, 'decoupled_weight_decay': False, 'initial_lr': 0.001}",MSELoss,True,-3.981,-1.9423,-0.7469,9.4295,7.9212,4.7632,2.8293,2.5026,1.8806,0.0569,4.067,0.079,0.5989,True,,3
20260627_024254,h=0.5,152961.0,152961.0,0.0,2.1271,1.6156,2.7662,10.17,60.0,"(32, 12)",40.0,256_512_32,custom,gelu,0.7,0.2,0.1,cuda,Adam,"{'lr': 0.000334, 'betas': (0.9, 0.999), 'eps': 1e-08, 'weight_decay': 0, 'amsgrad': False, 'maximize': False, 'foreach': None, 'capturable': False, 'differentiable': False, 'fused': None, 'decoupled_weight_decay': False, 'initial_lr': 0.001}",MSELoss,True,-0.1301,0.3994,-0.0263,2.1393,1.617,2.7985,1.2307,1.0069,1.2493,0.0516,4.7692,0.077,0.5258,True,,3
20260627_024254,h=0.5,1185.0,1185.0,0.0,0.655,0.0205,0.9996,10.15,60.0,"(32, 12)",40.0,16_16_32,custom,gelu,0.7,0.2,0.1,cuda,Adam,"{'lr': 0.00099, 'betas': (0.9, 0.999), 'eps': 1e-08, 'weight_decay': 0, 'amsgrad': False, 'maximize': False, 'foreach': None, 'capturable': False, 'differentiable': False, 'fused': None, 'decoupled_weight_decay': False, 'initial_lr': 0.001}",MSELoss,True,0.6541,0.9924,0.6316,0.6548,0.0205,1.0046,0.7144,0.1111,0.9665,0.0175,5.4236,0.0168,0.1446,True,,3
20260627_024254,h=0.5,7265.0,7265.0,0.0,0.5054,0.0055,1.035,10.43,60.0,"(32, 12)",40.0,128_32_32,custom,gelu,0.7,0.2,0.1,cuda,Adam,"{'lr': 0.00099, 'betas': (0.9, 0.999), 'eps': 1e-08, 'weight_decay': 0, 'amsgrad': False, 'maximize': False, 'foreach': None, 'capturable': False, 'differentiable': False, 'fused': None, 'decoupled_weight_decay': False, 'initial_lr': 0.001}",MSELoss,True,0.7343,0.998,0.6225,0.503,0.0055,1.0294,0.6028,0.0555,0.991,0.0164,5.4479,0.0187,0.1061,True,,3
20260627_024254,h=0.5,127665.0,127665.0,0.0,1.4702,0.9597,1.7139,10.16,60.0,"(32, 12)",40.0,4096_16_32,custom,gelu,0.7,0.2,0.1,cuda,Adam,"{'lr': 0.000334, 'betas': (0.9, 0.999), 'eps': 1e-08, 'weight_decay': 0, 'amsgrad': False, 'maximize': False, 'foreach': None, 'capturable': False, 'differentiable': False, 'fused': None, 'decoupled_weight_decay': False, 'initial_lr': 0.001}",MSELoss,True,0.2126,0.6437,0.3744,1.4906,0.9593,1.7057,0.9848,0.7236,1.0651,0.0467,4.8599,0.0558,0.4681,True,,3
20260627_024254,h=0.5,535553.0,535553.0,0.0,0.5373,0.0072,1.1923,10.15,60.0,"(32, 12)",40.0,512_512_512,custom,gelu,0.7,0.2,0.1,cuda,Adam,"{'lr': 0.000334, 'betas': (0.9, 0.999), 'eps': 1e-08, 'weight_decay': 0, 'amsgrad': False, 'maximize': False, 'foreach': None, 'capturable': False, 'differentiable': False, 'fused': None, 'decoupled_weight_decay': False, 'initial_lr': 0.001}",MSELoss,True,0.7176,0.9973,0.5678,0.5347,0.0072,1.1784,0.617,0.0651,1.0449,0.018,5.4318,0.0214,0.0935,True,,3
20260627_024254,h=0.5,197217.0,197217.0,0.0,0.3907,0.0228,0.8368,10.17,60.0,"(32, 12)",40.0,4096_32_128,custom,gelu,0.7,0.2,0.1,cuda,Adam,"{'lr': 0.000334, 'betas': (0.9, 0.999), 'eps': 1e-08, 'weight_decay': 0, 'amsgrad': False, 'maximize': False, 'foreach': None, 'capturable': False, 'differentiable': False, 'fused': None, 'decoupled_weight_decay': False, 'initial_lr': 0.001}",MSELoss,True,0.7956,0.9915,0.6915,0.387,0.0228,0.8412,0.5171,0.1022,0.8805,0.0165,5.3993,0.0183,0.1519,True,,3
20260627_024254,h=0.5,10817.0,10817.0,0.0,0.4444,0.0071,0.6578,10.17,60.0,"(32, 12)",40.0,32_32_256,custom,gelu,0.7,0.2,0.1,cuda,Adam,"{'lr': 0.00099, 'betas': (0.9, 0.999), 'eps': 1e-08, 'weight_decay': 0, 'amsgrad': False, 'maximize': False, 'foreach': None, 'capturable': False, 'differentiable': False, 'fused': None, 'decoupled_weight_decay': False, 'initial_lr': 0.001}",MSELoss,True,0.7654,0.9974,0.7567,0.4441,0.0071,0.6633,0.5796,0.0649,0.7763,0.0159,5.4461,0.0141,0.0935,True,,3
20260627_024254,h=0.5,8497217.0,8497217.0,0.0,9.0074,7.8303,4.7392,17.96,60.0,"(32, 12)",40.0,2048_4096_16,custom,gelu,0.7,0.2,0.1,cuda,Adam,"{'lr': 0.000334, 'betas': (0.9, 0.999), 'eps': 1e-08, 'weight_decay': 0, 'amsgrad': False, 'maximize': False, 'foreach': None, 'capturable': False, 'differentiable': False, 'fused': None, 'decoupled_weight_decay': False, 'initial_lr': 0.001}",MSELoss,True,-3.7513,-1.9054,-0.7142,8.9946,7.822,4.6742,2.7553,2.4982,1.8573,0.0571,3.8729,0.079,0.6175,True,,3
20260627_024254,h=0.5,563585.0,563585.0,0.0,0.2413,0.005,0.505,10.16,60.0,"(32, 12)",40.0,2048_128_2048,custom,gelu,0.7,0.2,0.1,cuda,Adam,"{'lr': 0.000334, 'betas': (0.9, 0.999), 'eps': 1e-08, 'weight_decay': 0, 'amsgrad': False, 'maximize': False, 'foreach': None, 'capturable': False, 'differentiable': False, 'fused': None, 'decoupled_weight_decay': False, 'initial_lr': 0.001}",MSELoss,True,0.8723,0.9981,0.8149,0.2418,0.005,0.5047,0.391,0.0541,0.6829,0.0138,5.4479,0.0157,0.0483,True,,3
20260627_024254,h=0.5,102017.0,102017.0,0.0,0.3519,0.0024,1.1361,10.19,60.0,"(32, 12)",40.0,128_256_256,custom,gelu,0.7,0.2,0.1,cuda,Adam,"{'lr': 0.00099, 'betas': (0.9, 0.999), 'eps': 1e-08, 'weight_decay': 0, 'amsgrad': False, 'maximize': False, 'foreach': None, 'capturable': False, 'differentiable': False, 'fused': None, 'decoupled_weight_decay': False, 'initial_lr': 0.001}",MSELoss,True,0.8131,0.9991,0.5833,0.3539,0.0024,1.1363,0.4822,0.0383,1.037,0.0156,5.4516,0.0197,0.0771,True,,3
20260627_024254,h=0.5,153569.0,153569.0,0.0,0.5011,0.0468,1.2332,10.15,60.0,"(32, 12)",40.0,128_32_4096,custom,gelu,0.7,0.2,0.1,cuda,Adam,"{'lr': 0.000334, 'betas': (0.9, 0.999), 'eps': 1e-08, 'weight_decay': 0, 'amsgrad': False, 'maximize': False, 'foreach': None, 'capturable': False, 'differentiable': False, 'fused': None, 'decoupled_weight_decay': False, 'initial_lr': 0.001}",MSELoss,True,0.7349,0.9826,0.5487,0.5019,0.0468,1.2306,0.5951,0.1682,0.9942,0.0192,5.3989,0.0267,0.1103,True,,3
20260627_024254,h=0.5,12321.0,12321.0,0.0,0.5092,0.0139,0.5779,10.14,60.0,"(32, 12)",40.0,64_32_256,custom,gelu,0.7,0.2,0.1,cuda,Adam,"{'lr': 0.00099, 'betas': (0.9, 0.999), 'eps': 1e-08, 'weight_decay': 0, 'amsgrad': False, 'maximize': False, 'foreach': None, 'capturable': False, 'differentiable': False, 'fused': None, 'decoupled_weight_decay': False, 'initial_lr': 0.001}",MSELoss,True,0.7311,0.9948,0.7851,0.5091,0.0139,0.5861,0.6147,0.089,0.7191,0.0158,5.4454,0.0139,0.1172,True,,3
20260627_024254,h=0.5,4785.0,4785.0,0.0,0.5677,0.0128,0.5921,10.36,60.0,"(32, 12)",40.0,16_128_16,custom,gelu,0.7,0.2,0.1,cuda,Adam,"{'lr': 0.00099, 'betas': (0.9, 0.999), 'eps': 1e-08, 'weight_decay': 0, 'amsgrad': False, 'maximize': False, 'foreach': None, 'capturable': False, 'differentiable': False, 'fused': None, 'decoupled_weight_decay': False, 'initial_lr': 0.001}",MSELoss,True,0.7021,0.9952,0.7764,0.564,0.0128,0.6097,0.6495,0.0871,0.7193,0.0186,5.436,0.0176,0.1118,True,,3
20260627_024254,h=0.5,243809.0,243809.0,0.0,0.5897,0.007,1.4747,10.18,60.0,"(32, 12)",40.0,2048_32_4096,custom,gelu,0.7,0.2,0.1,cuda,Adam,"{'lr': 0.000334, 'betas': (0.9, 0.999), 'eps': 1e-08, 'weight_decay': 0, 'amsgrad': False, 'maximize': False, 'foreach': None, 'capturable': False, 'differentiable': False, 'fused': None, 'decoupled_weight_decay': False, 'initial_lr': 0.001}",MSELoss,True,0.6887,0.9974,0.456,0.5893,0.007,1.4834,0.6309,0.0644,1.1865,0.0182,5.4428,0.0217,0.1352,True,,3
20260627_024254,h=0.5,1068801.0,1068801.0,0.0,0.295,0.0092,1.1804,9.53,60.0,"(32, 12)",40.0,256_4096,custom,gelu,0.7,0.2,0.1,cuda,Adam,"{'lr': 0.000334, 'betas': (0.9, 0.999), 'eps': 1e-08, 'weight_decay': 0, 'amsgrad': False, 'maximize': False, 'foreach': None, 'capturable': False, 'differentiable': False, 'fused': None, 'decoupled_weight_decay': False, 'initial_lr': 0.001}",MSELoss,True,0.8452,0.9966,0.5815,0.2931,0.0092,1.1412,0.4339,0.0753,0.9937,0.0152,5.4578,0.0244,0.0636,True,,2
20260627_024254,h=0.5,140721.0,140721.0,0.0,1.6274,0.8253,4.4032,10.46,60.0,"(32, 12)",40.0,16_64_2048,custom,gelu,0.7,0.2,0.1,cuda,Adam,"{'lr': 0.000334, 'betas': (0.9, 0.999), 'eps': 1e-08, 'weight_decay': 0, 'amsgrad': False, 'maximize': False, 'foreach': None, 'capturable': False, 'differentiable': False, 'fused': None, 'decoupled_weight_decay': False, 'initial_lr': 0.001}",MSELoss,True,0.1385,0.6928,-0.6459,1.6308,0.8269,4.488,0.993,0.6992,1.6705,0.0509,5.1287,0.0707,0.4946,True,,3
20260627_024254,h=0.5,16871665.0,16871665.0,0.0,0.9196,0.2755,3.1248,33.59,60.0,"(32, 12)",40.0,16_4096_4096,custom,gelu,0.7,0.2,0.1,cuda,Adam,"{'lr': 0.000334, 'betas': (0.9, 0.999), 'eps': 1e-08, 'weight_decay': 0, 'amsgrad': False, 'maximize': False, 'foreach': None, 'capturable': False, 'differentiable': False, 'fused': None, 'decoupled_weight_decay': False, 'initial_lr': 0.001}",MSELoss,True,0.5085,0.8975,-0.1657,0.9304,0.276,3.1784,0.7717,0.4066,1.605,0.0329,5.3385,0.0412,0.3426,True,,3
20260627_024254,h=0.5,1089089.0,1089089.0,0.0,11.8686,10.0759,6.1367,10.1,60.0,"(32, 12)",40.0,2048_512_16,custom,gelu,0.7,0.2,0.1,cuda,Adam,"{'lr': 0.000334, 'betas': (0.9, 0.999), 'eps': 1e-08, 'weight_decay': 0, 'amsgrad': False, 'maximize': False, 'foreach': None, 'capturable': False, 'differentiable': False, 'fused': None, 'decoupled_weight_decay': False, 'initial_lr': 0.001}",MSELoss,True,-5.2868,-2.7428,-1.2578,11.9015,10.0764,6.1563,3.2116,2.8517,2.1954,0.0566,4.1303,0.079,0.6054,True,,3
20260627_024254,h=0.5,7713.0,7713.0,0.0,0.6911,0.0064,2.257,10.06,60.0,"(32, 12)",40.0,64_32_128,custom,gelu,0.7,0.2,0.1,cuda,Adam,"{'lr': 0.00099, 'betas': (0.9, 0.999), 'eps': 1e-08, 'weight_decay': 0, 'amsgrad': False, 'maximize': False, 'foreach': None, 'capturable': False, 'differentiable': False, 'fused': None, 'decoupled_weight_decay': False, 'initial_lr': 0.001}",MSELoss,True,0.635,0.9976,0.1786,0.691,0.0064,2.2397,0.65,0.0611,1.4542,0.0219,5.4521,0.0251,0.1602,True,,3
20260627_024254,h=0.5,162049.0,162049.0,0.0,0.7254,0.4018,1.6993,9.45,60.0,"(32, 12)",40.0,2048_64,custom,gelu,0.7,0.2,0.1,cuda,Adam,"{'lr': 0.000334, 'betas': (0.9, 0.999), 'eps': 1e-08, 'weight_decay': 0, 'amsgrad': False, 'maximize': False, 'foreach': None, 'capturable': False, 'differentiable': False, 'fused': None, 'decoupled_weight_decay': False, 'initial_lr': 0.001}",MSELoss,True,0.613,0.8504,0.3648,0.7326,0.4028,1.7321,0.6762,0.4633,1.0387,0.0351,5.0483,0.0502,0.3555,True,,2
20260627_024254,h=0.5,9265.0,9265.0,0.0,0.095,0.0126,0.1416,10.13,60.0,"(32, 12)",40.0,16_256_16,custom,gelu,0.7,0.2,0.1,cuda,Adam,"{'lr': 0.00099, 'betas': (0.9, 0.999), 'eps': 1e-08, 'weight_decay': 0, 'amsgrad': False, 'maximize': False, 'foreach': None, 'capturable': False, 'differentiable': False, 'fused': None, 'decoupled_weight_decay': False, 'initial_lr': 0.001}",MSELoss,True,0.9493,0.9953,0.9473,0.0959,0.0125,0.1438,0.2465,0.0853,0.2703,0.0099,5.4448,0.0206,0.0352,True,,3
20260627_024254,h=0.5,266337.0,266337.0,0.0,0.3621,0.0115,0.6278,10.36,60.0,"(32, 12)",40.0,4096_32_2048,custom,gelu,0.7,0.2,0.1,cuda,Adam,"{'lr': 0.000334, 'betas': (0.9, 0.999), 'eps': 1e-08, 'weight_decay': 0, 'amsgrad': False, 'maximize': False, 'foreach': None, 'capturable': False, 'differentiable': False, 'fused': None, 'decoupled_weight_decay': False, 'initial_lr': 0.001}",MSELoss,True,0.8086,0.9957,0.7863,0.3624,0.0115,0.5826,0.5066,0.0737,0.7215,0.0141,5.4326,0.0187,0.0799,True,,3
20260627_024254,h=0.5,21537.0,21537.0,0.0,1.183,0.393,4.1573,10.15,60.0,"(32, 12)",40.0,64_32_512,custom,gelu,0.7,0.2,0.1,cuda,Adam,"{'lr': 0.000334, 'betas': (0.9, 0.999), 'eps': 1e-08, 'weight_decay': 0, 'amsgrad': False, 'maximize': False, 'foreach': None, 'capturable': False, 'differentiable': False, 'fused': None, 'decoupled_weight_decay': False, 'initial_lr': 0.001}",MSELoss,True,0.3684,0.8543,-0.4705,1.1957,0.3922,4.0095,0.7835,0.4577,1.638,0.0399,5.2212,0.0618,0.3204,True,,3
20260627_024254,h=0.5,70257.0,70257.0,0.0,1.4842,0.8832,4.6119,10.35,60.0,"(32, 12)",40.0,16_128_512,custom,gelu,0.7,0.2,0.1,cuda,Adam,"{'lr': 0.000334, 'betas': (0.9, 0.999), 'eps': 1e-08, 'weight_decay': 0, 'amsgrad': False, 'maximize': False, 'foreach': None, 'capturable': False, 'differentiable': False, 'fused': None, 'decoupled_weight_decay': False, 'initial_lr': 0.001}",MSELoss,True,0.2327,0.6717,-0.6979,1.4525,0.884,4.6297,0.8863,0.7108,1.6233,0.0494,5.0738,0.0756,0.4352,True,,3
20260627_024254,h=0.5,1075169.0,1075169.0,0.0,0.2619,0.0377,0.6555,10.19,60.0,"(32, 12)",40.0,32_512_2048,custom,gelu,0.7,0.2,0.1,cuda,Adam,"{'lr': 0.000334, 'betas': (0.9, 0.999), 'eps': 1e-08, 'weight_decay': 0, 'amsgrad': False, 'maximize': False, 'foreach': None, 'capturable': False, 'differentiable': False, 'fused': None, 'decoupled_weight_decay': False, 'initial_lr': 0.001}",MSELoss,True,0.8612,0.986,0.7583,0.2627,0.0377,0.6591,0.4086,0.1505,0.654,0.0195,5.4322,0.029,0.0707,True,,3
20260627_024254,h=0.5,19569.0,19569.0,0.0,0.1713,0.0094,0.1883,10.29,60.0,"(32, 12)",40.0,16_128_128,custom,gelu,0.7,0.2,0.1,cuda,Adam,"{'lr': 0.00099, 'betas': (0.9, 0.999), 'eps': 1e-08, 'weight_decay': 0, 'amsgrad': False, 'maximize': False, 'foreach': None, 'capturable': False, 'differentiable': False, 'fused': None, 'decoupled_weight_decay': False, 'initial_lr': 0.001}",MSELoss,True,0.9096,0.9965,0.9287,0.1712,0.0094,0.1945,0.3503,0.0759,0.3757,0.0091,5.4463,0.0128,0.044,True,,3
20260627_024254,h=0.5,2175745.0,2175745.0,0.0,0.4186,0.0042,0.9692,10.33,60.0,"(32, 12)",40.0,4096_256_4096,custom,gelu,0.7,0.2,0.1,cuda,Adam,"{'lr': 0.000334, 'betas': (0.9, 0.999), 'eps': 1e-08, 'weight_decay': 0, 'amsgrad': False, 'maximize': False, 'foreach': None, 'capturable': False, 'differentiable': False, 'fused': None, 'decoupled_weight_decay': False, 'initial_lr': 0.001}",MSELoss,True,0.7786,0.9984,0.6471,0.4191,0.0042,0.9622,0.5436,0.0502,0.9597,0.015,5.4548,0.0169,0.0921,True,,3
20260627_024254,h=0.5,171617.0,171617.0,0.0,0.5259,0.0184,1.6143,10.23,60.0,"(32, 12)",40.0,512_32_4096,custom,gelu,0.7,0.2,0.1,cuda,Adam,"{'lr': 0.000334, 'betas': (0.9, 0.999), 'eps': 1e-08, 'weight_decay': 0, 'amsgrad': False, 'maximize': False, 'foreach': None, 'capturable': False, 'differentiable': False, 'fused': None, 'decoupled_weight_decay': False, 'initial_lr': 0.001}",MSELoss,True,0.7206,0.9932,0.4108,0.529,0.0184,1.6066,0.5851,0.1062,1.1934,0.0194,5.4301,0.0267,0.1228,True,,3
20260627_024254,h=0.5,1135105.0,1135105.0,0.0,0.3362,0.0073,1.2835,10.2,60.0,"(32, 12)",40.0,256_256_4096,custom,gelu,0.7,0.2,0.1,cuda,Adam,"{'lr': 0.000334, 'betas': (0.9, 0.999), 'eps': 1e-08, 'weight_decay': 0, 'amsgrad': False, 'maximize': False, 'foreach': None, 'capturable': False, 'differentiable': False, 'fused': None, 'decoupled_weight_decay': False, 'initial_lr': 0.001}",MSELoss,True,0.8227,0.9973,0.5372,0.3357,0.0073,1.2619,0.4941,0.0671,1.083,0.0141,5.4493,0.0222,0.0696,True,,3
20260627_024254,h=0.5,8444145.0,8444145.0,0.0,0.8471,0.2149,1.1379,17.72,60.0,"(32, 12)",40.0,16_2048_4096,custom,gelu,0.7,0.2,0.1,cuda,Adam,"{'lr': 0.000334, 'betas': (0.9, 0.999), 'eps': 1e-08, 'weight_decay': 0, 'amsgrad': False, 'maximize': False, 'foreach': None, 'capturable': False, 'differentiable': False, 'fused': None, 'decoupled_weight_decay': False, 'initial_lr': 0.001}",MSELoss,True,0.555,0.9201,0.5934,0.8424,0.2151,1.1086,0.7301,0.357,0.8358,0.0353,5.3534,0.0486,0.2045,True,,3
20260627_024254,h=0.5,48945.0,48945.0,0.0,0.4698,0.0476,0.9819,10.16,60.0,"(32, 12)",40.0,256_16_2048,custom,gelu,0.7,0.2,0.1,cuda,Adam,"{'lr': 0.000334, 'betas': (0.9, 0.999), 'eps': 1e-08, 'weight_decay': 0, 'amsgrad': False, 'maximize': False, 'foreach': None, 'capturable': False, 'differentiable': False, 'fused': None, 'decoupled_weight_decay': False, 'initial_lr': 0.001}",MSELoss,True,0.7507,0.9823,0.6386,0.4719,0.0476,0.9855,0.5618,0.1696,0.8354,0.0202,5.3723,0.0312,0.1239,True,,3
20260627_024254,h=0.5,96385.0,96385.0,0.0,2.9033,2.224,2.8466,9.44,60.0,"(32, 12)",40.0,2048_32,custom,gelu,0.7,0.2,0.1,cuda,Adam,"{'lr': 0.000334, 'betas': (0.9, 0.999), 'eps': 1e-08, 'weight_decay': 0, 'amsgrad': False, 'maximize': False, 'foreach': None, 'capturable': False, 'differentiable': False, 'fused': None, 'decoupled_weight_decay': False, 'initial_lr': 0.001}",MSELoss,True,-0.5207,0.1732,0.0348,2.8789,2.2258,2.6318,1.4554,1.2027,1.2758,0.0533,4.6623,0.0775,0.5402,True,,2
20260627_024254,h=0.5,36465.0,36465.0,0.0,0.5206,0.0108,0.6441,10.26,60.0,"(32, 12)",40.0,16_128_256,custom,gelu,0.7,0.2,0.1,cuda,Adam,"{'lr': 0.00099, 'betas': (0.9, 0.999), 'eps': 1e-08, 'weight_decay': 0, 'amsgrad': False, 'maximize': False, 'foreach': None, 'capturable': False, 'differentiable': False, 'fused': None, 'decoupled_weight_decay': False, 'initial_lr': 0.001}",MSELoss,True,0.7242,0.996,0.7641,0.5222,0.0108,0.6432,0.6627,0.0772,0.7514,0.0136,5.4461,0.0189,0.0875,True,,3
20260627_024254,h=0.5,41729.0,41729.0,0.0,12.179,10.4248,6.0888,10.14,60.0,"(32, 12)",40.0,512_64_16,custom,gelu,0.7,0.2,0.1,cuda,Adam,"{'lr': 0.000334, 'betas': (0.9, 0.999), 'eps': 1e-08, 'weight_decay': 0, 'amsgrad': False, 'maximize': False, 'foreach': None, 'capturable': False, 'differentiable': False, 'fused': None, 'decoupled_weight_decay': False, 'initial_lr': 0.001}",MSELoss,True,-5.4625,-2.8751,-1.3007,12.2341,10.4325,6.2733,3.2606,2.9345,2.2189,0.0571,3.8792,0.079,0.6178,True,,3
20260627_024254,h=0.5,800193.0,800193.0,0.0,0.1885,0.0497,0.6633,10.1,60.0,"(32, 12)",40.0,64_4096_128,custom,gelu,0.7,0.2,0.1,cuda,Adam,"{'lr': 0.000334, 'betas': (0.9, 0.999), 'eps': 1e-08, 'weight_decay': 0, 'amsgrad': False, 'maximize': False, 'foreach': None, 'capturable': False, 'differentiable': False, 'fused': None, 'decoupled_weight_decay': False, 'initial_lr': 0.001}",MSELoss,True,0.9004,0.9815,0.7566,0.1886,0.0498,0.6638,0.354,0.162,0.7154,0.0154,5.3733,0.0235,0.1441,True,,3
20260627_024254,h=0.5,42593.0,42593.0,0.0,0.3672,0.0288,1.1991,10.14,60.0,"(32, 12)",40.0,512_32_512,custom,gelu,0.7,0.2,0.1,cuda,Adam,"{'lr': 0.000334, 'betas': (0.9, 0.999), 'eps': 1e-08, 'weight_decay': 0, 'amsgrad': False, 'maximize': False, 'foreach': None, 'capturable': False, 'differentiable': False, 'fused': None, 'decoupled_weight_decay': False, 'initial_lr': 0.001}",MSELoss,True,0.8066,0.9893,0.5694,0.3661,0.0288,1.174,0.4797,0.125,0.9899,0.0177,5.3746,0.0289,0.0943,True,,3
20260627_024254,h=0.5,135041.0,135041.0,0.0,0.6466,0.169,1.7377,10.14,60.0,"(32, 12)",40.0,128_512_128,custom,gelu,0.7,0.2,0.1,cuda,Adam,"{'lr': 0.000334, 'betas': (0.9, 0.999), 'eps': 1e-08, 'weight_decay': 0, 'amsgrad': False, 'maximize': False, 'foreach': None, 'capturable': False, 'differentiable': False, 'fused': None, 'decoupled_weight_decay': False, 'initial_lr': 0.001}",MSELoss,True,0.6617,0.9372,0.3553,0.6405,0.1692,1.7578,0.6302,0.3074,1.1018,0.0318,5.2301,0.0415,0.2675,True,,3
20260627_024254,h=0.5,1345025.0,1345025.0,0.0,0.4319,0.008,0.5961,10.13,60.0,"(32, 12)",40.0,2048_512_512,custom,gelu,0.7,0.2,0.1,cuda,Adam,"{'lr': 0.000334, 'betas': (0.9, 0.999), 'eps': 1e-08, 'weight_decay': 0, 'amsgrad': False, 'maximize': False, 'foreach': None, 'capturable': False, 'differentiable': False, 'fused': None, 'decoupled_weight_decay': False, 'initial_lr': 0.001}",MSELoss,True,0.7722,0.997,0.7774,0.4313,0.0079,0.6069,0.544,0.0651,0.7531,0.016,5.4521,0.0151,0.087,True,,3
20260627_024254,h=0.5,2182721.0,2182721.0,0.0,11.8448,9.9402,5.8458,10.32,60.0,"(32, 12)",40.0,512_4096_16,custom,gelu,0.7,0.2,0.1,cuda,Adam,"{'lr': 0.000334, 'betas': (0.9, 0.999), 'eps': 1e-08, 'weight_decay': 0, 'amsgrad': False, 'maximize': False, 'foreach': None, 'capturable': False, 'differentiable': False, 'fused': None, 'decoupled_weight_decay': False, 'initial_lr': 0.001}",MSELoss,True,-5.2359,-2.6946,-1.2079,11.8052,9.9465,6.0203,3.1978,2.8353,2.1679,0.0567,4.1428,0.079,0.6103,True,,3
20260627_024254,h=0.5,3166721.0,3166721.0,0.0,0.4374,0.0146,1.1338,11.4,60.0,"(32, 12)",40.0,512_4096_256,custom,gelu,0.7,0.2,0.1,cuda,Adam,"{'lr': 0.000334, 'betas': (0.9, 0.999), 'eps': 1e-08, 'weight_decay': 0, 'amsgrad': False, 'maximize': False, 'foreach': None, 'capturable': False, 'differentiable': False, 'fused': None, 'decoupled_weight_decay': False, 'initial_lr': 0.001}",MSELoss,True,0.7684,0.9946,0.5731,0.4385,0.0146,1.1642,0.5313,0.0865,1.0306,0.0178,5.4257,0.022,0.1268,True,,3
20260627_024254,h=0.5,1588097.0,1588097.0,0.0,0.4204,0.0228,1.1918,10.17,60.0,"(32, 12)",40.0,128_4096_256,custom,gelu,0.7,0.2,0.1,cuda,Adam,"{'lr': 0.000334, 'betas': (0.9, 0.999), 'eps': 1e-08, 'weight_decay': 0, 'amsgrad': False, 'maximize': False, 'foreach': None, 'capturable': False, 'differentiable': False, 'fused': None, 'decoupled_weight_decay': False, 'initial_lr': 0.001}",MSELoss,True,0.7783,0.9915,0.5648,0.4196,0.0228,1.1867,0.5144,0.1086,1.0386,0.0185,5.4141,0.0216,0.144,True,,3
20260627_024254,h=0.5,6145.0,6145.0,0.0,0.5596,0.0049,1.3642,9.59,60.0,"(32, 12)",40.0,128_32,custom,gelu,0.7,0.2,0.1,cuda,Adam,"{'lr': 0.00099, 'betas': (0.9, 0.999), 'eps': 1e-08, 'weight_decay': 0, 'amsgrad': False, 'maximize': False, 'foreach': None, 'capturable': False, 'differentiable': False, 'fused': None, 'decoupled_weight_decay': False, 'initial_lr': 0.001}",MSELoss,True,0.7033,0.9982,0.5086,0.5617,0.0049,1.3399,0.6251,0.0544,1.1307,0.0186,5.458,0.0207,0.1015,True,,2
20260627_024254,h=0.5,2374593.0,2374593.0,0.0,0.5481,0.0151,1.1907,10.43,60.0,"(32, 12)",40.0,64_4096_512,custom,gelu,0.7,0.2,0.1,cuda,Adam,"{'lr': 0.000334, 'betas': (0.9, 0.999), 'eps': 1e-08, 'weight_decay': 0, 'amsgrad': False, 'maximize': False, 'foreach': None, 'capturable': False, 'differentiable': False, 'fused': None, 'decoupled_weight_decay': False, 'initial_lr': 0.001}",MSELoss,True,0.7094,0.9944,0.5783,0.5502,0.0151,1.1497,0.5963,0.0966,0.9807,0.0283,5.438,0.024,0.1121,True,,3
20260627_024254,h=0.5,333185.0,333185.0,0.0,0.2689,0.0166,0.5459,10.11,60.0,"(32, 12)",40.0,128_512_512,custom,gelu,0.7,0.2,0.1,cuda,Adam,"{'lr': 0.000334, 'betas': (0.9, 0.999), 'eps': 1e-08, 'weight_decay': 0, 'amsgrad': False, 'maximize': False, 'foreach': None, 'capturable': False, 'differentiable': False, 'fused': None, 'decoupled_weight_decay': False, 'initial_lr': 0.001}",MSELoss,True,0.858,0.9938,0.7997,0.2688,0.0166,0.5462,0.4278,0.1001,0.6502,0.0156,5.421,0.0198,0.0654,True,,3
20260627_024254,h=0.5,28769.0,28769.0,0.0,0.41,0.0542,1.6544,10.09,60.0,"(32, 12)",40.0,512_32_128,custom,gelu,0.7,0.2,0.1,cuda,Adam,"{'lr': 0.000334, 'betas': (0.9, 0.999), 'eps': 1e-08, 'weight_decay': 0, 'amsgrad': False, 'maximize': False, 'foreach': None, 'capturable': False, 'differentiable': False, 'fused': None, 'decoupled_weight_decay': False, 'initial_lr': 0.001}",MSELoss,True,0.7808,0.9798,0.4037,0.4149,0.0544,1.626,0.4943,0.1708,1.1548,0.0217,5.3143,0.0328,0.1645,True,,3
20260627_024254,h=0.5,209265.0,209265.0,0.0,3.8171,3.7278,2.8245,10.19,60.0,"(32, 12)",40.0,16_4096_32,custom,gelu,0.7,0.2,0.1,cuda,Adam,"{'lr': 0.000334, 'betas': (0.9, 0.999), 'eps': 1e-08, 'weight_decay': 0, 'amsgrad': False, 'maximize': False, 'foreach': None, 'capturable': False, 'differentiable': False, 'fused': None, 'decoupled_weight_decay': False, 'initial_lr': 0.001}",MSELoss,True,-1.0174,-0.3854,-0.0205,3.8192,3.7299,2.7826,1.7039,1.638,1.3475,0.0571,3.8679,0.0793,0.6126,True,,3
20260627_024254,h=0.5,1146881.0,1146881.0,0.0,0.4006,0.0334,0.8503,10.09,60.0,"(32, 12)",40.0,2048_512_128,custom,gelu,0.7,0.2,0.1,cuda,Adam,"{'lr': 0.000334, 'betas': (0.9, 0.999), 'eps': 1e-08, 'weight_decay': 0, 'amsgrad': False, 'maximize': False, 'foreach': None, 'capturable': False, 'differentiable': False, 'fused': None, 'decoupled_weight_decay': False, 'initial_lr': 0.001}",MSELoss,True,0.7878,0.9876,0.6841,0.4016,0.0334,0.8613,0.5339,0.1137,0.8743,0.0186,5.388,0.0203,0.1775,True,,3
20260627_024254,h=0.5,166337.0,166337.0,0.0,0.3316,0.0947,0.7935,10.13,60.0,"(32, 12)",40.0,2048_64_64,custom,gelu,0.7,0.2,0.1,cuda,Adam,"{'lr': 0.000334, 'betas': (0.9, 0.999), 'eps': 1e-08, 'weight_decay': 0, 'amsgrad': False, 'maximize': False, 'foreach': None, 'capturable': False, 'differentiable': False, 'fused': None, 'decoupled_weight_decay': False, 'initial_lr': 0.001}",MSELoss,True,0.8241,0.9648,0.7083,0.333,0.0949,0.7954,0.4734,0.2008,0.8305,0.021,5.3121,0.023,0.2264,True,,3
20260627_024254,h=0.5,206081.0,206081.0,0.0,0.3367,0.0169,1.2273,10.23,60.0,"(32, 12)",40.0,512_256_256,custom,gelu,0.7,0.2,0.1,cuda,Adam,"{'lr': 0.000334, 'betas': (0.9, 0.999), 'eps': 1e-08, 'weight_decay': 0, 'amsgrad': False, 'maximize': False, 'foreach': None, 'capturable': False, 'differentiable': False, 'fused': None, 'decoupled_weight_decay': False, 'initial_lr': 0.001}",MSELoss,True,0.8234,0.9937,0.5568,0.3344,0.0169,1.2085,0.44,0.096,1.0366,0.0173,5.4112,0.0246,0.1025,True,,3
20260627_024254,h=0.5,4337.0,4337.0,0.0,0.491,0.0074,0.9007,10.13,60.0,"(32, 12)",40.0,128_16_16,custom,gelu,0.7,0.2,0.1,cuda,Adam,"{'lr': 0.00099, 'betas': (0.9, 0.999), 'eps': 1e-08, 'weight_decay': 0, 'amsgrad': False, 'maximize': False, 'foreach': None, 'capturable': False, 'differentiable': False, 'fused': None, 'decoupled_weight_decay': False, 'initial_lr': 0.001}",MSELoss,True,0.7402,0.9973,0.668,0.4918,0.0074,0.9052,0.6043,0.065,0.9236,0.0157,5.4555,0.0186,0.1047,True,,3
20260627_024254,h=0.5,193185.0,193185.0,0.0,10.3688,8.8708,5.4028,10.14,60.0,"(32, 12)",40.0,4096_32_16,custom,gelu,0.7,0.2,0.1,cuda,Adam,"{'lr': 0.000334, 'betas': (0.9, 0.999), 'eps': 1e-08, 'weight_decay': 0, 'amsgrad': False, 'maximize': False, 'foreach': None, 'capturable': False, 'differentiable': False, 'fused': None, 'decoupled_weight_decay': False, 'initial_lr': 0.001}",MSELoss,True,-4.4815,-2.2997,-0.9933,10.3771,8.8835,5.4353,2.9825,2.6802,2.0432,0.0567,3.9219,0.0789,0.6012,True,,3
20260627_024254,h=0.5,1425.0,1425.0,0.0,0.8586,0.0166,1.4765,10.1,60.0,"(32, 12)",40.0,16_32_16,custom,gelu,0.7,0.2,0.1,cuda,Adam,"{'lr': 0.00099, 'betas': (0.9, 0.999), 'eps': 1e-08, 'weight_decay': 0, 'amsgrad': False, 'maximize': False, 'foreach': None, 'capturable': False, 'differentiable': False, 'fused': None, 'decoupled_weight_decay': False, 'initial_lr': 0.001}",MSELoss,True,0.546,0.9938,0.4477,0.8596,0.0166,1.5061,0.7918,0.1,1.1949,0.0238,5.435,0.02,0.1859,True,,3
20260627_024254,h=0.5,82161.0,82161.0,0.0,1.4097,0.7298,4.3846,9.43,60.0,"(32, 12)",40.0,16_4096,custom,gelu,0.7,0.2,0.1,cuda,Adam,"{'lr': 0.000334, 'betas': (0.9, 0.999), 'eps': 1e-08, 'weight_decay': 0, 'amsgrad': False, 'maximize': False, 'foreach': None, 'capturable': False, 'differentiable': False, 'fused': None, 'decoupled_weight_decay': False, 'initial_lr': 0.001}",MSELoss,True,0.2448,0.7294,-0.6861,1.4297,0.7286,4.5974,0.8409,0.6492,1.6763,0.0457,5.1458,0.0711,0.4107,True,,2
20260627_024254,h=0.5,1825.0,1825.0,0.0,0.6204,0.0199,0.6667,10.08,60.0,"(32, 12)",40.0,16_16_64,custom,gelu,0.7,0.2,0.1,cuda,Adam,"{'lr': 0.00099, 'betas': (0.9, 0.999), 'eps': 1e-08, 'weight_decay': 0, 'amsgrad': False, 'maximize': False, 'foreach': None, 'capturable': False, 'differentiable': False, 'fused': None, 'decoupled_weight_decay': False, 'initial_lr': 0.001}",MSELoss,True,0.6749,0.9926,0.7522,0.6154,0.0199,0.6756,0.6847,0.1093,0.7645,0.0175,5.4328,0.0181,0.1435,True,,3
20260627_024254,h=0.5,272641.0,272641.0,0.0,0.2859,0.009,0.7389,10.19,60.0,"(32, 12)",40.0,512_256_512,custom,gelu,0.7,0.2,0.1,cuda,Adam,"{'lr': 0.000334, 'betas': (0.9, 0.999), 'eps': 1e-08, 'weight_decay': 0, 'amsgrad': False, 'maximize': False, 'foreach': None, 'capturable': False, 'differentiable': False, 'fused': None, 'decoupled_weight_decay': False, 'initial_lr': 0.001}",MSELoss,True,0.8488,0.9967,0.7301,0.2863,0.009,0.7359,0.4548,0.0725,0.81,0.0134,5.4292,0.021,0.0639,True,,3
20260627_024254,h=0.5,2641921.0,2641921.0,0.0,0.4112,0.0485,1.2322,10.84,60.0,"(32, 12)",40.0,512_4096_128,custom,gelu,0.7,0.2,0.1,cuda,Adam,"{'lr': 0.000334, 'betas': (0.9, 0.999), 'eps': 1e-08, 'weight_decay': 0, 'amsgrad': False, 'maximize': False, 'foreach': None, 'capturable': False, 'differentiable': False, 'fused': None, 'decoupled_weight_decay': False, 'initial_lr': 0.001}",MSELoss,True,0.7823,0.982,0.5497,0.4121,0.0486,1.2277,0.5631,0.1371,1.0401,0.0195,5.3598,0.0241,0.2068,True,,3
20260627_024254,h=0.5,8417.0,8417.0,0.0,0.7723,0.0053,2.1916,10.1,60.0,"(32, 12)",40.0,128_32_64,custom,gelu,0.7,0.2,0.1,cuda,Adam,"{'lr': 0.00099, 'betas': (0.9, 0.999), 'eps': 1e-08, 'weight_decay': 0, 'amsgrad': False, 'maximize': False, 'foreach': None, 'capturable': False, 'differentiable': False, 'fused': None, 'decoupled_weight_decay': False, 'initial_lr': 0.001}",MSELoss,True,0.596,0.998,0.1829,0.7647,0.0054,2.2279,0.6779,0.0566,1.4403,0.0224,5.4511,0.0264,0.1693,True,,3
20260627_024254,h=0.5,128305.0,128305.0,0.0,0.3672,0.0686,0.8752,10.08,60.0,"(32, 12)",40.0,4096_16_64,custom,gelu,0.7,0.2,0.1,cuda,Adam,"{'lr': 0.000334, 'betas': (0.9, 0.999), 'eps': 1e-08, 'weight_decay': 0, 'amsgrad': False, 'maximize': False, 'foreach': None, 'capturable': False, 'differentiable': False, 'fused': None, 'decoupled_weight_decay': False, 'initial_lr': 0.001}",MSELoss,True,0.8051,0.9748,0.6735,0.369,0.0678,0.8902,0.5089,0.1752,0.8789,0.0202,5.3401,0.0241,0.2088,True,,3
20260627_024254,h=0.5,1063297.0,1063297.0,0.0,0.3283,0.0441,1.1853,10.15,60.0,"(32, 12)",40.0,128_4096_128,custom,gelu,0.7,0.2,0.1,cuda,Adam,"{'lr': 0.000334, 'betas': (0.9, 0.999), 'eps': 1e-08, 'weight_decay': 0, 'amsgrad': False, 'maximize': False, 'foreach': None, 'capturable': False, 'differentiable': False, 'fused': None, 'decoupled_weight_decay': False, 'initial_lr': 0.001}",MSELoss,True,0.8266,0.9836,0.5625,0.3282,0.0443,1.1928,0.4495,0.148,1.0055,0.0193,5.3775,0.0261,0.1694,True,,3
20260627_024254,h=0.5,273009.0,273009.0,0.0,1.6192,0.405,4.0235,10.18,60.0,"(32, 12)",40.0,16_128_2048,custom,gelu,0.7,0.2,0.1,cuda,Adam,"{'lr': 0.000334, 'betas': (0.9, 0.999), 'eps': 1e-08, 'weight_decay': 0, 'amsgrad': False, 'maximize': False, 'foreach': None, 'capturable': False, 'differentiable': False, 'fused': None, 'decoupled_weight_decay': False, 'initial_lr': 0.001}",MSELoss,True,0.1383,0.8497,-0.4892,1.6313,0.4047,4.0606,0.9647,0.4955,1.6221,0.0475,5.2764,0.0714,0.3735,True,,3
20260627_024254,h=0.5,1324993.0,1324993.0,0.0,0.5195,0.0271,0.9133,10.22,60.0,"(32, 12)",40.0,64_4096_256,custom,gelu,0.7,0.2,0.1,cuda,Adam,"{'lr': 0.000334, 'betas': (0.9, 0.999), 'eps': 1e-08, 'weight_decay': 0, 'amsgrad': False, 'maximize': False, 'foreach': None, 'capturable': False, 'differentiable': False, 'fused': None, 'decoupled_weight_decay': False, 'initial_lr': 0.001}",MSELoss,True,0.7242,0.9899,0.6655,0.522,0.0271,0.9122,0.598,0.1217,0.8689,0.0203,5.4103,0.0218,0.1556,True,,3
20260627_024254,h=0.5,201089.0,201089.0,0.0,0.3047,0.0492,1.4523,10.47,60.0,"(32, 12)",40.0,128_512_256,custom,gelu,0.7,0.2,0.1,cuda,Adam,"{'lr': 0.000334, 'betas': (0.9, 0.999), 'eps': 1e-08, 'weight_decay': 0, 'amsgrad': False, 'maximize': False, 'foreach': None, 'capturable': False, 'differentiable': False, 'fused': None, 'decoupled_weight_decay': False, 'initial_lr': 0.001}",MSELoss,True,0.8426,0.9818,0.4812,0.298,0.049,1.4145,0.4334,0.1665,1.067,0.0182,5.3453,0.0309,0.1311,True,,3
20260627_024254,h=0.5,6337.0,6337.0,0.0,0.6678,0.0066,1.4615,10.22,60.0,"(32, 12)",40.0,64_64_16,custom,gelu,0.7,0.2,0.1,cuda,Adam,"{'lr': 0.00099, 'betas': (0.9, 0.999), 'eps': 1e-08, 'weight_decay': 0, 'amsgrad': False, 'maximize': False, 'foreach': None, 'capturable': False, 'differentiable': False, 'fused': None, 'decoupled_weight_decay': False, 'initial_lr': 0.001}",MSELoss,True,0.6481,0.9976,0.4645,0.6663,0.0066,1.4602,0.6853,0.0611,1.1813,0.021,5.449,0.0206,0.1422,True,,3
20260627_024254,h=0.5,2637697.0,2637697.0,0.0,0.3892,0.013,0.7455,10.71,60.0,"(32, 12)",40.0,128_4096_512,custom,gelu,0.7,0.2,0.1,cuda,Adam,"{'lr': 0.000334, 'betas': (0.9, 0.999), 'eps': 1e-08, 'weight_decay': 0, 'amsgrad': False, 'maximize': False, 'foreach': None, 'capturable': False, 'differentiable': False, 'fused': None, 'decoupled_weight_decay': False, 'initial_lr': 0.001}",MSELoss,True,0.7957,0.9952,0.7225,0.3867,0.013,0.7567,0.5256,0.0891,0.8321,0.0154,5.436,0.0168,0.0867,True,,3
20260627_024254,h=0.5,172801.0,172801.0,0.0,0.3894,0.0669,1.7706,10.23,60.0,"(32, 12)",40.0,512_256_128,custom,gelu,0.7,0.2,0.1,cuda,Adam,"{'lr': 0.000334, 'betas': (0.9, 0.999), 'eps': 1e-08, 'weight_decay': 0, 'amsgrad': False, 'maximize': False, 'foreach': None, 'capturable': False, 'differentiable': False, 'fused': None, 'decoupled_weight_decay': False, 'initial_lr': 0.001}",MSELoss,True,0.7921,0.9751,0.3682,0.3935,0.0669,1.7226,0.4826,0.1926,1.1842,0.0219,5.3424,0.0319,0.2032,True,,3
20260627_024254,h=0.5,4216321.0,4216321.0,0.0,0.3272,0.0089,0.7716,12.4,60.0,"(32, 12)",40.0,512_4096_512,custom,gelu,0.7,0.2,0.1,cuda,Adam,"{'lr': 0.000334, 'betas': (0.9, 0.999), 'eps': 1e-08, 'weight_decay': 0, 'amsgrad': False, 'maximize': False, 'foreach': None, 'capturable': False, 'differentiable': False, 'fused': None, 'decoupled_weight_decay': False, 'initial_lr': 0.001}",MSELoss,True,0.8272,0.9967,0.7139,0.3271,0.0089,0.78,0.4721,0.0719,0.8513,0.0143,5.4533,0.0159,0.0802,True,,3
20260627_024254,h=0.5,12161.0,12161.0,0.0,0.4331,0.0036,1.0624,9.45,60.0,"(32, 12)",40.0,256_32,custom,gelu,0.7,0.2,0.1,cuda,Adam,"{'lr': 0.00099, 'betas': (0.9, 0.999), 'eps': 1e-08, 'weight_decay': 0, 'amsgrad': False, 'maximize': False, 'foreach': None, 'capturable': False, 'differentiable': False, 'fused': None, 'decoupled_weight_decay': False, 'initial_lr': 0.001}",MSELoss,True,0.7725,0.9987,0.6021,0.4306,0.0036,1.085,0.4943,0.0466,1.0033,0.0184,5.4555,0.0205,0.0959,True,,2
20260627_024254,h=0.5,169473.0,169473.0,0.0,0.7236,0.3628,2.3237,10.16,60.0,"(32, 12)",40.0,256_512_64,custom,gelu,0.7,0.2,0.1,cuda,Adam,"{'lr': 0.000334, 'betas': (0.9, 0.999), 'eps': 1e-08, 'weight_decay': 0, 'amsgrad': False, 'maximize': False, 'foreach': None, 'capturable': False, 'differentiable': False, 'fused': None, 'decoupled_weight_decay': False, 'initial_lr': 0.001}",MSELoss,True,0.6262,0.8651,0.1383,0.7076,0.3633,2.3496,0.6338,0.4376,1.2219,0.0347,5.0705,0.0534,0.3583,True,,3
20260627_024254,h=0.5,1212929.0,1212929.0,0.0,0.4859,0.0068,1.1848,10.21,60.0,"(32, 12)",40.0,2048_512_256,custom,gelu,0.7,0.2,0.1,cuda,Adam,"{'lr': 0.000334, 'betas': (0.9, 0.999), 'eps': 1e-08, 'weight_decay': 0, 'amsgrad': False, 'maximize': False, 'foreach': None, 'capturable': False, 'differentiable': False, 'fused': None, 'decoupled_weight_decay': False, 'initial_lr': 0.001}",MSELoss,True,0.744,0.9975,0.5599,0.4846,0.0068,1.2,0.6005,0.0598,1.07,0.0155,5.4469,0.0194,0.1228,True,,3
20260627_024254,h=0.5,281249.0,281249.0,0.0,0.7942,0.1816,1.632,10.16,60.0,"(32, 12)",40.0,32_64_4096,custom,gelu,0.7,0.2,0.1,cuda,Adam,"{'lr': 0.000334, 'betas': (0.9, 0.999), 'eps': 1e-08, 'weight_decay': 0, 'amsgrad': False, 'maximize': False, 'foreach': None, 'capturable': False, 'differentiable': False, 'fused': None, 'decoupled_weight_decay': False, 'initial_lr': 0.001}",MSELoss,True,0.5766,0.9325,0.4062,0.8015,0.1817,1.6191,0.7118,0.3279,1.0504,0.0346,5.3261,0.0438,0.2346,True,,3
20260627_024254,h=0.5,33377.0,33377.0,0.0,0.4109,0.0362,1.1338,10.23,60.0,"(32, 12)",40.0,512_32_256,custom,gelu,0.7,0.2,0.1,cuda,Adam,"{'lr': 0.000334, 'betas': (0.9, 0.999), 'eps': 1e-08, 'weight_decay': 0, 'amsgrad': False, 'maximize': False, 'foreach': None, 'capturable': False, 'differentiable': False, 'fused': None, 'decoupled_weight_decay': False, 'initial_lr': 0.001}",MSELoss,True,0.7837,0.9865,0.6013,0.4096,0.0363,1.087,0.5389,0.143,0.9442,0.0174,5.3789,0.0277,0.1228,True,,3
20260627_024254,h=0.5,40065.0,40065.0,0.0,0.6866,0.2512,1.9345,10.17,60.0,"(32, 12)",40.0,64_64_512,custom,gelu,0.7,0.2,0.1,cuda,Adam,"{'lr': 0.000334, 'betas': (0.9, 0.999), 'eps': 1e-08, 'weight_decay': 0, 'amsgrad': False, 'maximize': False, 'foreach': None, 'capturable': False, 'differentiable': False, 'fused': None, 'decoupled_weight_decay': False, 'initial_lr': 0.001}",MSELoss,True,0.6358,0.9066,0.2677,0.6896,0.2514,1.9968,0.6267,0.3807,1.1725,0.0324,5.2315,0.0452,0.2224,True,,3
20260627_024254,h=0.5,400833.0,400833.0,0.0,0.4817,0.0666,1.461,10.23,60.0,"(32, 12)",40.0,64_2048_128,custom,gelu,0.7,0.2,0.1,cuda,Adam,"{'lr': 0.000334, 'betas': (0.9, 0.999), 'eps': 1e-08, 'weight_decay': 0, 'amsgrad': False, 'maximize': False, 'foreach': None, 'capturable': False, 'differentiable': False, 'fused': None, 'decoupled_weight_decay': False, 'initial_lr': 0.001}",MSELoss,True,0.7456,0.9753,0.4647,0.4816,0.0666,1.4596,0.5553,0.1923,1.0677,0.0232,5.3301,0.0343,0.1794,True,,3
20260627_024254,h=0.5,5809.0,5809.0,0.0,0.4128,0.0082,0.6374,10.26,60.0,"(32, 12)",40.0,16_64_64,custom,gelu,0.7,0.2,0.1,cuda,Adam,"{'lr': 0.00099, 'betas': (0.9, 0.999), 'eps': 1e-08, 'weight_decay': 0, 'amsgrad': False, 'maximize': False, 'foreach': None, 'capturable': False, 'differentiable': False, 'fused': None, 'decoupled_weight_decay': False, 'initial_lr': 0.001}",MSELoss,True,0.782,0.9969,0.7596,0.4127,0.0082,0.6555,0.5385,0.0704,0.7379,0.0155,5.448,0.0156,0.1096,True,,3
20260627_024254,h=0.5,203489.0,203489.0,0.0,1.4428,0.7592,2.3021,10.17,60.0,"(32, 12)",40.0,32_2048_64,custom,gelu,0.7,0.2,0.1,cuda,Adam,"{'lr': 0.000334, 'betas': (0.9, 0.999), 'eps': 1e-08, 'weight_decay': 0, 'amsgrad': False, 'maximize': False, 'foreach': None, 'capturable': False, 'differentiable': False, 'fused': None, 'decoupled_weight_decay': False, 'initial_lr': 0.001}",MSELoss,True,0.2362,0.7185,0.118,1.4459,0.7579,2.405,0.9912,0.6844,1.228,0.0466,4.9321,0.0654,0.439,True,,3
20260627_024254,h=0.5,328129.0,328129.0,0.0,0.4614,0.12,1.054,10.11,60.0,"(32, 12)",40.0,4096_64_64,custom,gelu,0.7,0.2,0.1,cuda,Adam,"{'lr': 0.000334, 'betas': (0.9, 0.999), 'eps': 1e-08, 'weight_decay': 0, 'amsgrad': False, 'maximize': False, 'foreach': None, 'capturable': False, 'differentiable': False, 'fused': None, 'decoupled_weight_decay': False, 'initial_lr': 0.001}",MSELoss,True,0.7555,0.9553,0.6135,0.463,0.1202,1.0539,0.576,0.235,0.9304,0.0244,5.2805,0.0295,0.255,True,,3
20260627_024254,h=0.5,1587713.0,1587713.0,0.0,0.3557,0.02,0.9488,10.22,60.0,"(32, 12)",40.0,512_2048_256,custom,gelu,0.7,0.2,0.1,cuda,Adam,"{'lr': 0.000334, 'betas': (0.9, 0.999), 'eps': 1e-08, 'weight_decay': 0, 'amsgrad': False, 'maximize': False, 'foreach': None, 'capturable': False, 'differentiable': False, 'fused': None, 'decoupled_weight_decay': False, 'initial_lr': 0.001}",MSELoss,True,0.8103,0.9926,0.6547,0.359,0.02,0.9416,0.4955,0.0967,0.938,0.0162,5.4085,0.0185,0.1374,True,,3
20260627_024254,h=0.5,795521.0,795521.0,0.0,0.4187,0.0252,1.2976,10.2,60.0,"(32, 12)",40.0,128_2048_256,custom,gelu,0.7,0.2,0.1,cuda,Adam,"{'lr': 0.000334, 'betas': (0.9, 0.999), 'eps': 1e-08, 'weight_decay': 0, 'amsgrad': False, 'maximize': False, 'foreach': None, 'capturable': False, 'differentiable': False, 'fused': None, 'decoupled_weight_decay': False, 'initial_lr': 0.001}",MSELoss,True,0.7789,0.9906,0.5255,0.4186,0.0253,1.2939,0.5015,0.1136,1.0614,0.0205,5.4032,0.0259,0.1448,True,,3
20260627_024254,h=0.5,41217.0,41217.0,0.0,0.5501,0.0036,1.1904,10.16,60.0,"(32, 12)",40.0,256_128_32,custom,gelu,0.7,0.2,0.1,cuda,Adam,"{'lr': 0.00099, 'betas': (0.9, 0.999), 'eps': 1e-08, 'weight_decay': 0, 'amsgrad': False, 'maximize': False, 'foreach': None, 'capturable': False, 'differentiable': False, 'fused': None, 'decoupled_weight_decay': False, 'initial_lr': 0.001}",MSELoss,True,0.7082,0.9987,0.5636,0.5523,0.0036,1.1899,0.6203,0.0468,1.0696,0.0186,5.4514,0.0188,0.1102,True,,3
20260627_024254,h=0.5,11281.0,11281.0,0.0,1.1609,0.6281,3.7951,10.12,60.0,"(32, 12)",40.0,32_16_512,custom,gelu,0.7,0.2,0.1,cuda,Adam,"{'lr': 0.000334, 'betas': (0.9, 0.999), 'eps': 1e-08, 'weight_decay': 0, 'amsgrad': False, 'maximize': False, 'foreach': None, 'capturable': False, 'differentiable': False, 'fused': None, 'decoupled_weight_decay': False, 'initial_lr': 0.001}",MSELoss,True,0.3848,0.767,-0.3499,1.1647,0.6272,3.6807,0.8085,0.606,1.4888,0.0436,5.1157,0.0654,0.3721,True,,3
20260627_024254,h=0.5,53889.0,53889.0,0.0,0.5688,0.0056,1.4662,10.21,60.0,"(32, 12)",40.0,256_128_128,custom,gelu,0.7,0.2,0.1,cuda,Adam,"{'lr': 0.00099, 'betas': (0.9, 0.999), 'eps': 1e-08, 'weight_decay': 0, 'amsgrad': False, 'maximize': False, 'foreach': None, 'capturable': False, 'differentiable': False, 'fused': None, 'decoupled_weight_decay': False, 'initial_lr': 0.001}",MSELoss,True,0.6997,0.9979,0.4622,0.5685,0.0056,1.4663,0.6092,0.0591,1.1918,0.0186,5.4546,0.0187,0.1309,True,,3
20260627_024254,h=0.5,96929.0,96929.0,0.0,8.779,7.3254,4.4512,10.14,60.0,"(32, 12)",40.0,2048_32_16,custom,gelu,0.7,0.2,0.1,cuda,Adam,"{'lr': 0.000334, 'betas': (0.9, 0.999), 'eps': 1e-08, 'weight_decay': 0, 'amsgrad': False, 'maximize': False, 'foreach': None, 'capturable': False, 'differentiable': False, 'fused': None, 'decoupled_weight_decay': False, 'initial_lr': 0.001}",MSELoss,True,-3.6523,-1.7205,-0.6391,8.8072,7.3241,4.4695,2.7199,2.3773,1.8074,0.0563,4.2834,0.079,0.5984,True,,3
20260627_024254,h=0.5,1188801.0,1188801.0,0.0,0.1354,0.0129,0.1959,10.18,60.0,"(32, 12)",40.0,64_2048_512,custom,gelu,0.7,0.2,0.1,cuda,Adam,"{'lr': 0.000334, 'betas': (0.9, 0.999), 'eps': 1e-08, 'weight_decay': 0, 'amsgrad': False, 'maximize': False, 'foreach': None, 'capturable': False, 'differentiable': False, 'fused': None, 'decoupled_weight_decay': False, 'initial_lr': 0.001}",MSELoss,True,0.9277,0.9952,0.9315,0.1369,0.0129,0.1867,0.2867,0.0888,0.3404,0.0117,5.4348,0.0155,0.0451,True,,3
20260627_024254,h=0.5,13953.0,13953.0,0.0,0.3049,0.0065,0.9062,10.1,60.0,"(32, 12)",40.0,64_64_128,custom,gelu,0.7,0.2,0.1,cuda,Adam,"{'lr': 0.00099, 'betas': (0.9, 0.999), 'eps': 1e-08, 'weight_decay': 0, 'amsgrad': False, 'maximize': False, 'foreach': None, 'capturable': False, 'differentiable': False, 'fused': None, 'decoupled_weight_decay': False, 'initial_lr': 0.001}",MSELoss,True,0.8397,0.9976,0.6649,0.3035,0.0065,0.9136,0.4512,0.0621,0.9145,0.0139,5.4528,0.0207,0.0656,True,,3
20260627_024254,h=0.5,132145.0,132145.0,0.0,0.5859,0.0164,1.4447,10.16,60.0,"(32, 12)",40.0,4096_16_256,custom,gelu,0.7,0.2,0.1,cuda,Adam,"{'lr': 0.000334, 'betas': (0.9, 0.999), 'eps': 1e-08, 'weight_decay': 0, 'amsgrad': False, 'maximize': False, 'foreach': None, 'capturable': False, 'differentiable': False, 'fused': None, 'decoupled_weight_decay': False, 'initial_lr': 0.001}",MSELoss,True,0.6923,0.9939,0.4691,0.5824,0.0164,1.4477,0.6479,0.0925,1.1695,0.0184,5.4046,0.0208,0.1577,True,,3
20260627_024254,h=0.5,26465.0,26465.0,0.0,0.6071,0.1937,1.8524,10.17,60.0,"(32, 12)",40.0,512_32_64,custom,gelu,0.7,0.2,0.1,cuda,Adam,"{'lr': 0.000334, 'betas': (0.9, 0.999), 'eps': 1e-08, 'weight_decay': 0, 'amsgrad': False, 'maximize': False, 'foreach': None, 'capturable': False, 'differentiable': False, 'fused': None, 'decoupled_weight_decay': False, 'initial_lr': 0.001}",MSELoss,True,0.6773,0.9281,0.3152,0.6109,0.1937,1.8672,0.6057,0.3129,1.1628,0.03,5.1553,0.0428,0.2769,True,,3
20260627_024254,h=0.5,2353.0,2353.0,0.0,0.2991,0.0074,0.5614,10.13,60.0,"(32, 12)",40.0,64_16_16,custom,gelu,0.7,0.2,0.1,cuda,Adam,"{'lr': 0.00099, 'betas': (0.9, 0.999), 'eps': 1e-08, 'weight_decay': 0, 'amsgrad': False, 'maximize': False, 'foreach': None, 'capturable': False, 'differentiable': False, 'fused': None, 'decoupled_weight_decay': False, 'initial_lr': 0.001}",MSELoss,True,0.8427,0.9973,0.7918,0.2978,0.0074,0.5678,0.4726,0.0648,0.7225,0.0126,5.4427,0.0164,0.076,True,,3
20260627_024254,h=0.5,3601.0,3601.0,0.0,0.6394,0.0125,0.7857,10.08,60.0,"(32, 12)",40.0,32_16_128,custom,gelu,0.7,0.2,0.1,cuda,Adam,"{'lr': 0.00099, 'betas': (0.9, 0.999), 'eps': 1e-08, 'weight_decay': 0, 'amsgrad': False, 'maximize': False, 'foreach': None, 'capturable': False, 'differentiable': False, 'fused': None, 'decoupled_weight_decay': False, 'initial_lr': 0.001}",MSELoss,True,0.6613,0.9954,0.7112,0.6413,0.0125,0.7874,0.711,0.0865,0.8529,0.0156,5.4403,0.0152,0.1365,True,,3
20260627_024254,h=0.5,104577.0,104577.0,0.0,0.2988,0.0311,1.0682,10.14,60.0,"(32, 12)",40.0,256_128_512,custom,gelu,0.7,0.2,0.1,cuda,Adam,"{'lr': 0.000334, 'betas': (0.9, 0.999), 'eps': 1e-08, 'weight_decay': 0, 'amsgrad': False, 'maximize': False, 'foreach': None, 'capturable': False, 'differentiable': False, 'fused': None, 'decoupled_weight_decay': False, 'initial_lr': 0.001}",MSELoss,True,0.8423,0.9884,0.5987,0.2985,0.0311,1.0944,0.4331,0.1352,0.9308,0.0183,5.393,0.0289,0.0809,True,,3
20260627_024254,h=0.5,8435713.0,8435713.0,0.0,0.4576,0.0043,1.2277,17.21,60.0,"(32, 12)",40.0,2048_4096,custom,gelu,0.7,0.2,0.1,cuda,Adam,"{'lr': 0.000334, 'betas': (0.9, 0.999), 'eps': 1e-08, 'weight_decay': 0, 'amsgrad': False, 'maximize': False, 'foreach': None, 'capturable': False, 'differentiable': False, 'fused': None, 'decoupled_weight_decay': False, 'initial_lr': 0.001}",MSELoss,True,0.7563,0.9984,0.5374,0.4614,0.0043,1.2614,0.5569,0.0513,1.0909,0.0159,5.4446,0.0199,0.1062,True,,2
20260627_024254,h=0.5,70785.0,70785.0,0.0,0.3956,0.0028,0.9349,10.19,60.0,"(32, 12)",40.0,256_128_256,custom,gelu,0.7,0.2,0.1,cuda,Adam,"{'lr': 0.00099, 'betas': (0.9, 0.999), 'eps': 1e-08, 'weight_decay': 0, 'amsgrad': False, 'maximize': False, 'foreach': None, 'capturable': False, 'differentiable': False, 'fused': None, 'decoupled_weight_decay': False, 'initial_lr': 0.001}",MSELoss,True,0.7899,0.999,0.6575,0.3977,0.0028,0.9339,0.4854,0.0412,0.9339,0.0171,5.4539,0.0179,0.0861,True,,3
20260627_024254,h=0.5,5409.0,5409.0,0.0,0.8613,0.0068,1.7091,10.04,60.0,"(32, 12)",40.0,64_32_64,custom,gelu,0.7,0.2,0.1,cuda,Adam,"{'lr': 0.00099, 'betas': (0.9, 0.999), 'eps': 1e-08, 'weight_decay': 0, 'amsgrad': False, 'maximize': False, 'foreach': None, 'capturable': False, 'differentiable': False, 'fused': None, 'decoupled_weight_decay': False, 'initial_lr': 0.001}",MSELoss,True,0.5453,0.9975,0.3685,0.8607,0.0068,1.7219,0.7928,0.0623,1.288,0.0201,5.4512,0.018,0.2041,True,,3
20260627_024254,h=0.5,150561.0,150561.0,0.0,0.4851,0.1038,1.3346,10.11,60.0,"(32, 12)",40.0,64_32_4096,custom,gelu,0.7,0.2,0.1,cuda,Adam,"{'lr': 0.000334, 'betas': (0.9, 0.999), 'eps': 1e-08, 'weight_decay': 0, 'amsgrad': False, 'maximize': False, 'foreach': None, 'capturable': False, 'differentiable': False, 'fused': None, 'decoupled_weight_decay': False, 'initial_lr': 0.001}",MSELoss,True,0.7446,0.9615,0.5322,0.4835,0.1038,1.2755,0.5591,0.2571,0.9403,0.0268,5.3734,0.0357,0.1375,True,,3
20260627_024254,h=0.5,1325057.0,1325057.0,0.0,0.3799,0.0687,1.3906,10.19,60.0,"(32, 12)",40.0,512_2048_128,custom,gelu,0.7,0.2,0.1,cuda,Adam,"{'lr': 0.000334, 'betas': (0.9, 0.999), 'eps': 1e-08, 'weight_decay': 0, 'amsgrad': False, 'maximize': False, 'foreach': None, 'capturable': False, 'differentiable': False, 'fused': None, 'decoupled_weight_decay': False, 'initial_lr': 0.001}",MSELoss,True,0.7998,0.9744,0.4973,0.3789,0.0688,1.3707,0.5171,0.1734,1.0818,0.0207,5.3396,0.0287,0.2144,True,,3
20260627_024254,h=0.5,532865.0,532865.0,0.0,0.4155,0.1266,1.3969,10.13,60.0,"(32, 12)",40.0,128_2048_128,custom,gelu,0.7,0.2,0.1,cuda,Adam,"{'lr': 0.000334, 'betas': (0.9, 0.999), 'eps': 1e-08, 'weight_decay': 0, 'amsgrad': False, 'maximize': False, 'foreach': None, 'capturable': False, 'differentiable': False, 'fused': None, 'decoupled_weight_decay': False, 'initial_lr': 0.001}",MSELoss,True,0.7844,0.9529,0.4883,0.4081,0.1268,1.3952,0.5014,0.2561,1.0384,0.0244,5.2789,0.0342,0.2445,True,,3
20260627_024254,h=0.5,41505.0,41505.0,0.0,1.6371,0.8331,5.3797,10.1,60.0,"(32, 12)",40.0,16_16_2048,custom,gelu,0.7,0.2,0.1,cuda,Adam,"{'lr': 0.000334, 'betas': (0.9, 0.999), 'eps': 1e-08, 'weight_decay': 0, 'amsgrad': False, 'maximize': False, 'foreach': None, 'capturable': False, 'differentiable': False, 'fused': None, 'decoupled_weight_decay': False, 'initial_lr': 0.001}",MSELoss,True,0.1189,0.6904,-0.9292,1.668,0.8336,5.2604,0.9433,0.6835,1.7716,0.0513,5.1007,0.0758,0.4783,True,,3
20260627_024254,h=0.5,663489.0,663489.0,0.0,0.3201,0.0209,0.6258,10.16,60.0,"(32, 12)",40.0,64_2048_256,custom,gelu,0.7,0.2,0.1,cuda,Adam,"{'lr': 0.000334, 'betas': (0.9, 0.999), 'eps': 1e-08, 'weight_decay': 0, 'amsgrad': False, 'maximize': False, 'foreach': None, 'capturable': False, 'differentiable': False, 'fused': None, 'decoupled_weight_decay': False, 'initial_lr': 0.001}",MSELoss,True,0.8287,0.9922,0.7701,0.3243,0.0209,0.6269,0.4961,0.1115,0.7288,0.0133,5.4247,0.0174,0.0935,True,,3
20260627_024254,h=0.5,137265.0,137265.0,0.0,0.4174,0.0162,0.7355,10.22,60.0,"(32, 12)",40.0,4096_16_512,custom,gelu,0.7,0.2,0.1,cuda,Adam,"{'lr': 0.000334, 'betas': (0.9, 0.999), 'eps': 1e-08, 'weight_decay': 0, 'amsgrad': False, 'maximize': False, 'foreach': None, 'capturable': False, 'differentiable': False, 'fused': None, 'decoupled_weight_decay': False, 'initial_lr': 0.001}",MSELoss,True,0.779,0.994,0.7267,0.4183,0.0162,0.7452,0.5557,0.0968,0.8333,0.015,5.4199,0.018,0.1112,True,,3
20260627_024254,h=0.5,16241.0,16241.0,0.0,7.0165,6.0689,3.5466,10.17,60.0,"(32, 12)",40.0,512_16_16,custom,gelu,0.7,0.2,0.1,cuda,Adam,"{'lr': 0.000334, 'betas': (0.9, 0.999), 'eps': 1e-08, 'weight_decay': 0, 'amsgrad': False, 'maximize': False, 'foreach': None, 'capturable': False, 'differentiable': False, 'fused': None, 'decoupled_weight_decay': False, 'initial_lr': 0.001}",MSELoss,True,-2.6892,-1.2579,-0.3455,6.9839,6.0789,3.6688,2.3838,2.1781,1.6313,0.057,3.8733,0.0787,0.613,True,,3
20260627_024254,h=0.5,11393.0,11393.0,0.0,0.8395,0.0056,1.9723,10.08,60.0,"(32, 12)",40.0,128_64_16,custom,gelu,0.7,0.2,0.1,cuda,Adam,"{'lr': 0.00099, 'betas': (0.9, 0.999), 'eps': 1e-08, 'weight_decay': 0, 'amsgrad': False, 'maximize': False, 'foreach': None, 'capturable': False, 'differentiable': False, 'fused': None, 'decoupled_weight_decay': False, 'initial_lr': 0.001}",MSELoss,True,0.5599,0.9979,0.2767,0.8332,0.0056,1.9722,0.7473,0.0573,1.3671,0.0218,5.4458,0.0242,0.1705,True,,3
20260627_024254,h=0.5,78465.0,78465.0,0.0,0.5734,0.0039,1.4183,10.11,60.0,"(32, 12)",40.0,256_256_32,custom,gelu,0.7,0.2,0.1,cuda,Adam,"{'lr': 0.00099, 'betas': (0.9, 0.999), 'eps': 1e-08, 'weight_decay': 0, 'amsgrad': False, 'maximize': False, 'foreach': None, 'capturable': False, 'differentiable': False, 'fused': None, 'decoupled_weight_decay': False, 'initial_lr': 0.001}",MSELoss,True,0.6975,0.9986,0.4767,0.5726,0.0039,1.427,0.5442,0.0471,1.1382,0.0224,5.4533,0.0244,0.1047,True,,3
20260627_024254,h=0.5,6161.0,6161.0,0.0,0.356,0.0091,0.5669,10.16,60.0,"(32, 12)",40.0,32_16_256,custom,gelu,0.7,0.2,0.1,cuda,Adam,"{'lr': 0.00099, 'betas': (0.9, 0.999), 'eps': 1e-08, 'weight_decay': 0, 'amsgrad': False, 'maximize': False, 'foreach': None, 'capturable': False, 'differentiable': False, 'fused': None, 'decoupled_weight_decay': False, 'initial_lr': 0.001}",MSELoss,True,0.8123,0.9966,0.7933,0.3553,0.0091,0.5637,0.522,0.0746,0.7063,0.0148,5.4505,0.0167,0.073,True,,3
20260627_024254,h=0.5,1320833.0,1320833.0,0.0,0.2687,0.0101,0.8181,10.18,60.0,"(32, 12)",40.0,128_2048_512,custom,gelu,0.7,0.2,0.1,cuda,Adam,"{'lr': 0.000334, 'betas': (0.9, 0.999), 'eps': 1e-08, 'weight_decay': 0, 'amsgrad': False, 'maximize': False, 'foreach': None, 'capturable': False, 'differentiable': False, 'fused': None, 'decoupled_weight_decay': False, 'initial_lr': 0.001}",MSELoss,True,0.8575,0.9962,0.701,0.2698,0.0101,0.8152,0.4124,0.0778,0.8461,0.0177,5.4402,0.02,0.0676,True,,3
20260627_024254,h=0.5,2113025.0,2113025.0,0.0,0.1952,0.0155,0.6215,10.12,60.0,"(32, 12)",40.0,512_2048_512,custom,gelu,0.7,0.2,0.1,cuda,Adam,"{'lr': 0.000334, 'betas': (0.9, 0.999), 'eps': 1e-08, 'weight_decay': 0, 'amsgrad': False, 'maximize': False, 'foreach': None, 'capturable': False, 'differentiable': False, 'fused': None, 'decoupled_weight_decay': False, 'initial_lr': 0.001}",MSELoss,True,0.8973,0.9942,0.7677,0.1944,0.0155,0.6333,0.3737,0.0942,0.7683,0.0136,5.4507,0.0146,0.0647,True,,3
20260627_024254,h=0.5,64817.0,64817.0,0.0,0.4285,0.0946,1.4707,10.16,60.0,"(32, 12)",40.0,2048_16_64,custom,gelu,0.7,0.2,0.1,cuda,Adam,"{'lr': 0.000334, 'betas': (0.9, 0.999), 'eps': 1e-08, 'weight_decay': 0, 'amsgrad': False, 'maximize': False, 'foreach': None, 'capturable': False, 'differentiable': False, 'fused': None, 'decoupled_weight_decay': False, 'initial_lr': 0.001}",MSELoss,True,0.7735,0.9648,0.4692,0.4288,0.0949,1.4474,0.5458,0.2177,1.0815,0.0232,5.3225,0.0328,0.2304,True,,3
20260627_024254,h=0.5,129585.0,129585.0,0.0,0.3232,0.0213,0.7433,10.07,60.0,"(32, 12)",40.0,4096_16_128,custom,gelu,0.7,0.2,0.1,cuda,Adam,"{'lr': 0.000334, 'betas': (0.9, 0.999), 'eps': 1e-08, 'weight_decay': 0, 'amsgrad': False, 'maximize': False, 'foreach': None, 'capturable': False, 'differentiable': False, 'fused': None, 'decoupled_weight_decay': False, 'initial_lr': 0.001}",MSELoss,True,0.8282,0.9921,0.7263,0.3253,0.0213,0.7462,0.4853,0.1021,0.8198,0.0147,5.3976,0.021,0.1223,True,,3
20260627_024254,h=0.5,22657.0,22657.0,0.0,0.6753,0.0071,1.6273,10.25,60.0,"(32, 12)",40.0,64_64_256,custom,gelu,0.7,0.2,0.1,cuda,Adam,"{'lr': 0.00099, 'betas': (0.9, 0.999), 'eps': 1e-08, 'weight_decay': 0, 'amsgrad': False, 'maximize': False, 'foreach': None, 'capturable': False, 'differentiable': False, 'fused': None, 'decoupled_weight_decay': False, 'initial_lr': 0.001}",MSELoss,True,0.6415,0.9974,0.4157,0.6787,0.0071,1.5933,0.638,0.0629,1.2265,0.0213,5.4536,0.0216,0.1464,True,,3
20260627_024254,h=0.5,2121217.0,2121217.0,0.0,0.3899,0.0049,1.1139,9.68,60.0,"(32, 12)",40.0,512_4096,custom,gelu,0.7,0.2,0.1,cuda,Adam,"{'lr': 0.000334, 'betas': (0.9, 0.999), 'eps': 1e-08, 'weight_decay': 0, 'amsgrad': False, 'maximize': False, 'foreach': None, 'capturable': False, 'differentiable': False, 'fused': None, 'decoupled_weight_decay': False, 'initial_lr': 0.001}",MSELoss,True,0.7929,0.9982,0.5963,0.3921,0.005,1.1007,0.5107,0.0552,1.0052,0.0155,5.4496,0.0206,0.0741,True,,2
20260627_024254,h=0.5,40705.0,40705.0,0.0,0.8144,0.4296,2.4473,9.53,60.0,"(32, 12)",40.0,512_64,custom,gelu,0.7,0.2,0.1,cuda,Adam,"{'lr': 0.000334, 'betas': (0.9, 0.999), 'eps': 1e-08, 'weight_decay': 0, 'amsgrad': False, 'maximize': False, 'foreach': None, 'capturable': False, 'differentiable': False, 'fused': None, 'decoupled_weight_decay': False, 'initial_lr': 0.001}",MSELoss,True,0.5682,0.8407,0.115,0.8174,0.4288,2.4132,0.6849,0.4825,1.1987,0.0374,5.1656,0.0581,0.3532,True,,2
20260627_024254,h=0.5,20129.0,20129.0,0.0,0.2959,0.0068,0.742,10.22,60.0,"(32, 12)",40.0,32_64_256,custom,gelu,0.7,0.2,0.1,cuda,Adam,"{'lr': 0.00099, 'betas': (0.9, 0.999), 'eps': 1e-08, 'weight_decay': 0, 'amsgrad': False, 'maximize': False, 'foreach': None, 'capturable': False, 'differentiable': False, 'fused': None, 'decoupled_weight_decay': False, 'initial_lr': 0.001}",MSELoss,True,0.845,0.9975,0.7299,0.2935,0.0068,0.7366,0.4612,0.0641,0.8354,0.0132,5.4482,0.0165,0.054,True,,3
20260627_024254,h=0.5,295361.0,295361.0,0.0,9.322,7.7447,4.5869,10.18,60.0,"(32, 12)",40.0,2048_128_16,custom,gelu,0.7,0.2,0.1,cuda,Adam,"{'lr': 0.000334, 'betas': (0.9, 0.999), 'eps': 1e-08, 'weight_decay': 0, 'amsgrad': False, 'maximize': False, 'foreach': None, 'capturable': False, 'differentiable': False, 'fused': None, 'decoupled_weight_decay': False, 'initial_lr': 0.001}",MSELoss,True,-3.8919,-1.8783,-0.711,9.2609,7.7491,4.6654,2.7995,2.4662,1.8549,0.0558,4.2906,0.079,0.6001,True,,3
20260627_024254,h=0.5,1195905.0,1195905.0,0.0,2.8877,2.1834,2.6292,10.17,60.0,"(32, 12)",40.0,256_4096_32,custom,gelu,0.7,0.2,0.1,cuda,Adam,"{'lr': 0.000334, 'betas': (0.9, 0.999), 'eps': 1e-08, 'weight_decay': 0, 'amsgrad': False, 'maximize': False, 'foreach': None, 'capturable': False, 'differentiable': False, 'fused': None, 'decoupled_weight_decay': False, 'initial_lr': 0.001}",MSELoss,True,-0.5147,0.1882,0.0036,2.8674,2.1855,2.7169,1.4549,1.1618,1.2918,0.0538,4.6122,0.0783,0.556,True,,3
20260627_024254,h=0.5,7153.0,7153.0,0.0,0.3375,0.013,0.4814,10.15,60.0,"(32, 12)",40.0,64_16_256,custom,gelu,0.7,0.2,0.1,cuda,Adam,"{'lr': 0.00099, 'betas': (0.9, 0.999), 'eps': 1e-08, 'weight_decay': 0, 'amsgrad': False, 'maximize': False, 'foreach': None, 'capturable': False, 'differentiable': False, 'fused': None, 'decoupled_weight_decay': False, 'initial_lr': 0.001}",MSELoss,True,0.8213,0.9952,0.8224,0.3382,0.013,0.4843,0.5059,0.0861,0.6593,0.0131,5.4484,0.0151,0.0683,True,,3
20260627_024254,h=0.5,332481.0,332481.0,0.0,0.3954,0.0251,1.0506,10.12,60.0,"(32, 12)",40.0,4096_64_128,custom,gelu,0.7,0.2,0.1,cuda,Adam,"{'lr': 0.000334, 'betas': (0.9, 0.999), 'eps': 1e-08, 'weight_decay': 0, 'amsgrad': False, 'maximize': False, 'foreach': None, 'capturable': False, 'differentiable': False, 'fused': None, 'decoupled_weight_decay': False, 'initial_lr': 0.001}",MSELoss,True,0.7925,0.9907,0.618,0.3929,0.0251,1.0417,0.5238,0.1133,0.9815,0.0167,5.3952,0.0205,0.1444,True,,3
20260627_024254,h=0.5,340993.0,340993.0,0.0,9.7602,8.3979,4.971,10.16,60.0,"(32, 12)",40.0,64_4096_16,custom,gelu,0.7,0.2,0.1,cuda,Adam,"{'lr': 0.000334, 'betas': (0.9, 0.999), 'eps': 1e-08, 'weight_decay': 0, 'amsgrad': False, 'maximize': False, 'foreach': None, 'capturable': False, 'differentiable': False, 'fused': None, 'decoupled_weight_decay': False, 'initial_lr': 0.001}",MSELoss,True,-4.1776,-2.1217,-0.8268,9.8017,8.4044,4.9813,2.8904,2.597,1.9363,0.0571,3.8758,0.079,0.6196,True,,3
20260627_024254,h=0.5,84673.0,84673.0,0.0,0.4045,0.0069,0.7971,10.14,60.0,"(32, 12)",40.0,64_256_256,custom,gelu,0.7,0.2,0.1,cuda,Adam,"{'lr': 0.00099, 'betas': (0.9, 0.999), 'eps': 1e-08, 'weight_decay': 0, 'amsgrad': False, 'maximize': False, 'foreach': None, 'capturable': False, 'differentiable': False, 'fused': None, 'decoupled_weight_decay': False, 'initial_lr': 0.001}",MSELoss,True,0.7875,0.9974,0.707,0.4024,0.0069,0.799,0.5456,0.0639,0.8629,0.0137,5.452,0.0162,0.0837,True,,3
20260627_024254,h=0.5,358593.0,358593.0,0.0,0.3306,0.0086,0.5132,10.13,60.0,"(32, 12)",40.0,4096_64_512,custom,gelu,0.7,0.2,0.1,cuda,Adam,"{'lr': 0.000334, 'betas': (0.9, 0.999), 'eps': 1e-08, 'weight_decay': 0, 'amsgrad': False, 'maximize': False, 'foreach': None, 'capturable': False, 'differentiable': False, 'fused': None, 'decoupled_weight_decay': False, 'initial_lr': 0.001}",MSELoss,True,0.8234,0.9968,0.8077,0.3344,0.0086,0.5245,0.4857,0.0667,0.6919,0.014,5.4367,0.0173,0.0881,True,,3
20260627_024254,h=0.5,151233.0,151233.0,0.0,0.4279,0.0815,1.4334,10.23,60.0,"(32, 12)",40.0,64_256_512,custom,gelu,0.7,0.2,0.1,cuda,Adam,"{'lr': 0.000334, 'betas': (0.9, 0.999), 'eps': 1e-08, 'weight_decay': 0, 'amsgrad': False, 'maximize': False, 'foreach': None, 'capturable': False, 'differentiable': False, 'fused': None, 'decoupled_weight_decay': False, 'initial_lr': 0.001}",MSELoss,True,0.7722,0.9697,0.4643,0.4312,0.0814,1.4606,0.5021,0.2174,1.0414,0.0237,5.3283,0.0362,0.1042,True,,3
20260627_024254,h=0.5,341185.0,341185.0,0.0,0.2762,0.0106,0.7085,10.2,60.0,"(32, 12)",40.0,4096_64_256,custom,gelu,0.7,0.2,0.1,cuda,Adam,"{'lr': 0.000334, 'betas': (0.9, 0.999), 'eps': 1e-08, 'weight_decay': 0, 'amsgrad': False, 'maximize': False, 'foreach': None, 'capturable': False, 'differentiable': False, 'fused': None, 'decoupled_weight_decay': False, 'initial_lr': 0.001}",MSELoss,True,0.8539,0.996,0.74,0.2767,0.0106,0.7089,0.4396,0.076,0.8102,0.0146,5.4335,0.0189,0.0874,True,,3
20260627_024254,h=0.5,4593.0,4593.0,0.0,0.4158,0.0078,0.2735,10.09,60.0,"(32, 12)",40.0,64_16_128,custom,gelu,0.7,0.2,0.1,cuda,Adam,"{'lr': 0.00099, 'betas': (0.9, 0.999), 'eps': 1e-08, 'weight_decay': 0, 'amsgrad': False, 'maximize': False, 'foreach': None, 'capturable': False, 'differentiable': False, 'fused': None, 'decoupled_weight_decay': False, 'initial_lr': 0.001}",MSELoss,True,0.7787,0.9971,0.9018,0.4189,0.0078,0.2676,0.574,0.0687,0.4523,0.0134,5.4462,0.0139,0.0819,True,,3
20260627_024254,h=0.5,17068993.0,17068993.0,0.0,0.7491,0.0247,2.2793,33.85,60.0,"(32, 12)",40.0,64_4096_4096,custom,gelu,0.7,0.2,0.1,cuda,Adam,"{'lr': 0.000334, 'betas': (0.9, 0.999), 'eps': 1e-08, 'weight_decay': 0, 'amsgrad': False, 'maximize': False, 'foreach': None, 'capturable': False, 'differentiable': False, 'fused': None, 'decoupled_weight_decay': False, 'initial_lr': 0.001}",MSELoss,True,0.6042,0.9908,0.182,0.7493,0.0247,2.2305,0.6825,0.1225,1.3903,0.0262,5.4352,0.0311,0.1975,True,,3
20260627_024254,h=0.5,11425.0,11425.0,0.0,0.4506,0.0054,0.6019,10.26,60.0,"(32, 12)",40.0,32_64_128,custom,gelu,0.7,0.2,0.1,cuda,Adam,"{'lr': 0.00099, 'betas': (0.9, 0.999), 'eps': 1e-08, 'weight_decay': 0, 'amsgrad': False, 'maximize': False, 'foreach': None, 'capturable': False, 'differentiable': False, 'fused': None, 'decoupled_weight_decay': False, 'initial_lr': 0.001}",MSELoss,True,0.7648,0.998,0.7756,0.4453,0.0054,0.6119,0.5461,0.056,0.7466,0.0164,5.4503,0.0158,0.0923,True,,3
20260627_024254,h=0.5,18225.0,18225.0,0.0,10.6785,9.1656,5.4279,10.18,60.0,"(32, 12)",40.0,16_512_16,custom,gelu,0.7,0.2,0.1,cuda,Adam,"{'lr': 0.000334, 'betas': (0.9, 0.999), 'eps': 1e-08, 'weight_decay': 0, 'amsgrad': False, 'maximize': False, 'foreach': None, 'capturable': False, 'differentiable': False, 'fused': None, 'decoupled_weight_decay': False, 'initial_lr': 0.001}",MSELoss,True,-4.6471,-2.4058,-1.0065,10.6905,9.1691,5.4713,3.0315,2.7298,2.0509,0.057,3.8763,0.079,0.6176,True,,3
20260627_024254,h=0.5,12273.0,12273.0,0.0,1.594,0.3313,4.3269,10.19,60.0,"(32, 12)",40.0,64_16_512,custom,gelu,0.7,0.2,0.1,cuda,Adam,"{'lr': 0.000334, 'betas': (0.9, 0.999), 'eps': 1e-08, 'weight_decay': 0, 'amsgrad': False, 'maximize': False, 'foreach': None, 'capturable': False, 'differentiable': False, 'fused': None, 'decoupled_weight_decay': False, 'initial_lr': 0.001}",MSELoss,True,0.1592,0.8771,-0.6282,1.5918,0.3309,4.4395,0.98,0.4366,1.823,0.0387,5.1821,0.0566,0.378,True,,3
20260627_024254,h=0.5,51393.0,51393.0,0.0,0.5431,0.0154,1.3598,10.2,60.0,"(32, 12)",40.0,64_256_128,custom,gelu,0.7,0.2,0.1,cuda,Adam,"{'lr': 0.00099, 'betas': (0.9, 0.999), 'eps': 1e-08, 'weight_decay': 0, 'amsgrad': False, 'maximize': False, 'foreach': None, 'capturable': False, 'differentiable': False, 'fused': None, 'decoupled_weight_decay': False, 'initial_lr': 0.001}",MSELoss,True,0.7134,0.9943,0.509,0.5426,0.0155,1.3389,0.5665,0.0936,1.1251,0.02,5.4504,0.0206,0.1263,True,,3
20260627_024254,h=0.5,559937.0,559937.0,0.0,11.896,10.0753,6.2783,10.15,60.0,"(32, 12)",40.0,2048_256_16,custom,gelu,0.7,0.2,0.1,cuda,Adam,"{'lr': 0.000334, 'betas': (0.9, 0.999), 'eps': 1e-08, 'weight_decay': 0, 'amsgrad': False, 'maximize': False, 'foreach': None, 'capturable': False, 'differentiable': False, 'fused': None, 'decoupled_weight_decay': False, 'initial_lr': 0.001}",MSELoss,True,-5.3035,-2.7438,-1.2493,11.9332,10.079,6.1333,3.216,2.8514,2.1909,0.0567,4.1577,0.079,0.6102,True,,3
20260627_024254,h=0.5,37537.0,37537.0,0.0,1.0418,0.3444,3.4256,10.14,60.0,"(32, 12)",40.0,32_64_512,custom,gelu,0.7,0.2,0.1,cuda,Adam,"{'lr': 0.000334, 'betas': (0.9, 0.999), 'eps': 1e-08, 'weight_decay': 0, 'amsgrad': False, 'maximize': False, 'foreach': None, 'capturable': False, 'differentiable': False, 'fused': None, 'decoupled_weight_decay': False, 'initial_lr': 0.001}",MSELoss,True,0.4563,0.8717,-0.225,1.0294,0.3454,3.3403,0.7809,0.4453,1.5011,0.0368,5.2095,0.0567,0.3052,True,,3
20260627_024254,h=0.5,58049.0,58049.0,0.0,0.4218,0.0261,1.0928,10.2,60.0,"(32, 12)",40.0,512_64_256,custom,gelu,0.7,0.2,0.1,cuda,Adam,"{'lr': 0.000334, 'betas': (0.9, 0.999), 'eps': 1e-08, 'weight_decay': 0, 'amsgrad': False, 'maximize': False, 'foreach': None, 'capturable': False, 'differentiable': False, 'fused': None, 'decoupled_weight_decay': False, 'initial_lr': 0.001}",MSELoss,True,0.7758,0.9903,0.6005,0.4245,0.0261,1.0894,0.5306,0.1175,0.9854,0.0176,5.3629,0.0251,0.1038,True,,3
20260627_024254,h=0.5,82961.0,82961.0,0.0,1.6356,0.4633,4.4307,10.1,60.0,"(32, 12)",40.0,32_16_4096,custom,gelu,0.7,0.2,0.1,cuda,Adam,"{'lr': 0.000334, 'betas': (0.9, 0.999), 'eps': 1e-08, 'weight_decay': 0, 'amsgrad': False, 'maximize': False, 'foreach': None, 'capturable': False, 'differentiable': False, 'fused': None, 'decoupled_weight_decay': False, 'initial_lr': 0.001}",MSELoss,True,0.1323,0.8278,-0.6647,1.6426,0.4637,4.539,0.9445,0.5146,1.7716,0.0437,5.1645,0.062,0.3847,True,,3
20260627_024254,h=0.5,167361.0,167361.0,0.0,0.3604,0.0651,1.1169,10.18,60.0,"(32, 12)",40.0,64_512_256,custom,gelu,0.7,0.2,0.1,cuda,Adam,"{'lr': 0.000334, 'betas': (0.9, 0.999), 'eps': 1e-08, 'weight_decay': 0, 'amsgrad': False, 'maximize': False, 'foreach': None, 'capturable': False, 'differentiable': False, 'fused': None, 'decoupled_weight_decay': False, 'initial_lr': 0.001}",MSELoss,True,0.8092,0.9757,0.5914,0.3612,0.0653,1.1142,0.464,0.1952,0.9089,0.0205,5.3357,0.031,0.1158,True,,3
20260627_024254,h=0.5,559361.0,559361.0,0.0,0.287,0.0183,0.9832,10.14,60.0,"(32, 12)",40.0,128_128_4096,custom,gelu,0.7,0.2,0.1,cuda,Adam,"{'lr': 0.000334, 'betas': (0.9, 0.999), 'eps': 1e-08, 'weight_decay': 0, 'amsgrad': False, 'maximize': False, 'foreach': None, 'capturable': False, 'differentiable': False, 'fused': None, 'decoupled_weight_decay': False, 'initial_lr': 0.001}",MSELoss,True,0.8467,0.9932,0.6478,0.2902,0.0184,0.9604,0.4357,0.1074,0.8993,0.0171,5.4384,0.0246,0.0631,True,,3
20260627_024254,h=0.5,614273.0,614273.0,0.0,0.4111,0.0088,0.8478,10.29,60.0,"(32, 12)",40.0,512_128_4096,custom,gelu,0.7,0.2,0.1,cuda,Adam,"{'lr': 0.000334, 'betas': (0.9, 0.999), 'eps': 1e-08, 'weight_decay': 0, 'amsgrad': False, 'maximize': False, 'foreach': None, 'capturable': False, 'differentiable': False, 'fused': None, 'decoupled_weight_decay': False, 'initial_lr': 0.001}",MSELoss,True,0.7824,0.9967,0.6857,0.4119,0.0088,0.8569,0.4985,0.0731,0.8629,0.0181,5.4509,0.0221,0.0722,True,,3
20260627_024254,h=0.5,1327105.0,1327105.0,0.0,0.582,0.1975,1.1135,10.22,60.0,"(32, 12)",40.0,256_4096_64,custom,gelu,0.7,0.2,0.1,cuda,Adam,"{'lr': 0.000334, 'betas': (0.9, 0.999), 'eps': 1e-08, 'weight_decay': 0, 'amsgrad': False, 'maximize': False, 'foreach': None, 'capturable': False, 'differentiable': False, 'fused': None, 'decoupled_weight_decay': False, 'initial_lr': 0.001}",MSELoss,True,0.6979,0.9267,0.5917,0.5719,0.1973,1.1134,0.6088,0.3086,0.9133,0.0291,5.2254,0.0337,0.2947,True,,3
20260627_024254,h=0.5,279489.0,279489.0,0.0,0.7114,0.1147,2.398,9.43,60.0,"(32, 12)",40.0,64_4096,custom,gelu,0.7,0.2,0.1,cuda,Adam,"{'lr': 0.000334, 'betas': (0.9, 0.999), 'eps': 1e-08, 'weight_decay': 0, 'amsgrad': False, 'maximize': False, 'foreach': None, 'capturable': False, 'differentiable': False, 'fused': None, 'decoupled_weight_decay': False, 'initial_lr': 0.001}",MSELoss,True,0.6267,0.9574,0.097,0.7067,0.1146,2.4623,0.6142,0.2586,1.403,0.0277,5.3998,0.0384,0.1998,True,,2
20260627_024254,h=0.5,101313.0,101313.0,0.0,0.6189,0.2216,2.3374,10.23,60.0,"(32, 12)",40.0,64_512_128,custom,gelu,0.7,0.2,0.1,cuda,Adam,"{'lr': 0.000334, 'betas': (0.9, 0.999), 'eps': 1e-08, 'weight_decay': 0, 'amsgrad': False, 'maximize': False, 'foreach': None, 'capturable': False, 'differentiable': False, 'fused': None, 'decoupled_weight_decay': False, 'initial_lr': 0.001}",MSELoss,True,0.6746,0.9176,0.1246,0.616,0.2218,2.387,0.6157,0.3483,1.2901,0.0297,5.1797,0.048,0.2929,True,,3
20260627_024254,h=0.5,49345.0,49345.0,0.0,0.4215,0.027,1.2617,10.22,60.0,"(32, 12)",40.0,512_64_128,custom,gelu,0.7,0.2,0.1,cuda,Adam,"{'lr': 0.000334, 'betas': (0.9, 0.999), 'eps': 1e-08, 'weight_decay': 0, 'amsgrad': False, 'maximize': False, 'foreach': None, 'capturable': False, 'differentiable': False, 'fused': None, 'decoupled_weight_decay': False, 'initial_lr': 0.001}",MSELoss,True,0.7771,0.99,0.5321,0.422,0.027,1.2759,0.5355,0.1213,1.069,0.0182,5.3964,0.0241,0.1406,True,,3
20260627_024254,h=0.5,8543169.0,8543169.0,0.0,0.8213,0.0149,1.3381,18.03,60.0,"(32, 12)",40.0,64_2048_4096,custom,gelu,0.7,0.2,0.1,cuda,Adam,"{'lr': 0.000334, 'betas': (0.9, 0.999), 'eps': 1e-08, 'weight_decay': 0, 'amsgrad': False, 'maximize': False, 'foreach': None, 'capturable': False, 'differentiable': False, 'fused': None, 'decoupled_weight_decay': False, 'initial_lr': 0.001}",MSELoss,True,0.5659,0.9945,0.5198,0.8217,0.0149,1.3094,0.7205,0.0977,1.0955,0.0229,5.4418,0.0202,0.1771,True,,3
20260627_024254,h=0.5,8489025.0,8489025.0,0.0,14.3033,12.3413,7.591,17.95,60.0,"(32, 12)",40.0,4096_2048_16,custom,gelu,0.7,0.2,0.1,cuda,Adam,"{'lr': 0.000334, 'betas': (0.9, 0.999), 'eps': 1e-08, 'weight_decay': 0, 'amsgrad': False, 'maximize': False, 'foreach': None, 'capturable': False, 'differentiable': False, 'fused': None, 'decoupled_weight_decay': False, 'initial_lr': 0.001}",MSELoss,True,-6.5695,-3.5855,-1.8028,14.3298,12.3452,7.6426,3.5527,3.218,2.4666,0.0571,3.879,0.079,0.6186,True,,3
20260627_024254,h=0.5,299457.0,299457.0,0.0,0.4198,0.0358,1.0021,10.18,60.0,"(32, 12)",40.0,64_512_512,custom,gelu,0.7,0.2,0.1,cuda,Adam,"{'lr': 0.000334, 'betas': (0.9, 0.999), 'eps': 1e-08, 'weight_decay': 0, 'amsgrad': False, 'maximize': False, 'foreach': None, 'capturable': False, 'differentiable': False, 'fused': None, 'decoupled_weight_decay': False, 'initial_lr': 0.001}",MSELoss,True,0.7768,0.9868,0.6435,0.4226,0.0356,0.9721,0.5408,0.1468,0.8932,0.0201,5.3943,0.0246,0.0903,True,,3
20260627_024254,h=0.5,75457.0,75457.0,0.0,0.3854,0.0176,1.0524,10.25,60.0,"(32, 12)",40.0,512_64_512,custom,gelu,0.7,0.2,0.1,cuda,Adam,"{'lr': 0.000334, 'betas': (0.9, 0.999), 'eps': 1e-08, 'weight_decay': 0, 'amsgrad': False, 'maximize': False, 'foreach': None, 'capturable': False, 'differentiable': False, 'fused': None, 'decoupled_weight_decay': False, 'initial_lr': 0.001}",MSELoss,True,0.7971,0.9935,0.6053,0.3841,0.0176,1.0762,0.4865,0.0996,0.9503,0.0179,5.4046,0.0277,0.0891,True,,3
20260627_024254,h=0.5,550209.0,550209.0,0.0,0.7452,0.0314,2.9117,10.2,60.0,"(32, 12)",40.0,64_128_4096,custom,gelu,0.7,0.2,0.1,cuda,Adam,"{'lr': 0.000334, 'betas': (0.9, 0.999), 'eps': 1e-08, 'weight_decay': 0, 'amsgrad': False, 'maximize': False, 'foreach': None, 'capturable': False, 'differentiable': False, 'fused': None, 'decoupled_weight_decay': False, 'initial_lr': 0.001}",MSELoss,True,0.6085,0.9883,-0.0589,0.7411,0.0314,2.8873,0.7378,0.1398,1.6127,0.0192,5.4239,0.0303,0.2209,True,,3
20260627_024254,h=0.5,25313.0,25313.0,0.0,1.0595,0.6365,2.1744,10.12,60.0,"(32, 12)",40.0,512_32_32,custom,gelu,0.7,0.2,0.1,cuda,Adam,"{'lr': 0.000334, 'betas': (0.9, 0.999), 'eps': 1e-08, 'weight_decay': 0, 'amsgrad': False, 'maximize': False, 'foreach': None, 'capturable': False, 'differentiable': False, 'fused': None, 'decoupled_weight_decay': False, 'initial_lr': 0.001}",MSELoss,True,0.4448,0.7629,0.1787,1.051,0.6382,2.2395,0.8158,0.589,1.1452,0.0421,4.9697,0.0612,0.4225,True,,3
20260627_024254,h=0.5,26161.0,26161.0,0.0,0.4041,0.0238,1.1144,10.2,60.0,"(32, 12)",40.0,512_16_512,custom,gelu,0.7,0.2,0.1,cuda,Adam,"{'lr': 0.000334, 'betas': (0.9, 0.999), 'eps': 1e-08, 'weight_decay': 0, 'amsgrad': False, 'maximize': False, 'foreach': None, 'capturable': False, 'differentiable': False, 'fused': None, 'decoupled_weight_decay': False, 'initial_lr': 0.001}",MSELoss,True,0.7886,0.9912,0.5913,0.4002,0.0238,1.1144,0.4859,0.118,0.9682,0.0193,5.4047,0.0266,0.1081,True,,3
20260627_024254,h=0.5,2249985.0,2249985.0,0.0,0.5317,0.0068,1.3326,10.42,60.0,"(32, 12)",40.0,256_512_4096,custom,gelu,0.7,0.2,0.1,cuda,Adam,"{'lr': 0.000334, 'betas': (0.9, 0.999), 'eps': 1e-08, 'weight_decay': 0, 'amsgrad': False, 'maximize': False, 'foreach': None, 'capturable': False, 'differentiable': False, 'fused': None, 'decoupled_weight_decay': False, 'initial_lr': 0.001}",MSELoss,True,0.7184,0.9975,0.5085,0.533,0.0068,1.3401,0.5467,0.0647,1.0983,0.0219,5.4524,0.0233,0.1151,True,,3
20260627_024254,h=0.5,159681.0,159681.0,0.0,0.5221,0.0319,1.0572,10.26,60.0,"(32, 12)",40.0,256_64_2048,custom,gelu,0.7,0.2,0.1,cuda,Adam,"{'lr': 0.000334, 'betas': (0.9, 0.999), 'eps': 1e-08, 'weight_decay': 0, 'amsgrad': False, 'maximize': False, 'foreach': None, 'capturable': False, 'differentiable': False, 'fused': None, 'decoupled_weight_decay': False, 'initial_lr': 0.001}",MSELoss,True,0.7241,0.9881,0.6049,0.5224,0.0319,1.0773,0.5929,0.1363,0.9344,0.0207,5.3744,0.0279,0.0871,True,,3
20260627_024254,h=0.5,45441.0,45441.0,0.0,0.7971,0.0055,2.153,10.1,60.0,"(32, 12)",40.0,256_128_64,custom,gelu,0.7,0.2,0.1,cuda,Adam,"{'lr': 0.00099, 'betas': (0.9, 0.999), 'eps': 1e-08, 'weight_decay': 0, 'amsgrad': False, 'maximize': False, 'foreach': None, 'capturable': False, 'differentiable': False, 'fused': None, 'decoupled_weight_decay': False, 'initial_lr': 0.001}",MSELoss,True,0.5763,0.998,0.2018,0.8021,0.0055,2.1764,0.7131,0.0569,1.4324,0.0223,5.4581,0.0255,0.1679,True,,3
20260627_024254,h=0.5,18481.0,18481.0,0.0,0.5127,0.0454,1.4622,10.16,60.0,"(32, 12)",40.0,512_16_128,custom,gelu,0.7,0.2,0.1,cuda,Adam,"{'lr': 0.000334, 'betas': (0.9, 0.999), 'eps': 1e-08, 'weight_decay': 0, 'amsgrad': False, 'maximize': False, 'foreach': None, 'capturable': False, 'differentiable': False, 'fused': None, 'decoupled_weight_decay': False, 'initial_lr': 0.001}",MSELoss,True,0.7267,0.9831,0.4521,0.5173,0.0454,1.494,0.5546,0.1531,1.1554,0.0227,5.3446,0.026,0.1794,True,,3
20260627_024254,h=0.5,3633.0,3633.0,0.0,0.2204,0.01,0.2137,10.32,60.0,"(32, 12)",40.0,16_64_32,custom,gelu,0.7,0.2,0.1,cuda,Adam,"{'lr': 0.00099, 'betas': (0.9, 0.999), 'eps': 1e-08, 'weight_decay': 0, 'amsgrad': False, 'maximize': False, 'foreach': None, 'capturable': False, 'differentiable': False, 'fused': None, 'decoupled_weight_decay': False, 'initial_lr': 0.001}",MSELoss,True,0.8829,0.9963,0.9239,0.2218,0.01,0.2075,0.4076,0.0762,0.3964,0.0137,5.443,0.0144,0.058,True,,3
20260627_024254,h=0.5,137825.0,137825.0,0.0,3.2618,2.5957,2.81,10.16,60.0,"(32, 12)",40.0,32_2048_32,custom,gelu,0.7,0.2,0.1,cuda,Adam,"{'lr': 0.000334, 'betas': (0.9, 0.999), 'eps': 1e-08, 'weight_decay': 0, 'amsgrad': False, 'maximize': False, 'foreach': None, 'capturable': False, 'differentiable': False, 'fused': None, 'decoupled_weight_decay': False, 'initial_lr': 0.001}",MSELoss,True,-0.7262,0.035,0.018,3.2679,2.5979,2.6777,1.5576,1.3309,1.302,0.0527,4.6302,0.0784,0.5545,True,,3
20260627_024254,h=0.5,325953.0,325953.0,0.0,1.9279,1.3259,2.8177,10.12,60.0,"(32, 12)",40.0,4096_64_32,custom,gelu,0.7,0.2,0.1,cuda,Adam,"{'lr': 0.000334, 'betas': (0.9, 0.999), 'eps': 1e-08, 'weight_decay': 0, 'amsgrad': False, 'maximize': False, 'foreach': None, 'capturable': False, 'differentiable': False, 'fused': None, 'decoupled_weight_decay': False, 'initial_lr': 0.001}",MSELoss,True,-0.0063,0.5068,0.0636,1.905,1.3279,2.5534,1.1382,0.855,1.1966,0.0514,4.7409,0.0718,0.5146,True,,3
20260627_024254,h=0.5,64177.0,64177.0,0.0,1.3605,0.8102,2.3331,10.14,60.0,"(32, 12)",40.0,2048_16_32,custom,gelu,0.7,0.2,0.1,cuda,Adam,"{'lr': 0.000334, 'betas': (0.9, 0.999), 'eps': 1e-08, 'weight_decay': 0, 'amsgrad': False, 'maximize': False, 'foreach': None, 'capturable': False, 'differentiable': False, 'fused': None, 'decoupled_weight_decay': False, 'initial_lr': 0.001}",MSELoss,True,0.2774,0.6992,0.1871,1.3679,0.8098,2.2167,0.9225,0.6662,1.1465,0.0475,4.8738,0.0628,0.4426,True,,3
20260627_024254,h=0.5,86785.0,86785.0,0.0,0.5364,0.0052,1.0025,10.16,60.0,"(32, 12)",40.0,256_256_64,custom,gelu,0.7,0.2,0.1,cuda,Adam,"{'lr': 0.00099, 'betas': (0.9, 0.999), 'eps': 1e-08, 'weight_decay': 0, 'amsgrad': False, 'maximize': False, 'foreach': None, 'capturable': False, 'differentiable': False, 'fused': None, 'decoupled_weight_decay': False, 'initial_lr': 0.001}",MSELoss,True,0.7163,0.9981,0.6334,0.537,0.0052,0.9997,0.605,0.0568,0.9811,0.0171,5.4553,0.0163,0.1079,True,,3
20260627_024254,h=0.5,541921.0,541921.0,0.0,0.3454,0.0572,0.9848,10.23,60.0,"(32, 12)",40.0,32_256_2048,custom,gelu,0.7,0.2,0.1,cuda,Adam,"{'lr': 0.000334, 'betas': (0.9, 0.999), 'eps': 1e-08, 'weight_decay': 0, 'amsgrad': False, 'maximize': False, 'foreach': None, 'capturable': False, 'differentiable': False, 'fused': None, 'decoupled_weight_decay': False, 'initial_lr': 0.001}",MSELoss,True,0.8191,0.9787,0.6376,0.3425,0.0572,0.988,0.468,0.186,0.8411,0.0194,5.4164,0.0283,0.094,True,,3
20260627_024254,h=0.5,16855041.0,16855041.0,0.0,0.7935,0.0177,2.1171,33.22,60.0,"(32, 12)",40.0,4096_4096,custom,gelu,0.7,0.2,0.1,cuda,Adam,"{'lr': 0.000334, 'betas': (0.9, 0.999), 'eps': 1e-08, 'weight_decay': 0, 'amsgrad': False, 'maximize': False, 'foreach': None, 'capturable': False, 'differentiable': False, 'fused': None, 'decoupled_weight_decay': False, 'initial_lr': 0.001}",MSELoss,True,0.5811,0.9934,0.237,0.793,0.0177,2.0805,0.7717,0.0994,1.3923,0.0194,5.4527,0.0281,0.2082,True,,2
20260627_024254,h=0.5,24193.0,24193.0,0.0,2.2619,1.6912,2.5799,9.48,60.0,"(32, 12)",40.0,512_32,custom,gelu,0.7,0.2,0.1,cuda,Adam,"{'lr': 0.000334, 'betas': (0.9, 0.999), 'eps': 1e-08, 'weight_decay': 0, 'amsgrad': False, 'maximize': False, 'foreach': None, 'capturable': False, 'differentiable': False, 'fused': None, 'decoupled_weight_decay': False, 'initial_lr': 0.001}",MSELoss,True,-0.1767,0.3718,0.1092,2.2276,1.6912,2.4289,1.2605,1.0381,1.192,0.0486,4.5958,0.0738,0.503,True,,2
20260627_024254,h=0.5,4273665.0,4273665.0,0.0,0.5072,0.0062,1.2479,12.42,60.0,"(32, 12)",40.0,4096_512_4096,custom,gelu,0.7,0.2,0.1,cuda,Adam,"{'lr': 0.000334, 'betas': (0.9, 0.999), 'eps': 1e-08, 'weight_decay': 0, 'amsgrad': False, 'maximize': False, 'foreach': None, 'capturable': False, 'differentiable': False, 'fused': None, 'decoupled_weight_decay': False, 'initial_lr': 0.001}",MSELoss,True,0.7309,0.9977,0.5377,0.5094,0.0062,1.2606,0.5852,0.0605,1.0949,0.0166,5.4376,0.0194,0.1212,True,,3
20260627_024254,h=0.5,4257.0,4257.0,0.0,0.4882,0.0065,0.956,10.05,60.0,"(32, 12)",40.0,64_32_32,custom,gelu,0.7,0.2,0.1,cuda,Adam,"{'lr': 0.00099, 'betas': (0.9, 0.999), 'eps': 1e-08, 'weight_decay': 0, 'amsgrad': False, 'maximize': False, 'foreach': None, 'capturable': False, 'differentiable': False, 'fused': None, 'decoupled_weight_decay': False, 'initial_lr': 0.001}",MSELoss,True,0.7425,0.9976,0.6471,0.4875,0.0066,0.9621,0.6136,0.0631,0.9541,0.0147,5.4465,0.0156,0.117,True,,3
20260627_024254,h=0.5,21041.0,21041.0,0.0,0.4937,0.0264,0.9025,10.2,60.0,"(32, 12)",40.0,512_16_256,custom,gelu,0.7,0.2,0.1,cuda,Adam,"{'lr': 0.000334, 'betas': (0.9, 0.999), 'eps': 1e-08, 'weight_decay': 0, 'amsgrad': False, 'maximize': False, 'foreach': None, 'capturable': False, 'differentiable': False, 'fused': None, 'decoupled_weight_decay': False, 'initial_lr': 0.001}",MSELoss,True,0.7387,0.9902,0.667,0.4947,0.0263,0.908,0.6003,0.1189,0.8984,0.017,5.3854,0.023,0.1319,True,,3
20260627_024254,h=0.5,127041.0,127041.0,0.0,11.0075,9.2886,5.5986,9.49,60.0,"(32, 12)",40.0,4096_16,custom,gelu,0.7,0.2,0.1,cuda,Adam,"{'lr': 0.000334, 'betas': (0.9, 0.999), 'eps': 1e-08, 'weight_decay': 0, 'amsgrad': False, 'maximize': False, 'foreach': None, 'capturable': False, 'differentiable': False, 'fused': None, 'decoupled_weight_decay': False, 'initial_lr': 0.001}",MSELoss,True,-4.8389,-2.4558,-1.069,11.0536,9.3038,5.6415,3.0854,2.7387,2.0881,0.0568,4.073,0.079,0.6047,True,,2
20260627_024254,h=0.5,1125761.0,1125761.0,0.0,0.3199,0.0076,0.8659,10.15,60.0,"(32, 12)",40.0,128_512_2048,custom,gelu,0.7,0.2,0.1,cuda,Adam,"{'lr': 0.000334, 'betas': (0.9, 0.999), 'eps': 1e-08, 'weight_decay': 0, 'amsgrad': False, 'maximize': False, 'foreach': None, 'capturable': False, 'differentiable': False, 'fused': None, 'decoupled_weight_decay': False, 'initial_lr': 0.001}",MSELoss,True,0.8296,0.9972,0.6751,0.3227,0.0077,0.886,0.4385,0.0696,0.8337,0.0201,5.4506,0.0277,0.0605,True,,3
20260627_024254,h=0.5,1328129.0,1328129.0,0.0,0.2783,0.0048,0.8098,10.18,60.0,"(32, 12)",40.0,512_512_2048,custom,gelu,0.7,0.2,0.1,cuda,Adam,"{'lr': 0.000334, 'betas': (0.9, 0.999), 'eps': 1e-08, 'weight_decay': 0, 'amsgrad': False, 'maximize': False, 'foreach': None, 'capturable': False, 'differentiable': False, 'fused': None, 'decoupled_weight_decay': False, 'initial_lr': 0.001}",MSELoss,True,0.8518,0.9982,0.6998,0.2805,0.0048,0.8187,0.4013,0.0542,0.8445,0.0163,5.4557,0.021,0.0575,True,,3
20260627_024254,h=0.5,26081.0,26081.0,0.0,1.0765,0.0062,2.4697,10.13,60.0,"(32, 12)",40.0,32_256_64,custom,gelu,0.7,0.2,0.1,cuda,Adam,"{'lr': 0.00099, 'betas': (0.9, 0.999), 'eps': 1e-08, 'weight_decay': 0, 'amsgrad': False, 'maximize': False, 'foreach': None, 'capturable': False, 'differentiable': False, 'fused': None, 'decoupled_weight_decay': False, 'initial_lr': 0.001}",MSELoss,True,0.4318,0.9977,0.0849,1.0756,0.0061,2.4952,0.7691,0.0596,1.5003,0.0286,5.4501,0.0302,0.2075,True,,3
20260627_024254,h=0.5,9697.0,9697.0,0.0,0.2714,0.0065,0.3422,9.48,60.0,"(32, 12)",40.0,32_256,custom,gelu,0.7,0.2,0.1,cuda,Adam,"{'lr': 0.00099, 'betas': (0.9, 0.999), 'eps': 1e-08, 'weight_decay': 0, 'amsgrad': False, 'maximize': False, 'foreach': None, 'capturable': False, 'differentiable': False, 'fused': None, 'decoupled_weight_decay': False, 'initial_lr': 0.001}",MSELoss,True,0.8572,0.9976,0.8733,0.2704,0.0065,0.3454,0.4529,0.0631,0.55,0.0115,5.4446,0.0127,0.0433,True,,2
20260627_024254,h=0.5,70401.0,70401.0,0.0,0.3697,0.0053,0.9041,9.56,60.0,"(32, 12)",40.0,256_256,custom,gelu,0.7,0.2,0.1,cuda,Adam,"{'lr': 0.00099, 'betas': (0.9, 0.999), 'eps': 1e-08, 'weight_decay': 0, 'amsgrad': False, 'maximize': False, 'foreach': None, 'capturable': False, 'differentiable': False, 'fused': None, 'decoupled_weight_decay': False, 'initial_lr': 0.001}",MSELoss,True,0.8032,0.998,0.668,0.3726,0.0053,0.9053,0.4928,0.058,0.9255,0.0157,5.4594,0.018,0.0662,True,,2
20260627_024254,h=0.5,594561.0,594561.0,0.0,0.7232,0.3184,1.2674,10.09,60.0,"(32, 12)",40.0,4096_128_64,custom,gelu,0.7,0.2,0.1,cuda,Adam,"{'lr': 0.000334, 'betas': (0.9, 0.999), 'eps': 1e-08, 'weight_decay': 0, 'amsgrad': False, 'maximize': False, 'foreach': None, 'capturable': False, 'differentiable': False, 'fused': None, 'decoupled_weight_decay': False, 'initial_lr': 0.001}",MSELoss,True,0.6148,0.882,0.5312,0.7293,0.3178,1.2783,0.664,0.3946,0.9565,0.0347,5.1188,0.0384,0.3493,True,,3
20260627_024254,h=0.5,147841.0,147841.0,0.0,2.2098,1.6286,2.9854,10.21,60.0,"(32, 12)",40.0,512_256_32,custom,gelu,0.7,0.2,0.1,cuda,Adam,"{'lr': 0.000334, 'betas': (0.9, 0.999), 'eps': 1e-08, 'weight_decay': 0, 'amsgrad': False, 'maximize': False, 'foreach': None, 'capturable': False, 'differentiable': False, 'fused': None, 'decoupled_weight_decay': False, 'initial_lr': 0.001}",MSELoss,True,-0.1645,0.3951,-0.0299,2.2045,1.6286,2.8083,1.254,1.0009,1.2441,0.0516,4.7176,0.0772,0.5281,True,,3
20260627_024254,h=0.5,1070065.0,1070065.0,0.0,0.7741,0.0993,0.3691,10.17,60.0,"(32, 12)",40.0,16_256_4096,custom,gelu,0.7,0.2,0.1,cuda,Adam,"{'lr': 0.000334, 'betas': (0.9, 0.999), 'eps': 1e-08, 'weight_decay': 0, 'amsgrad': False, 'maximize': False, 'foreach': None, 'capturable': False, 'differentiable': False, 'fused': None, 'decoupled_weight_decay': False, 'initial_lr': 0.001}",MSELoss,True,0.5919,0.9631,0.8657,0.7725,0.0994,0.3661,0.7099,0.2496,0.4941,0.0349,5.3945,0.0275,0.1436,True,,3
20260627_024254,h=0.5,1092033.0,1092033.0,0.0,0.3149,0.0134,0.6809,10.26,60.0,"(32, 12)",40.0,64_512_2048,custom,gelu,0.7,0.2,0.1,cuda,Adam,"{'lr': 0.000334, 'betas': (0.9, 0.999), 'eps': 1e-08, 'weight_decay': 0, 'amsgrad': False, 'maximize': False, 'foreach': None, 'capturable': False, 'differentiable': False, 'fused': None, 'decoupled_weight_decay': False, 'initial_lr': 0.001}",MSELoss,True,0.8339,0.995,0.7524,0.3145,0.0133,0.6751,0.4808,0.0907,0.7488,0.0138,5.4382,0.0196,0.0505,True,,3
20260627_024254,h=0.5,77825.0,77825.0,0.0,2.5491,1.961,2.5461,10.1,60.0,"(32, 12)",40.0,512_128_32,custom,gelu,0.7,0.2,0.1,cuda,Adam,"{'lr': 0.000334, 'betas': (0.9, 0.999), 'eps': 1e-08, 'weight_decay': 0, 'amsgrad': False, 'maximize': False, 'foreach': None, 'capturable': False, 'differentiable': False, 'fused': None, 'decoupled_weight_decay': False, 'initial_lr': 0.001}",MSELoss,True,-0.3526,0.2717,0.0624,2.5605,1.9608,2.5566,1.3635,1.1246,1.2431,0.0512,4.6172,0.0761,0.5235,True,,3
20260627_024254,h=0.5,97841.0,97841.0,0.0,0.33,0.0284,0.8582,10.15,60.0,"(32, 12)",40.0,512_16_4096,custom,gelu,0.7,0.2,0.1,cuda,Adam,"{'lr': 0.000334, 'betas': (0.9, 0.999), 'eps': 1e-08, 'weight_decay': 0, 'amsgrad': False, 'maximize': False, 'foreach': None, 'capturable': False, 'differentiable': False, 'fused': None, 'decoupled_weight_decay': False, 'initial_lr': 0.001}",MSELoss,True,0.8234,0.9894,0.6782,0.3342,0.0284,0.8773,0.452,0.129,0.8127,0.0178,5.393,0.0293,0.0619,True,,3
20260627_024254,h=0.5,1127425.0,1127425.0,0.0,0.4558,0.2098,1.2646,10.16,60.0,"(32, 12)",40.0,4096_256_64,custom,gelu,0.7,0.2,0.1,cuda,Adam,"{'lr': 0.000334, 'betas': (0.9, 0.999), 'eps': 1e-08, 'weight_decay': 0, 'amsgrad': False, 'maximize': False, 'foreach': None, 'capturable': False, 'differentiable': False, 'fused': None, 'decoupled_weight_decay': False, 'initial_lr': 0.001}",MSELoss,True,0.7575,0.9223,0.5327,0.4591,0.2092,1.2741,0.5493,0.2861,0.9981,0.0266,5.2027,0.0345,0.3221,True,,3
20260627_024254,h=0.5,18913.0,18913.0,0.0,2.0797,0.9202,5.3466,9.44,60.0,"(32, 12)",40.0,32_512,custom,gelu,0.7,0.2,0.1,cuda,Adam,"{'lr': 0.000334, 'betas': (0.9, 0.999), 'eps': 1e-08, 'weight_decay': 0, 'amsgrad': False, 'maximize': False, 'foreach': None, 'capturable': False, 'differentiable': False, 'fused': None, 'decoupled_weight_decay': False, 'initial_lr': 0.001}",MSELoss,True,-0.0923,0.6579,-1.0137,2.0679,0.921,5.4907,1.051,0.7224,1.7396,0.0542,4.9379,0.0811,0.5186,True,,2
20260627_024254,h=0.5,3809.0,3809.0,0.0,0.143,0.01,0.2507,10.1,60.0,"(32, 12)",40.0,32_64_16,custom,gelu,0.7,0.2,0.1,cuda,Adam,"{'lr': 0.00099, 'betas': (0.9, 0.999), 'eps': 1e-08, 'weight_decay': 0, 'amsgrad': False, 'maximize': False, 'foreach': None, 'capturable': False, 'differentiable': False, 'fused': None, 'decoupled_weight_decay': False, 'initial_lr': 0.001}",MSELoss,True,0.9247,0.9963,0.9095,0.1425,0.01,0.2468,0.3081,0.0763,0.4201,0.0112,5.4463,0.016,0.0502,True,,3
20260627_024254,h=0.5,136961.0,136961.0,0.0,0.522,0.0497,1.4992,9.6,60.0,"(32, 12)",40.0,256_512,custom,gelu,0.7,0.2,0.1,cuda,Adam,"{'lr': 0.000334, 'betas': (0.9, 0.999), 'eps': 1e-08, 'weight_decay': 0, 'amsgrad': False, 'maximize': False, 'foreach': None, 'capturable': False, 'differentiable': False, 'fused': None, 'decoupled_weight_decay': False, 'initial_lr': 0.001}",MSELoss,True,0.7232,0.9815,0.444,0.5239,0.0498,1.516,0.5476,0.1664,1.0579,0.0266,5.396,0.0367,0.0975,True,,2
20260627_024254,h=0.5,13409.0,13409.0,0.0,0.5745,0.0055,1.5848,10.06,60.0,"(32, 12)",40.0,32_128_64,custom,gelu,0.7,0.2,0.1,cuda,Adam,"{'lr': 0.00099, 'betas': (0.9, 0.999), 'eps': 1e-08, 'weight_decay': 0, 'amsgrad': False, 'maximize': False, 'foreach': None, 'capturable': False, 'differentiable': False, 'fused': None, 'decoupled_weight_decay': False, 'initial_lr': 0.001}",MSELoss,True,0.693,0.998,0.4208,0.5812,0.0055,1.5792,0.6005,0.0566,1.2151,0.0198,5.4511,0.0225,0.1295,True,,3
20260627_024254,h=0.5,85857.0,85857.0,0.0,0.4861,0.0397,1.1406,10.2,60.0,"(32, 12)",40.0,256_32_2048,custom,gelu,0.7,0.2,0.1,cuda,Adam,"{'lr': 0.000334, 'betas': (0.9, 0.999), 'eps': 1e-08, 'weight_decay': 0, 'amsgrad': False, 'maximize': False, 'foreach': None, 'capturable': False, 'differentiable': False, 'fused': None, 'decoupled_weight_decay': False, 'initial_lr': 0.001}",MSELoss,True,0.7427,0.9852,0.5825,0.487,0.0398,1.1385,0.5849,0.1499,0.9636,0.0199,5.3601,0.0291,0.0931,True,,3
20260627_024254,h=0.5,16828417.0,16828417.0,0.0,0.9781,0.0062,2.0572,33.44,60.0,"(32, 12)",40.0,2048_4096_2048,custom,gelu,0.7,0.2,0.1,cuda,Adam,"{'lr': 0.000334, 'betas': (0.9, 0.999), 'eps': 1e-08, 'weight_decay': 0, 'amsgrad': False, 'maximize': False, 'foreach': None, 'capturable': False, 'differentiable': False, 'fused': None, 'decoupled_weight_decay': False, 'initial_lr': 0.001}",MSELoss,True,0.4818,0.9977,0.2501,0.9809,0.0062,2.0447,0.8749,0.0591,1.4077,0.019,5.4392,0.0231,0.2201,True,,3
20260627_024254,h=0.5,5089.0,5089.0,0.0,0.251,0.0077,0.3264,9.47,60.0,"(32, 12)",40.0,32_128,custom,gelu,0.7,0.2,0.1,cuda,Adam,"{'lr': 0.00099, 'betas': (0.9, 0.999), 'eps': 1e-08, 'weight_decay': 0, 'amsgrad': False, 'maximize': False, 'foreach': None, 'capturable': False, 'differentiable': False, 'fused': None, 'decoupled_weight_decay': False, 'initial_lr': 0.001}",MSELoss,True,0.868,0.9971,0.8768,0.2499,0.0077,0.336,0.4011,0.0674,0.4983,0.0145,5.4366,0.016,0.0364,True,,2
20260627_024254,h=0.5,37121.0,37121.0,0.0,0.5447,0.0038,1.2461,9.54,60.0,"(32, 12)",40.0,256_128,custom,gelu,0.7,0.2,0.1,cuda,Adam,"{'lr': 0.00099, 'betas': (0.9, 0.999), 'eps': 1e-08, 'weight_decay': 0, 'amsgrad': False, 'maximize': False, 'foreach': None, 'capturable': False, 'differentiable': False, 'fused': None, 'decoupled_weight_decay': False, 'initial_lr': 0.001}",MSELoss,True,0.7109,0.9986,0.5397,0.5473,0.0038,1.2552,0.5689,0.0478,1.0829,0.0198,5.4571,0.0208,0.1026,True,,2
20260627_024254,h=0.5,1193441.0,1193441.0,0.0,0.3555,0.0498,2.0536,10.2,60.0,"(32, 12)",40.0,32_4096_256,custom,gelu,0.7,0.2,0.1,cuda,Adam,"{'lr': 0.000334, 'betas': (0.9, 0.999), 'eps': 1e-08, 'weight_decay': 0, 'amsgrad': False, 'maximize': False, 'foreach': None, 'capturable': False, 'differentiable': False, 'fused': None, 'decoupled_weight_decay': False, 'initial_lr': 0.001}",MSELoss,True,0.8134,0.9815,0.238,0.3533,0.0499,2.0779,0.4775,0.1733,1.258,0.0204,5.3955,0.0382,0.1531,True,,3
20260627_024254,h=0.5,401537.0,401537.0,0.0,0.7479,0.3608,1.317,10.15,60.0,"(32, 12)",40.0,128_2048_64,custom,gelu,0.7,0.2,0.1,cuda,Adam,"{'lr': 0.000334, 'betas': (0.9, 0.999), 'eps': 1e-08, 'weight_decay': 0, 'amsgrad': False, 'maximize': False, 'foreach': None, 'capturable': False, 'differentiable': False, 'fused': None, 'decoupled_weight_decay': False, 'initial_lr': 0.001}",MSELoss,True,0.6005,0.866,0.5182,0.7564,0.3607,1.3138,0.7007,0.443,0.9191,0.0354,5.0845,0.0442,0.3524,True,,3
20260627_024254,h=0.5,17985.0,17985.0,0.0,0.3711,0.0047,0.6059,10.18,60.0,"(32, 12)",40.0,64_128_64,custom,gelu,0.7,0.2,0.1,cuda,Adam,"{'lr': 0.00099, 'betas': (0.9, 0.999), 'eps': 1e-08, 'weight_decay': 0, 'amsgrad': False, 'maximize': False, 'foreach': None, 'capturable': False, 'differentiable': False, 'fused': None, 'decoupled_weight_decay': False, 'initial_lr': 0.001}",MSELoss,True,0.8036,0.9982,0.7747,0.3718,0.0047,0.6143,0.5306,0.0528,0.757,0.0135,5.4502,0.0128,0.0884,True,,3
20260627_024254,h=0.5,14433.0,14433.0,0.0,0.7661,0.0061,1.9185,10.11,60.0,"(32, 12)",40.0,256_32_64,custom,gelu,0.7,0.2,0.1,cuda,Adam,"{'lr': 0.00099, 'betas': (0.9, 0.999), 'eps': 1e-08, 'weight_decay': 0, 'amsgrad': False, 'maximize': False, 'foreach': None, 'capturable': False, 'differentiable': False, 'fused': None, 'decoupled_weight_decay': False, 'initial_lr': 0.001}",MSELoss,True,0.5938,0.9977,0.2821,0.769,0.0061,1.9574,0.6701,0.057,1.3491,0.023,5.4513,0.0267,0.1575,True,,3
20260627_024254,h=0.5,307329.0,307329.0,0.0,0.3579,0.0146,1.2087,10.21,60.0,"(32, 12)",40.0,256_128_2048,custom,gelu,0.7,0.2,0.1,cuda,Adam,"{'lr': 0.000334, 'betas': (0.9, 0.999), 'eps': 1e-08, 'weight_decay': 0, 'amsgrad': False, 'maximize': False, 'foreach': None, 'capturable': False, 'differentiable': False, 'fused': None, 'decoupled_weight_decay': False, 'initial_lr': 0.001}",MSELoss,True,0.8107,0.9946,0.5627,0.3583,0.0146,1.1924,0.4564,0.0954,0.9669,0.0223,5.4283,0.0305,0.0613,True,,3
20260627_024254,h=0.5,4362497.0,4362497.0,0.0,0.4659,0.224,1.0419,12.48,60.0,"(32, 12)",40.0,2048_2048_64,custom,gelu,0.7,0.2,0.1,cuda,Adam,"{'lr': 0.000334, 'betas': (0.9, 0.999), 'eps': 1e-08, 'weight_decay': 0, 'amsgrad': False, 'maximize': False, 'foreach': None, 'capturable': False, 'differentiable': False, 'fused': None, 'decoupled_weight_decay': False, 'initial_lr': 0.001}",MSELoss,True,0.7557,0.9167,0.6159,0.4625,0.2244,1.0473,0.5356,0.2826,0.9095,0.0268,5.1862,0.0319,0.3334,True,,3
20260627_024254,h=0.5,147937.0,147937.0,0.0,0.9241,0.3887,3.9439,9.47,60.0,"(32, 12)",40.0,32_4096,custom,gelu,0.7,0.2,0.1,cuda,Adam,"{'lr': 0.000334, 'betas': (0.9, 0.999), 'eps': 1e-08, 'weight_decay': 0, 'amsgrad': False, 'maximize': False, 'foreach': None, 'capturable': False, 'differentiable': False, 'fused': None, 'decoupled_weight_decay': False, 'initial_lr': 0.001}",MSELoss,True,0.5193,0.8558,-0.4843,0.91,0.3882,4.0474,0.6988,0.4637,1.6463,0.0358,5.3536,0.0609,0.2863,True,,2
20260627_024254,h=0.5,71985.0,71985.0,0.0,8.9284,7.6378,4.6443,10.19,60.0,"(32, 12)",40.0,16_2048_16,custom,gelu,0.7,0.2,0.1,cuda,Adam,"{'lr': 0.000334, 'betas': (0.9, 0.999), 'eps': 1e-08, 'weight_decay': 0, 'amsgrad': False, 'maximize': False, 'foreach': None, 'capturable': False, 'differentiable': False, 'fused': None, 'decoupled_weight_decay': False, 'initial_lr': 0.001}",MSELoss,True,-3.7092,-1.8383,-0.648,8.9149,7.6412,4.4936,2.7416,2.4657,1.8125,0.0571,3.8764,0.079,0.62,True,,3
20260627_024254,h=0.5,668641.0,668641.0,0.0,0.5111,0.0932,1.2241,10.1,60.0,"(32, 12)",40.0,32_4096_128,custom,gelu,0.7,0.2,0.1,cuda,Adam,"{'lr': 0.000334, 'betas': (0.9, 0.999), 'eps': 1e-08, 'weight_decay': 0, 'amsgrad': False, 'maximize': False, 'foreach': None, 'capturable': False, 'differentiable': False, 'fused': None, 'decoupled_weight_decay': False, 'initial_lr': 0.001}",MSELoss,True,0.7319,0.9653,0.5517,0.5076,0.0933,1.2223,0.5976,0.2358,0.9894,0.0233,5.3447,0.0283,0.2183,True,,3
20260627_024254,h=0.5,856449.0,856449.0,0.0,0.3674,0.004,0.9661,10.19,60.0,"(32, 12)",40.0,4096_128_2048,custom,gelu,0.7,0.2,0.1,cuda,Adam,"{'lr': 0.000334, 'betas': (0.9, 0.999), 'eps': 1e-08, 'weight_decay': 0, 'amsgrad': False, 'maximize': False, 'foreach': None, 'capturable': False, 'differentiable': False, 'fused': None, 'decoupled_weight_decay': False, 'initial_lr': 0.001}",MSELoss,True,0.8063,0.9985,0.651,0.3666,0.004,0.9517,0.509,0.0469,0.9482,0.0142,5.4512,0.0191,0.0813,True,,3
20260627_024254,h=0.5,1128065.0,1128065.0,0.0,2.2022,1.5751,2.857,10.21,60.0,"(32, 12)",40.0,512_2048_32,custom,gelu,0.7,0.2,0.1,cuda,Adam,"{'lr': 0.000334, 'betas': (0.9, 0.999), 'eps': 1e-08, 'weight_decay': 0, 'amsgrad': False, 'maximize': False, 'foreach': None, 'capturable': False, 'differentiable': False, 'fused': None, 'decoupled_weight_decay': False, 'initial_lr': 0.001}",MSELoss,True,-0.1645,0.4151,-0.0977,2.2044,1.5748,2.993,1.2549,0.9481,1.2765,0.053,4.7185,0.0787,0.5427,True,,3
20260627_024254,h=0.5,2049.0,2049.0,0.0,0.2935,0.008,0.6429,9.48,60.0,"(32, 12)",40.0,64_16,custom,gelu,0.7,0.2,0.1,cuda,Adam,"{'lr': 0.00099, 'betas': (0.9, 0.999), 'eps': 1e-08, 'weight_decay': 0, 'amsgrad': False, 'maximize': False, 'foreach': None, 'capturable': False, 'differentiable': False, 'fused': None, 'decoupled_weight_decay': False, 'initial_lr': 0.001}",MSELoss,True,0.8461,0.997,0.7594,0.2914,0.008,0.656,0.4805,0.0699,0.7794,0.0111,5.4407,0.0167,0.0687,True,,2
20260627_024254,h=0.5,34753.0,34753.0,0.0,0.548,0.0042,0.6837,10.1,60.0,"(32, 12)",40.0,64_256_64,custom,gelu,0.7,0.2,0.1,cuda,Adam,"{'lr': 0.00099, 'betas': (0.9, 0.999), 'eps': 1e-08, 'weight_decay': 0, 'amsgrad': False, 'maximize': False, 'foreach': None, 'capturable': False, 'differentiable': False, 'fused': None, 'decoupled_weight_decay': False, 'initial_lr': 0.001}",MSELoss,True,0.7104,0.9984,0.7497,0.5483,0.0042,0.6825,0.6548,0.0491,0.8061,0.0141,5.4488,0.0121,0.1208,True,,3
20260627_024254,h=0.5,8305.0,8305.0,0.0,0.632,0.007,1.7721,10.08,60.0,"(32, 12)",40.0,256_16_16,custom,gelu,0.7,0.2,0.1,cuda,Adam,"{'lr': 0.00099, 'betas': (0.9, 0.999), 'eps': 1e-08, 'weight_decay': 0, 'amsgrad': False, 'maximize': False, 'foreach': None, 'capturable': False, 'differentiable': False, 'fused': None, 'decoupled_weight_decay': False, 'initial_lr': 0.001}",MSELoss,True,0.6704,0.9974,0.3717,0.6239,0.007,1.7132,0.6319,0.0639,1.2649,0.0196,5.4449,0.0237,0.1397,True,,3
20260627_024254,h=0.5,2243041.0,2243041.0,0.0,0.6017,0.026,1.9234,10.24,60.0,"(32, 12)",40.0,32_4096_512,custom,gelu,0.7,0.2,0.1,cuda,Adam,"{'lr': 0.000334, 'betas': (0.9, 0.999), 'eps': 1e-08, 'weight_decay': 0, 'amsgrad': False, 'maximize': False, 'foreach': None, 'capturable': False, 'differentiable': False, 'fused': None, 'decoupled_weight_decay': False, 'initial_lr': 0.001}",MSELoss,True,0.6854,0.9903,0.3109,0.5955,0.026,1.879,0.573,0.1265,1.2914,0.0259,5.4291,0.0275,0.148,True,,3
20260627_024254,h=0.5,4296833.0,4296833.0,0.0,4.0175,3.1716,2.7728,12.47,60.0,"(32, 12)",40.0,2048_2048_32,custom,gelu,0.7,0.2,0.1,cuda,Adam,"{'lr': 0.000334, 'betas': (0.9, 0.999), 'eps': 1e-08, 'weight_decay': 0, 'amsgrad': False, 'maximize': False, 'foreach': None, 'capturable': False, 'differentiable': False, 'fused': None, 'decoupled_weight_decay': False, 'initial_lr': 0.001}",MSELoss,True,-1.1154,-0.1795,-0.0091,4.0046,3.1755,2.7515,1.7395,1.4367,1.3376,0.0541,4.4685,0.0788,0.575,True,,3
20260627_024254,h=0.5,29121.0,29121.0,0.0,0.4825,0.0036,1.467,10.14,60.0,"(32, 12)",40.0,256_64_128,custom,gelu,0.7,0.2,0.1,cuda,Adam,"{'lr': 0.00099, 'betas': (0.9, 0.999), 'eps': 1e-08, 'weight_decay': 0, 'amsgrad': False, 'maximize': False, 'foreach': None, 'capturable': False, 'differentiable': False, 'fused': None, 'decoupled_weight_decay': False, 'initial_lr': 0.001}",MSELoss,True,0.7463,0.9987,0.4637,0.4802,0.0036,1.4622,0.5419,0.0462,1.1779,0.018,5.4564,0.0204,0.1104,True,,3
20260627_024254,h=0.5,55233.0,55233.0,0.0,0.6206,0.0348,1.7699,10.18,60.0,"(32, 12)",40.0,256_64_512,custom,gelu,0.7,0.2,0.1,cuda,Adam,"{'lr': 0.000334, 'betas': (0.9, 0.999), 'eps': 1e-08, 'weight_decay': 0, 'amsgrad': False, 'maximize': False, 'foreach': None, 'capturable': False, 'differentiable': False, 'fused': None, 'decoupled_weight_decay': False, 'initial_lr': 0.001}",MSELoss,True,0.6757,0.9871,0.3572,0.614,0.0348,1.7528,0.6416,0.1422,1.2284,0.0206,5.3936,0.0308,0.1232,True,,3
20260627_024254,h=0.5,335873.0,335873.0,0.0,1.7856,1.2702,3.03,10.22,60.0,"(32, 12)",40.0,128_2048_32,custom,gelu,0.7,0.2,0.1,cuda,Adam,"{'lr': 0.000334, 'betas': (0.9, 0.999), 'eps': 1e-08, 'weight_decay': 0, 'amsgrad': False, 'maximize': False, 'foreach': None, 'capturable': False, 'differentiable': False, 'fused': None, 'decoupled_weight_decay': False, 'initial_lr': 0.001}",MSELoss,True,0.0482,0.528,-0.0637,1.8019,1.2706,2.9005,1.0978,0.8595,1.2353,0.0503,4.8333,0.0758,0.505,True,,3
20260627_024254,h=0.5,13281.0,13281.0,0.0,0.6961,0.0066,1.7264,10.17,60.0,"(32, 12)",40.0,256_32_32,custom,gelu,0.7,0.2,0.1,cuda,Adam,"{'lr': 0.00099, 'betas': (0.9, 0.999), 'eps': 1e-08, 'weight_decay': 0, 'amsgrad': False, 'maximize': False, 'foreach': None, 'capturable': False, 'differentiable': False, 'fused': None, 'decoupled_weight_decay': False, 'initial_lr': 0.001}",MSELoss,True,0.631,0.9975,0.361,0.6986,0.0066,1.7423,0.6776,0.0611,1.2841,0.0197,5.4515,0.0214,0.1694,True,,3
20260627_024254,h=0.5,13761.0,13761.0,0.0,0.7466,0.0035,1.2783,10.15,60.0,"(32, 12)",40.0,64_128_32,custom,gelu,0.7,0.2,0.1,cuda,Adam,"{'lr': 0.00099, 'betas': (0.9, 0.999), 'eps': 1e-08, 'weight_decay': 0, 'amsgrad': False, 'maximize': False, 'foreach': None, 'capturable': False, 'differentiable': False, 'fused': None, 'decoupled_weight_decay': False, 'initial_lr': 0.001}",MSELoss,True,0.606,0.9987,0.5233,0.746,0.0035,1.2999,0.7475,0.0454,1.1127,0.0186,5.448,0.0201,0.1475,True,,3
20260627_024254,h=0.5,26433.0,26433.0,0.0,0.5299,0.0052,0.6767,10.16,60.0,"(32, 12)",40.0,64_256_32,custom,gelu,0.7,0.2,0.1,cuda,Adam,"{'lr': 0.00099, 'betas': (0.9, 0.999), 'eps': 1e-08, 'weight_decay': 0, 'amsgrad': False, 'maximize': False, 'foreach': None, 'capturable': False, 'differentiable': False, 'fused': None, 'decoupled_weight_decay': False, 'initial_lr': 0.001}",MSELoss,True,0.7187,0.9981,0.7506,0.5326,0.0052,0.6801,0.648,0.0562,0.7999,0.0137,5.4499,0.0118,0.1157,True,,3
20260627_024254,h=0.5,272257.0,272257.0,0.0,0.5974,0.0584,1.5866,9.53,60.0,"(32, 12)",40.0,128_2048,custom,gelu,0.7,0.2,0.1,cuda,Adam,"{'lr': 0.000334, 'betas': (0.9, 0.999), 'eps': 1e-08, 'weight_decay': 0, 'amsgrad': False, 'maximize': False, 'foreach': None, 'capturable': False, 'differentiable': False, 'fused': None, 'decoupled_weight_decay': False, 'initial_lr': 0.001}",MSELoss,True,0.6873,0.9783,0.4229,0.5919,0.0585,1.5736,0.5793,0.1862,1.0554,0.0261,5.4527,0.0384,0.1177,True,,2
20260627_024254,h=0.5,1193729.0,1193729.0,0.0,0.6933,0.3007,0.8809,10.18,60.0,"(32, 12)",40.0,512_2048_64,custom,gelu,0.7,0.2,0.1,cuda,Adam,"{'lr': 0.000334, 'betas': (0.9, 0.999), 'eps': 1e-08, 'weight_decay': 0, 'amsgrad': False, 'maximize': False, 'foreach': None, 'capturable': False, 'differentiable': False, 'fused': None, 'decoupled_weight_decay': False, 'initial_lr': 0.001}",MSELoss,True,0.6368,0.8883,0.6725,0.6875,0.3007,0.8929,0.6897,0.3771,0.8162,0.0331,5.1336,0.0316,0.3536,True,,3
20260627_024254,h=0.5,37825.0,37825.0,0.0,0.5409,0.0051,1.1487,10.18,60.0,"(32, 12)",40.0,256_64_256,custom,gelu,0.7,0.2,0.1,cuda,Adam,"{'lr': 0.00099, 'betas': (0.9, 0.999), 'eps': 1e-08, 'weight_decay': 0, 'amsgrad': False, 'maximize': False, 'foreach': None, 'capturable': False, 'differentiable': False, 'fused': None, 'decoupled_weight_decay': False, 'initial_lr': 0.001}",MSELoss,True,0.7156,0.9981,0.5815,0.5383,0.0051,1.1412,0.619,0.0549,1.0455,0.0169,5.453,0.018,0.1074,True,,3
20260627_024254,h=0.5,590337.0,590337.0,0.0,1.8476,1.2471,1.7093,10.13,60.0,"(32, 12)",40.0,4096_128_32,custom,gelu,0.7,0.2,0.1,cuda,Adam,"{'lr': 0.000334, 'betas': (0.9, 0.999), 'eps': 1e-08, 'weight_decay': 0, 'amsgrad': False, 'maximize': False, 'foreach': None, 'capturable': False, 'differentiable': False, 'fused': None, 'decoupled_weight_decay': False, 'initial_lr': 0.001}",MSELoss,True,0.0235,0.5364,0.3682,1.8487,1.2481,1.7229,1.1081,0.8152,1.0214,0.0515,4.7701,0.0608,0.4988,True,,3
20260627_024254,h=0.5,139777.0,139777.0,0.0,0.4798,0.0412,1.7871,9.56,60.0,"(32, 12)",40.0,512_256,custom,gelu,0.7,0.2,0.1,cuda,Adam,"{'lr': 0.000334, 'betas': (0.9, 0.999), 'eps': 1e-08, 'weight_decay': 0, 'amsgrad': False, 'maximize': False, 'foreach': None, 'capturable': False, 'differentiable': False, 'fused': None, 'decoupled_weight_decay': False, 'initial_lr': 0.001}",MSELoss,True,0.7446,0.9847,0.3361,0.4835,0.0413,1.8102,0.5365,0.1463,1.2106,0.022,5.342,0.0346,0.1214,True,,2
20260627_024254,h=0.5,1620737.0,1620737.0,0.0,0.4016,0.0048,0.7039,10.07,60.0,"(32, 12)",40.0,2048_256_4096,custom,gelu,0.7,0.2,0.1,cuda,Adam,"{'lr': 0.000334, 'betas': (0.9, 0.999), 'eps': 1e-08, 'weight_decay': 0, 'amsgrad': False, 'maximize': False, 'foreach': None, 'capturable': False, 'differentiable': False, 'fused': None, 'decoupled_weight_decay': False, 'initial_lr': 0.001}",MSELoss,True,0.7909,0.9982,0.7409,0.3959,0.0048,0.7066,0.5078,0.053,0.8161,0.0156,5.4582,0.0161,0.0735,True,,3
20260627_024254,h=0.5,85937.0,85937.0,0.0,0.3272,0.0691,0.9258,10.21,60.0,"(32, 12)",40.0,128_16_4096,custom,gelu,0.7,0.2,0.1,cuda,Adam,"{'lr': 0.000334, 'betas': (0.9, 0.999), 'eps': 1e-08, 'weight_decay': 0, 'amsgrad': False, 'maximize': False, 'foreach': None, 'capturable': False, 'differentiable': False, 'fused': None, 'decoupled_weight_decay': False, 'initial_lr': 0.001}",MSELoss,True,0.8252,0.9743,0.66,0.3309,0.0691,0.9272,0.4664,0.2038,0.8563,0.02,5.364,0.0257,0.1219,True,,3
20260627_024254,h=0.5,39617.0,39617.0,0.0,0.6971,0.0068,1.8322,10.21,60.0,"(32, 12)",40.0,128_256_16,custom,gelu,0.7,0.2,0.1,cuda,Adam,"{'lr': 0.00099, 'betas': (0.9, 0.999), 'eps': 1e-08, 'weight_decay': 0, 'amsgrad': False, 'maximize': False, 'foreach': None, 'capturable': False, 'differentiable': False, 'fused': None, 'decoupled_weight_decay': False, 'initial_lr': 0.001}",MSELoss,True,0.6333,0.9975,0.3238,0.6942,0.0068,1.8438,0.6599,0.0632,1.3162,0.0207,5.4507,0.0221,0.1653,True,,3
20260627_024254,h=0.5,156161.0,156161.0,0.0,0.7935,0.4102,1.8835,10.12,60.0,"(32, 12)",40.0,512_256_64,custom,gelu,0.7,0.2,0.1,cuda,Adam,"{'lr': 0.000334, 'betas': (0.9, 0.999), 'eps': 1e-08, 'weight_decay': 0, 'amsgrad': False, 'maximize': False, 'foreach': None, 'capturable': False, 'differentiable': False, 'fused': None, 'decoupled_weight_decay': False, 'initial_lr': 0.001}",MSELoss,True,0.5791,0.8474,0.2903,0.7969,0.4107,1.9351,0.6851,0.467,1.1056,0.0368,5.0371,0.0506,0.3681,True,,3
20260627_024254,h=0.5,283777.0,283777.0,0.0,0.6851,0.0701,0.7755,10.27,60.0,"(32, 12)",40.0,64_64_4096,custom,gelu,0.7,0.2,0.1,cuda,Adam,"{'lr': 0.000334, 'betas': (0.9, 0.999), 'eps': 1e-08, 'weight_decay': 0, 'amsgrad': False, 'maximize': False, 'foreach': None, 'capturable': False, 'differentiable': False, 'fused': None, 'decoupled_weight_decay': False, 'initial_lr': 0.001}",MSELoss,True,0.6344,0.9739,0.7125,0.692,0.0702,0.7839,0.6877,0.2082,0.7474,0.0342,5.3936,0.037,0.1064,True,,3
20260627_024254,h=0.5,65537.0,65537.0,0.0,2.3539,0.6966,9.0747,8.83,60.0,"(32, 12)",40.0,4096,custom,gelu,0.7,0.2,0.1,cuda,Adam,"{'lr': 0.000334, 'betas': (0.9, 0.999), 'eps': 1e-08, 'weight_decay': 0, 'amsgrad': False, 'maximize': False, 'foreach': None, 'capturable': False, 'differentiable': False, 'fused': None, 'decoupled_weight_decay': False, 'initial_lr': 0.001}",MSELoss,True,-0.2497,0.7414,-2.0982,2.3658,0.6962,8.448,0.9888,0.6075,2.2959,0.0521,4.9387,0.0828,0.5539,True,,1
20260627_024254,h=0.5,145457.0,145457.0,0.0,0.2665,0.0121,0.6281,10.18,60.0,"(32, 12)",40.0,2048_16_4096,custom,gelu,0.7,0.2,0.1,cuda,Adam,"{'lr': 0.000334, 'betas': (0.9, 0.999), 'eps': 1e-08, 'weight_decay': 0, 'amsgrad': False, 'maximize': False, 'foreach': None, 'capturable': False, 'differentiable': False, 'fused': None, 'decoupled_weight_decay': False, 'initial_lr': 0.001}",MSELoss,True,0.8596,0.9955,0.769,0.2659,0.012,0.63,0.4529,0.0857,0.7616,0.0118,5.4314,0.0179,0.0688,True,,3
20260627_024254,h=0.5,13105.0,13105.0,0.0,0.5786,0.0043,0.9582,10.23,60.0,"(32, 12)",40.0,256_16_256,custom,gelu,0.7,0.2,0.1,cuda,Adam,"{'lr': 0.00099, 'betas': (0.9, 0.999), 'eps': 1e-08, 'weight_decay': 0, 'amsgrad': False, 'maximize': False, 'foreach': None, 'capturable': False, 'differentiable': False, 'fused': None, 'decoupled_weight_decay': False, 'initial_lr': 0.001}",MSELoss,True,0.6944,0.9984,0.653,0.5785,0.0043,0.9463,0.6491,0.0517,0.952,0.0168,5.4501,0.0168,0.115,True,,3
20260627_024254,h=0.5,17761.0,17761.0,0.0,0.2925,0.0078,0.6819,10.17,60.0,"(32, 12)",40.0,32_256_32,custom,gelu,0.7,0.2,0.1,cuda,Adam,"{'lr': 0.00099, 'betas': (0.9, 0.999), 'eps': 1e-08, 'weight_decay': 0, 'amsgrad': False, 'maximize': False, 'foreach': None, 'capturable': False, 'differentiable': False, 'fused': None, 'decoupled_weight_decay': False, 'initial_lr': 0.001}",MSELoss,True,0.8454,0.9971,0.7649,0.2927,0.0078,0.641,0.4705,0.0684,0.7647,0.0122,5.4492,0.0181,0.0579,True,,3
20260627_024254,h=0.5,18225.0,18225.0,0.0,0.8343,0.1145,2.2456,10.2,60.0,"(32, 12)",40.0,256_16_512,custom,gelu,0.7,0.2,0.1,cuda,Adam,"{'lr': 0.000334, 'betas': (0.9, 0.999), 'eps': 1e-08, 'weight_decay': 0, 'amsgrad': False, 'maximize': False, 'foreach': None, 'capturable': False, 'differentiable': False, 'fused': None, 'decoupled_weight_decay': False, 'initial_lr': 0.001}",MSELoss,True,0.556,0.9574,0.1671,0.8405,0.1147,2.271,0.7476,0.2451,1.3414,0.0265,5.2286,0.0403,0.1959,True,,3
20260627_024254,h=0.5,9185.0,9185.0,0.0,0.2721,0.0063,0.4921,10.07,60.0,"(32, 12)",40.0,32_128_32,custom,gelu,0.7,0.2,0.1,cuda,Adam,"{'lr': 0.00099, 'betas': (0.9, 0.999), 'eps': 1e-08, 'weight_decay': 0, 'amsgrad': False, 'maximize': False, 'foreach': None, 'capturable': False, 'differentiable': False, 'fused': None, 'decoupled_weight_decay': False, 'initial_lr': 0.001}",MSELoss,True,0.858,0.9976,0.8242,0.2689,0.0064,0.4794,0.3721,0.062,0.6407,0.0167,5.4456,0.0178,0.0523,True,,3
20260627_024254,h=0.5,73729.0,73729.0,0.0,0.6958,0.1906,2.5586,9.58,60.0,"(32, 12)",40.0,512_128,custom,gelu,0.7,0.2,0.1,cuda,Adam,"{'lr': 0.000334, 'betas': (0.9, 0.999), 'eps': 1e-08, 'weight_decay': 0, 'amsgrad': False, 'maximize': False, 'foreach': None, 'capturable': False, 'differentiable': False, 'fused': None, 'decoupled_weight_decay': False, 'initial_lr': 0.001}",MSELoss,True,0.6288,0.9292,0.0495,0.7027,0.1907,2.5917,0.6279,0.3125,1.3429,0.0312,5.2374,0.0504,0.2482,True,,2
20260627_024254,h=0.5,167985.0,167985.0,0.0,0.5098,0.0094,1.0308,10.11,60.0,"(32, 12)",40.0,4096_16_2048,custom,gelu,0.7,0.2,0.1,cuda,Adam,"{'lr': 0.000334, 'betas': (0.9, 0.999), 'eps': 1e-08, 'weight_decay': 0, 'amsgrad': False, 'maximize': False, 'foreach': None, 'capturable': False, 'differentiable': False, 'fused': None, 'decoupled_weight_decay': False, 'initial_lr': 0.001}",MSELoss,True,0.7327,0.9965,0.618,0.5061,0.0094,1.0417,0.616,0.072,0.992,0.0164,5.4276,0.0201,0.1138,True,,3
20260627_024254,h=0.5,20801.0,20801.0,0.0,0.4999,0.0055,1.1523,10.14,60.0,"(32, 12)",40.0,128_128_16,custom,gelu,0.7,0.2,0.1,cuda,Adam,"{'lr': 0.00099, 'betas': (0.9, 0.999), 'eps': 1e-08, 'weight_decay': 0, 'amsgrad': False, 'maximize': False, 'foreach': None, 'capturable': False, 'differentiable': False, 'fused': None, 'decoupled_weight_decay': False, 'initial_lr': 0.001}",MSELoss,True,0.7316,0.998,0.5859,0.5081,0.0055,1.129,0.5736,0.0566,1.0396,0.0177,5.4503,0.0166,0.1184,True,,3
20260627_024254,h=0.5,82049.0,82049.0,0.0,0.8122,0.4173,2.1181,10.16,60.0,"(32, 12)",40.0,512_128_64,custom,gelu,0.7,0.2,0.1,cuda,Adam,"{'lr': 0.000334, 'betas': (0.9, 0.999), 'eps': 1e-08, 'weight_decay': 0, 'amsgrad': False, 'maximize': False, 'foreach': None, 'capturable': False, 'differentiable': False, 'fused': None, 'decoupled_weight_decay': False, 'initial_lr': 0.001}",MSELoss,True,0.5702,0.8449,0.1976,0.8136,0.4176,2.1879,0.6921,0.469,1.1586,0.0372,5.0379,0.0545,0.3716,True,,3
20260627_024254,h=0.5,10545.0,10545.0,0.0,0.6259,0.006,1.6051,10.1,60.0,"(32, 12)",40.0,256_16_128,custom,gelu,0.7,0.2,0.1,cuda,Adam,"{'lr': 0.00099, 'betas': (0.9, 0.999), 'eps': 1e-08, 'weight_decay': 0, 'amsgrad': False, 'maximize': False, 'foreach': None, 'capturable': False, 'differentiable': False, 'fused': None, 'decoupled_weight_decay': False, 'initial_lr': 0.001}",MSELoss,True,0.6687,0.9977,0.4098,0.6272,0.0061,1.6093,0.6292,0.0591,1.2317,0.0199,5.4536,0.0212,0.1428,True,,3
20260627_024254,h=0.5,8433665.0,8433665.0,0.0,0.5509,0.0037,1.2793,17.68,60.0,"(32, 12)",40.0,2048_2048_2048,custom,gelu,0.7,0.2,0.1,cuda,Adam,"{'lr': 0.000334, 'betas': (0.9, 0.999), 'eps': 1e-08, 'weight_decay': 0, 'amsgrad': False, 'maximize': False, 'foreach': None, 'capturable': False, 'differentiable': False, 'fused': None, 'decoupled_weight_decay': False, 'initial_lr': 0.001}",MSELoss,True,0.7106,0.9986,0.5281,0.5479,0.0037,1.2867,0.6313,0.0465,1.1159,0.0159,5.4479,0.0175,0.1221,True,,3
20260627_024254,h=0.5,1119105.0,1119105.0,0.0,2.4409,1.8096,2.6587,10.15,60.0,"(32, 12)",40.0,4096_256_32,custom,gelu,0.7,0.2,0.1,cuda,Adam,"{'lr': 0.000334, 'betas': (0.9, 0.999), 'eps': 1e-08, 'weight_decay': 0, 'amsgrad': False, 'maximize': False, 'foreach': None, 'capturable': False, 'differentiable': False, 'fused': None, 'decoupled_weight_decay': False, 'initial_lr': 0.001}",MSELoss,True,-0.281,0.3265,-0.0074,2.4251,1.8133,2.7468,1.3205,1.028,1.2645,0.0524,4.6483,0.0775,0.5456,True,,3
20260627_024254,h=0.5,271873.0,271873.0,0.0,0.2786,0.015,1.0083,9.71,60.0,"(32, 12)",40.0,512_512,custom,gelu,0.7,0.2,0.1,cuda,Adam,"{'lr': 0.000334, 'betas': (0.9, 0.999), 'eps': 1e-08, 'weight_decay': 0, 'amsgrad': False, 'maximize': False, 'foreach': None, 'capturable': False, 'differentiable': False, 'fused': None, 'decoupled_weight_decay': False, 'initial_lr': 0.001}",MSELoss,True,0.8522,0.9944,0.6311,0.2797,0.015,1.0059,0.4182,0.0911,0.9146,0.016,5.3952,0.026,0.0502,True,,2
20260627_024254,h=0.5,16937441.0,16937441.0,0.0,1.8392,0.0644,3.0443,33.7,60.0,"(32, 12)",40.0,32_4096_4096,custom,gelu,0.7,0.2,0.1,cuda,Adam,"{'lr': 0.000334, 'betas': (0.9, 0.999), 'eps': 1e-08, 'weight_decay': 0, 'amsgrad': False, 'maximize': False, 'foreach': None, 'capturable': False, 'differentiable': False, 'fused': None, 'decoupled_weight_decay': False, 'initial_lr': 0.001}",MSELoss,True,0.0284,0.9761,-0.118,1.8393,0.0644,3.0484,1.2257,0.1959,1.6769,0.0259,5.4323,0.0307,0.3473,True,,3
20260627_024254,h=0.5,287873.0,287873.0,0.0,1.9718,1.4046,3.0395,10.11,60.0,"(32, 12)",40.0,512_512_32,custom,gelu,0.7,0.2,0.1,cuda,Adam,"{'lr': 0.000334, 'betas': (0.9, 0.999), 'eps': 1e-08, 'weight_decay': 0, 'amsgrad': False, 'maximize': False, 'foreach': None, 'capturable': False, 'differentiable': False, 'fused': None, 'decoupled_weight_decay': False, 'initial_lr': 0.001}",MSELoss,True,-0.0361,0.4775,-0.1087,1.9615,1.4068,3.0231,1.1512,0.8897,1.2639,0.0511,4.7658,0.0781,0.5281,True,,3
20260627_024254,h=0.5,10513921.0,10513921.0,0.0,0.6923,0.0055,1.4772,22.26,60.0,"(32, 12)",40.0,512_4096_2048,custom,gelu,0.7,0.2,0.1,cuda,Adam,"{'lr': 0.000334, 'betas': (0.9, 0.999), 'eps': 1e-08, 'weight_decay': 0, 'amsgrad': False, 'maximize': False, 'foreach': None, 'capturable': False, 'differentiable': False, 'fused': None, 'decoupled_weight_decay': False, 'initial_lr': 0.001}",MSELoss,True,0.6359,0.998,0.4613,0.6892,0.0055,1.4689,0.6737,0.0556,1.1914,0.0207,5.4409,0.0185,0.1503,True,,3
20260627_024254,h=0.5,16982145.0,16982145.0,0.0,3.4082,3.4315,2.6866,33.69,60.0,"(32, 12)",40.0,4096_4096_32,custom,gelu,0.7,0.2,0.1,cuda,Adam,"{'lr': 0.000334, 'betas': (0.9, 0.999), 'eps': 1e-08, 'weight_decay': 0, 'amsgrad': False, 'maximize': False, 'foreach': None, 'capturable': False, 'differentiable': False, 'fused': None, 'decoupled_weight_decay': False, 'initial_lr': 0.001}",MSELoss,True,-0.7918,-0.274,-0.0003,3.3921,3.4298,2.7276,1.5941,1.5603,1.3205,0.0571,3.8674,0.079,0.6118,True,,3
20260627_024254,h=0.5,149057.0,149057.0,0.0,0.7993,0.2728,2.7394,10.18,60.0,"(32, 12)",40.0,32_32_4096,custom,gelu,0.7,0.2,0.1,cuda,Adam,"{'lr': 0.000334, 'betas': (0.9, 0.999), 'eps': 1e-08, 'weight_decay': 0, 'amsgrad': False, 'maximize': False, 'foreach': None, 'capturable': False, 'differentiable': False, 'fused': None, 'decoupled_weight_decay': False, 'initial_lr': 0.001}",MSELoss,True,0.5769,0.8987,-0.0132,0.8009,0.2728,2.7628,0.669,0.4032,1.3273,0.0325,5.2429,0.0538,0.2403,True,,3
20260627_024254,h=0.5,545633.0,545633.0,0.0,0.6338,0.0724,1.0835,10.2,60.0,"(32, 12)",40.0,32_128_4096,custom,gelu,0.7,0.2,0.1,cuda,Adam,"{'lr': 0.000334, 'betas': (0.9, 0.999), 'eps': 1e-08, 'weight_decay': 0, 'amsgrad': False, 'maximize': False, 'foreach': None, 'capturable': False, 'differentiable': False, 'fused': None, 'decoupled_weight_decay': False, 'initial_lr': 0.001}",MSELoss,True,0.6634,0.9732,0.5976,0.6372,0.0723,1.0971,0.6394,0.2081,0.9107,0.0316,5.3846,0.0264,0.1226,True,,3
20260627_024254,h=0.5,51425.0,51425.0,0.0,1.0776,0.6181,2.7796,10.12,60.0,"(32, 12)",40.0,32_512_64,custom,gelu,0.7,0.2,0.1,cuda,Adam,"{'lr': 0.000334, 'betas': (0.9, 0.999), 'eps': 1e-08, 'weight_decay': 0, 'amsgrad': False, 'maximize': False, 'foreach': None, 'capturable': False, 'differentiable': False, 'fused': None, 'decoupled_weight_decay': False, 'initial_lr': 0.001}",MSELoss,True,0.4367,0.7702,-0.0281,1.0664,0.6187,2.8032,0.7853,0.6063,1.2773,0.0427,5.0904,0.0625,0.416,True,,3
20260627_024254,h=0.5,8675201.0,8675201.0,0.0,0.3774,0.0055,1.093,18.19,60.0,"(32, 12)",40.0,128_2048_4096,custom,gelu,0.7,0.2,0.1,cuda,Adam,"{'lr': 0.000334, 'betas': (0.9, 0.999), 'eps': 1e-08, 'weight_decay': 0, 'amsgrad': False, 'maximize': False, 'foreach': None, 'capturable': False, 'differentiable': False, 'fused': None, 'decoupled_weight_decay': False, 'initial_lr': 0.001}",MSELoss,True,0.7992,0.998,0.5951,0.38,0.0055,1.104,0.5002,0.0582,1.0028,0.0161,5.4518,0.0185,0.103,True,,3
20260627_024254,h=0.5,5361.0,5361.0,0.0,0.3776,0.0124,0.7238,9.5,60.0,"(32, 12)",40.0,16_256,custom,gelu,0.7,0.2,0.1,cuda,Adam,"{'lr': 0.00099, 'betas': (0.9, 0.999), 'eps': 1e-08, 'weight_decay': 0, 'amsgrad': False, 'maximize': False, 'foreach': None, 'capturable': False, 'differentiable': False, 'fused': None, 'decoupled_weight_decay': False, 'initial_lr': 0.001}",MSELoss,True,0.7989,0.9954,0.7297,0.3806,0.0124,0.737,0.5419,0.0861,0.8178,0.014,5.4375,0.0175,0.0772,True,,2
20260627_024254,h=0.5,33644545.0,33644545.0,0.0,0.7132,0.0072,1.7534,60.21,60.0,"(32, 12)",40.0,4096_4096_4096,custom,gelu,0.7,0.2,0.1,cuda,Adam,"{'lr': 0.000334, 'betas': (0.9, 0.999), 'eps': 1e-08, 'weight_decay': 0, 'amsgrad': False, 'maximize': False, 'foreach': None, 'capturable': False, 'differentiable': False, 'fused': None, 'decoupled_weight_decay': False, 'initial_lr': 0.001}",MSELoss,True,0.6231,0.9973,0.3634,0.7135,0.0072,1.7359,0.7382,0.0663,1.2836,0.0172,5.47,0.0234,0.1728,True,,3
20260627_024254,h=0.5,269505.0,269505.0,0.0,1.2197,0.651,2.0343,10.16,60.0,"(32, 12)",40.0,64_2048_64,custom,gelu,0.7,0.2,0.1,cuda,Adam,"{'lr': 0.000334, 'betas': (0.9, 0.999), 'eps': 1e-08, 'weight_decay': 0, 'amsgrad': False, 'maximize': False, 'foreach': None, 'capturable': False, 'differentiable': False, 'fused': None, 'decoupled_weight_decay': False, 'initial_lr': 0.001}",MSELoss,True,0.3583,0.7578,0.219,1.2147,0.6521,2.1296,0.8926,0.6001,1.1171,0.0451,4.9254,0.0614,0.4268,True,,3
20260627_024254,h=0.5,513.0,513.0,0.0,0.1145,0.0189,0.4131,8.8,60.0,"(32, 12)",40.0,32,custom,gelu,0.7,0.2,0.1,cuda,Adam,"{'lr': 0.00099, 'betas': (0.9, 0.999), 'eps': 1e-08, 'weight_decay': 0, 'amsgrad': False, 'maximize': False, 'foreach': None, 'capturable': False, 'differentiable': False, 'fused': None, 'decoupled_weight_decay': False, 'initial_lr': 0.001}",MSELoss,True,0.9393,0.993,0.856,0.115,0.0189,0.3927,0.2696,0.1016,0.5112,0.0113,5.3999,0.0232,0.0174,True,,1
20260627_024254,h=0.5,10481.0,10481.0,0.0,2.334,0.9877,7.7539,9.5,60.0,"(32, 12)",40.0,16_512,custom,gelu,0.7,0.2,0.1,cuda,Adam,"{'lr': 0.000334, 'betas': (0.9, 0.999), 'eps': 1e-08, 'weight_decay': 0, 'amsgrad': False, 'maximize': False, 'foreach': None, 'capturable': False, 'differentiable': False, 'fused': None, 'decoupled_weight_decay': False, 'initial_lr': 0.001}",MSELoss,True,-0.2002,0.6324,-1.9093,2.2721,0.9896,7.9328,1.0884,0.7563,2.21,0.0561,4.8957,0.0844,0.6438,True,,2
20260627_024254,h=0.5,2753.0,2753.0,0.0,0.3821,0.0094,0.7899,10.06,60.0,"(32, 12)",40.0,32_32_32,custom,gelu,0.7,0.2,0.1,cuda,Adam,"{'lr': 0.00099, 'betas': (0.9, 0.999), 'eps': 1e-08, 'weight_decay': 0, 'amsgrad': False, 'maximize': False, 'foreach': None, 'capturable': False, 'differentiable': False, 'fused': None, 'decoupled_weight_decay': False, 'initial_lr': 0.001}",MSELoss,True,0.7987,0.9965,0.709,0.3811,0.0094,0.7934,0.5366,0.0745,0.8606,0.0144,5.4414,0.0188,0.0912,True,,3
20260627_024254,h=0.5,2801.0,2801.0,0.0,0.5168,0.0121,0.8988,9.58,60.0,"(32, 12)",40.0,16_128,custom,gelu,0.7,0.2,0.1,cuda,Adam,"{'lr': 0.00099, 'betas': (0.9, 0.999), 'eps': 1e-08, 'weight_decay': 0, 'amsgrad': False, 'maximize': False, 'foreach': None, 'capturable': False, 'differentiable': False, 'fused': None, 'decoupled_weight_decay': False, 'initial_lr': 0.001}",MSELoss,True,0.7273,0.9955,0.6694,0.5162,0.0121,0.9015,0.6436,0.0843,0.9036,0.0144,5.4396,0.0184,0.1022,True,,2
20260627_024254,h=0.5,2193153.0,2193153.0,0.0,0.7636,0.424,1.3075,10.98,60.0,"(32, 12)",40.0,4096_512_64,custom,gelu,0.7,0.2,0.1,cuda,Adam,"{'lr': 0.000334, 'betas': (0.9, 0.999), 'eps': 1e-08, 'weight_decay': 0, 'amsgrad': False, 'maximize': False, 'foreach': None, 'capturable': False, 'differentiable': False, 'fused': None, 'decoupled_weight_decay': False, 'initial_lr': 0.001}",MSELoss,True,0.5978,0.8422,0.5149,0.7615,0.4248,1.3227,0.7348,0.4444,0.996,0.0346,5.0772,0.0409,0.4008,True,,3
20260627_024254,h=0.5,9665.0,9665.0,0.0,0.4744,0.0039,1.291,9.65,60.0,"(32, 12)",40.0,64_128,custom,gelu,0.7,0.2,0.1,cuda,Adam,"{'lr': 0.00099, 'betas': (0.9, 0.999), 'eps': 1e-08, 'weight_decay': 0, 'amsgrad': False, 'maximize': False, 'foreach': None, 'capturable': False, 'differentiable': False, 'fused': None, 'decoupled_weight_decay': False, 'initial_lr': 0.001}",MSELoss,True,0.7472,0.9985,0.5303,0.4785,0.0039,1.2808,0.5624,0.0487,1.1078,0.0169,5.4497,0.0193,0.0952,True,,2
20260627_024254,h=0.5,142561.0,142561.0,0.0,0.7342,0.1645,2.0452,10.19,60.0,"(32, 12)",40.0,32_256_512,custom,gelu,0.7,0.2,0.1,cuda,Adam,"{'lr': 0.000334, 'betas': (0.9, 0.999), 'eps': 1e-08, 'weight_decay': 0, 'amsgrad': False, 'maximize': False, 'foreach': None, 'capturable': False, 'differentiable': False, 'fused': None, 'decoupled_weight_decay': False, 'initial_lr': 0.001}",MSELoss,True,0.6136,0.9388,0.2382,0.7315,0.1647,2.0773,0.654,0.3083,1.2326,0.03,5.2853,0.0409,0.2008,True,,3
20260627_024254,h=0.5,550593.0,550593.0,0.0,0.2823,0.0217,1.1184,10.25,60.0,"(32, 12)",40.0,64_256_2048,custom,gelu,0.7,0.2,0.1,cuda,Adam,"{'lr': 0.000334, 'betas': (0.9, 0.999), 'eps': 1e-08, 'weight_decay': 0, 'amsgrad': False, 'maximize': False, 'foreach': None, 'capturable': False, 'differentiable': False, 'fused': None, 'decoupled_weight_decay': False, 'initial_lr': 0.001}",MSELoss,True,0.8508,0.992,0.5956,0.2824,0.0217,1.1027,0.4232,0.1152,0.9767,0.0171,5.4333,0.0233,0.0752,True,,3
20260627_024254,h=0.5,603009.0,603009.0,0.0,0.2754,0.0328,0.7505,10.09,60.0,"(32, 12)",40.0,4096_128_128,custom,gelu,0.7,0.2,0.1,cuda,Adam,"{'lr': 0.000334, 'betas': (0.9, 0.999), 'eps': 1e-08, 'weight_decay': 0, 'amsgrad': False, 'maximize': False, 'foreach': None, 'capturable': False, 'differentiable': False, 'fused': None, 'decoupled_weight_decay': False, 'initial_lr': 0.001}",MSELoss,True,0.8554,0.9878,0.7227,0.2738,0.0329,0.7561,0.446,0.1297,0.8327,0.0161,5.4002,0.0176,0.1361,True,,3
20260627_024254,h=0.5,319169.0,319169.0,0.0,0.274,0.0101,0.4041,10.19,60.0,"(32, 12)",40.0,512_64_4096,custom,gelu,0.7,0.2,0.1,cuda,Adam,"{'lr': 0.000334, 'betas': (0.9, 0.999), 'eps': 1e-08, 'weight_decay': 0, 'amsgrad': False, 'maximize': False, 'foreach': None, 'capturable': False, 'differentiable': False, 'fused': None, 'decoupled_weight_decay': False, 'initial_lr': 0.001}",MSELoss,True,0.8562,0.9963,0.8474,0.2723,0.0101,0.4161,0.4251,0.0773,0.5702,0.0145,5.4356,0.0203,0.046,True,,3
20260627_024254,h=0.5,35777.0,35777.0,0.0,1.3498,0.3458,4.6119,9.49,60.0,"(32, 12)",40.0,64_512,custom,gelu,0.7,0.2,0.1,cuda,Adam,"{'lr': 0.000334, 'betas': (0.9, 0.999), 'eps': 1e-08, 'weight_decay': 0, 'amsgrad': False, 'maximize': False, 'foreach': None, 'capturable': False, 'differentiable': False, 'fused': None, 'decoupled_weight_decay': False, 'initial_lr': 0.001}",MSELoss,True,0.2837,0.8714,-0.6775,1.356,0.3463,4.5742,0.8233,0.4387,1.7596,0.0409,5.3178,0.0628,0.3161,True,,2
20260627_024254,h=0.5,42721.0,42721.0,0.0,0.6385,0.0055,1.2293,10.11,60.0,"(32, 12)",40.0,32_256_128,custom,gelu,0.7,0.2,0.1,cuda,Adam,"{'lr': 0.00099, 'betas': (0.9, 0.999), 'eps': 1e-08, 'weight_decay': 0, 'amsgrad': False, 'maximize': False, 'foreach': None, 'capturable': False, 'differentiable': False, 'fused': None, 'decoupled_weight_decay': False, 'initial_lr': 0.001}",MSELoss,True,0.6639,0.9979,0.5438,0.6363,0.0055,1.244,0.6807,0.0575,1.0993,0.0182,5.4493,0.0165,0.1164,True,,3
20260627_024254,h=0.5,653697.0,653697.0,0.0,0.3414,0.0078,0.7733,10.12,60.0,"(32, 12)",40.0,4096_128_512,custom,gelu,0.7,0.2,0.1,cuda,Adam,"{'lr': 0.000334, 'betas': (0.9, 0.999), 'eps': 1e-08, 'weight_decay': 0, 'amsgrad': False, 'maximize': False, 'foreach': None, 'capturable': False, 'differentiable': False, 'fused': None, 'decoupled_weight_decay': False, 'initial_lr': 0.001}",MSELoss,True,0.8189,0.9971,0.7166,0.3428,0.0078,0.7729,0.4981,0.0674,0.857,0.0136,5.4436,0.0169,0.0867,True,,3
20260627_024254,h=0.5,619905.0,619905.0,0.0,0.3812,0.0105,0.8263,10.21,60.0,"(32, 12)",40.0,4096_128_256,custom,gelu,0.7,0.2,0.1,cuda,Adam,"{'lr': 0.000334, 'betas': (0.9, 0.999), 'eps': 1e-08, 'weight_decay': 0, 'amsgrad': False, 'maximize': False, 'foreach': None, 'capturable': False, 'differentiable': False, 'fused': None, 'decoupled_weight_decay': False, 'initial_lr': 0.001}",MSELoss,True,0.7994,0.9961,0.6968,0.3797,0.0105,0.8269,0.5207,0.0725,0.8863,0.0149,5.43,0.0174,0.1125,True,,3
20260627_024254,h=0.5,209441.0,209441.0,0.0,12.0451,10.2517,6.42,10.13,60.0,"(32, 12)",40.0,32_4096_16,custom,gelu,0.7,0.2,0.1,cuda,Adam,"{'lr': 0.000334, 'betas': (0.9, 0.999), 'eps': 1e-08, 'weight_decay': 0, 'amsgrad': False, 'maximize': False, 'foreach': None, 'capturable': False, 'differentiable': False, 'fused': None, 'decoupled_weight_decay': False, 'initial_lr': 0.001}",MSELoss,True,-5.3338,-2.8089,-1.2565,11.9905,10.2544,6.1528,3.2255,2.9055,2.195,0.0571,3.8789,0.079,0.6222,True,,3
20260627_024254,h=0.5,4736769.0,4736769.0,0.0,0.6066,0.0046,1.7122,12.87,60.0,"(32, 12)",40.0,256_2048_2048,custom,gelu,0.7,0.2,0.1,cuda,Adam,"{'lr': 0.000334, 'betas': (0.9, 0.999), 'eps': 1e-08, 'weight_decay': 0, 'amsgrad': False, 'maximize': False, 'foreach': None, 'capturable': False, 'differentiable': False, 'fused': None, 'decoupled_weight_decay': False, 'initial_lr': 0.001}",MSELoss,True,0.681,0.9983,0.3799,0.6039,0.0046,1.6907,0.5897,0.0528,1.2224,0.0259,5.4528,0.0264,0.1197,True,,3
20260627_024254,h=0.5,68289.0,68289.0,0.0,1.0551,0.6745,2.4038,10.26,60.0,"(32, 12)",40.0,64_512_64,custom,gelu,0.7,0.2,0.1,cuda,Adam,"{'lr': 0.000334, 'betas': (0.9, 0.999), 'eps': 1e-08, 'weight_decay': 0, 'amsgrad': False, 'maximize': False, 'foreach': None, 'capturable': False, 'differentiable': False, 'fused': None, 'decoupled_weight_decay': False, 'initial_lr': 0.001}",MSELoss,True,0.446,0.7495,0.1245,1.0488,0.6745,2.3874,0.8096,0.6383,1.1836,0.0416,4.9812,0.0639,0.4147,True,,3
20260627_024254,h=0.5,18369.0,18369.0,0.0,0.3396,0.0034,0.9091,9.52,60.0,"(32, 12)",40.0,64_256,custom,gelu,0.7,0.2,0.1,cuda,Adam,"{'lr': 0.00099, 'betas': (0.9, 0.999), 'eps': 1e-08, 'weight_decay': 0, 'amsgrad': False, 'maximize': False, 'foreach': None, 'capturable': False, 'differentiable': False, 'fused': None, 'decoupled_weight_decay': False, 'initial_lr': 0.001}",MSELoss,True,0.8202,0.9987,0.6723,0.3403,0.0034,0.8936,0.4727,0.0449,0.8856,0.0165,5.4492,0.0221,0.0477,True,,2
20260627_024254,h=0.5,567937.0,567937.0,0.0,0.8874,0.016,1.9165,10.22,60.0,"(32, 12)",40.0,128_256_2048,custom,gelu,0.7,0.2,0.1,cuda,Adam,"{'lr': 0.000334, 'betas': (0.9, 0.999), 'eps': 1e-08, 'weight_decay': 0, 'amsgrad': False, 'maximize': False, 'foreach': None, 'capturable': False, 'differentiable': False, 'fused': None, 'decoupled_weight_decay': False, 'initial_lr': 0.001}",MSELoss,True,0.5278,0.9941,0.2944,0.8939,0.016,1.9239,0.6989,0.0995,1.2452,0.032,5.4429,0.0361,0.1605,True,,3
20260627_024254,h=0.5,672001.0,672001.0,0.0,0.2607,0.0058,0.9144,10.26,60.0,"(32, 12)",40.0,512_256_2048,custom,gelu,0.7,0.2,0.1,cuda,Adam,"{'lr': 0.000334, 'betas': (0.9, 0.999), 'eps': 1e-08, 'weight_decay': 0, 'amsgrad': False, 'maximize': False, 'foreach': None, 'capturable': False, 'differentiable': False, 'fused': None, 'decoupled_weight_decay': False, 'initial_lr': 0.001}",MSELoss,True,0.8616,0.9978,0.6678,0.2619,0.0059,0.9058,0.4048,0.0593,0.8883,0.0163,5.4534,0.0232,0.0502,True,,3
20260627_024254,h=0.5,76001.0,76001.0,0.0,0.5543,0.0051,0.7941,10.17,60.0,"(32, 12)",40.0,32_256_256,custom,gelu,0.7,0.2,0.1,cuda,Adam,"{'lr': 0.00099, 'betas': (0.9, 0.999), 'eps': 1e-08, 'weight_decay': 0, 'amsgrad': False, 'maximize': False, 'foreach': None, 'capturable': False, 'differentiable': False, 'fused': None, 'decoupled_weight_decay': False, 'initial_lr': 0.001}",MSELoss,True,0.7061,0.9981,0.7028,0.5563,0.0051,0.8105,0.6631,0.0556,0.8673,0.0141,5.4525,0.0164,0.1137,True,,3
20260627_024254,h=0.5,2123505.0,2123505.0,0.0,0.9745,0.1041,4.58,10.23,60.0,"(32, 12)",40.0,16_512_4096,custom,gelu,0.7,0.2,0.1,cuda,Adam,"{'lr': 0.000334, 'betas': (0.9, 0.999), 'eps': 1e-08, 'weight_decay': 0, 'amsgrad': False, 'maximize': False, 'foreach': None, 'capturable': False, 'differentiable': False, 'fused': None, 'decoupled_weight_decay': False, 'initial_lr': 0.001}",MSELoss,True,0.4825,0.9613,-0.6555,0.9797,0.1043,4.5141,0.7462,0.2538,1.917,0.0323,5.3963,0.0471,0.3455,True,,3
20260627_024254,h=0.5,1633.0,1633.0,0.0,0.2187,0.0109,0.4853,9.38,60.0,"(32, 12)",40.0,32_32,custom,gelu,0.7,0.2,0.1,cuda,Adam,"{'lr': 0.00099, 'betas': (0.9, 0.999), 'eps': 1e-08, 'weight_decay': 0, 'amsgrad': False, 'maximize': False, 'foreach': None, 'capturable': False, 'differentiable': False, 'fused': None, 'decoupled_weight_decay': False, 'initial_lr': 0.001}",MSELoss,True,0.8842,0.996,0.8239,0.2192,0.0109,0.4803,0.4104,0.0807,0.6564,0.0104,5.4353,0.0163,0.0478,True,,2
20260627_024254,h=0.5,597473.0,597473.0,0.0,0.5459,0.0633,1.5153,10.18,60.0,"(32, 12)",40.0,32_2048_256,custom,gelu,0.7,0.2,0.1,cuda,Adam,"{'lr': 0.000334, 'betas': (0.9, 0.999), 'eps': 1e-08, 'weight_decay': 0, 'amsgrad': False, 'maximize': False, 'foreach': None, 'capturable': False, 'differentiable': False, 'fused': None, 'decoupled_weight_decay': False, 'initial_lr': 0.001}",MSELoss,True,0.7111,0.9764,0.4488,0.5469,0.0634,1.5029,0.5763,0.1935,1.0692,0.0261,5.3559,0.0348,0.1652,True,,3
20260627_024254,h=0.5,84449.0,84449.0,0.0,0.7366,0.26,1.5352,10.17,60.0,"(32, 12)",40.0,32_512_128,custom,gelu,0.7,0.2,0.1,cuda,Adam,"{'lr': 0.000334, 'betas': (0.9, 0.999), 'eps': 1e-08, 'weight_decay': 0, 'amsgrad': False, 'maximize': False, 'foreach': None, 'capturable': False, 'differentiable': False, 'fused': None, 'decoupled_weight_decay': False, 'initial_lr': 0.001}",MSELoss,True,0.6093,0.9035,0.4606,0.7397,0.2599,1.4708,0.6977,0.3957,0.9721,0.032,5.2063,0.046,0.2791,True,,3
20260627_024254,h=0.5,463041.0,463041.0,0.0,0.308,0.0039,0.9188,10.27,60.0,"(32, 12)",40.0,4096_64_2048,custom,gelu,0.7,0.2,0.1,cuda,Adam,"{'lr': 0.000334, 'betas': (0.9, 0.999), 'eps': 1e-08, 'weight_decay': 0, 'amsgrad': False, 'maximize': False, 'foreach': None, 'capturable': False, 'differentiable': False, 'fused': None, 'decoupled_weight_decay': False, 'initial_lr': 0.001}",MSELoss,True,0.8372,0.9985,0.6645,0.3081,0.0039,0.9148,0.4406,0.046,0.9288,0.0146,5.4438,0.0187,0.0742,True,,3
20260627_024254,h=0.5,282593.0,282593.0,0.0,0.5736,0.0901,1.919,10.1,60.0,"(32, 12)",40.0,32_512_512,custom,gelu,0.7,0.2,0.1,cuda,Adam,"{'lr': 0.000334, 'betas': (0.9, 0.999), 'eps': 1e-08, 'weight_decay': 0, 'amsgrad': False, 'maximize': False, 'foreach': None, 'capturable': False, 'differentiable': False, 'fused': None, 'decoupled_weight_decay': False, 'initial_lr': 0.001}",MSELoss,True,0.6969,0.9666,0.3017,0.5738,0.0899,1.9039,0.5967,0.2323,1.178,0.0272,5.3497,0.038,0.1492,True,,3
20260627_024254,h=0.5,21505.0,21505.0,0.0,0.7178,0.0037,1.5272,10.21,60.0,"(32, 12)",40.0,256_64_16,custom,gelu,0.7,0.2,0.1,cuda,Adam,"{'lr': 0.00099, 'betas': (0.9, 0.999), 'eps': 1e-08, 'weight_decay': 0, 'amsgrad': False, 'maximize': False, 'foreach': None, 'capturable': False, 'differentiable': False, 'fused': None, 'decoupled_weight_decay': False, 'initial_lr': 0.001}",MSELoss,True,0.62,0.9986,0.4465,0.7194,0.0037,1.5093,0.664,0.0454,1.2008,0.0221,5.4514,0.0207,0.1436,True,,3
20260627_024254,h=0.5,561.0,561.0,0.0,0.4145,0.0334,0.9854,9.44,60.0,"(32, 12)",40.0,16_16,custom,gelu,0.7,0.2,0.1,cuda,Adam,"{'lr': 0.00099, 'betas': (0.9, 0.999), 'eps': 1e-08, 'weight_decay': 0, 'amsgrad': False, 'maximize': False, 'foreach': None, 'capturable': False, 'differentiable': False, 'fused': None, 'decoupled_weight_decay': False, 'initial_lr': 0.001}",MSELoss,True,0.7816,0.9876,0.6349,0.4134,0.0334,0.9955,0.5595,0.1437,0.9332,0.0148,5.4033,0.0228,0.103,True,,2
20260627_024254,h=0.5,9461505.0,9461505.0,0.0,0.6277,0.0042,1.8361,19.81,60.0,"(32, 12)",40.0,256_4096_2048,custom,gelu,0.7,0.2,0.1,cuda,Adam,"{'lr': 0.000334, 'betas': (0.9, 0.999), 'eps': 1e-08, 'weight_decay': 0, 'amsgrad': False, 'maximize': False, 'foreach': None, 'capturable': False, 'differentiable': False, 'fused': None, 'decoupled_weight_decay': False, 'initial_lr': 0.001}",MSELoss,True,0.668,0.9984,0.3319,0.6286,0.0042,1.8216,0.6564,0.0505,1.319,0.0185,5.4599,0.0218,0.1418,True,,3
20260627_024254,h=0.5,74577.0,74577.0,0.0,1.1158,0.5008,4.1119,10.27,60.0,"(32, 12)",40.0,16_32_2048,custom,gelu,0.7,0.2,0.1,cuda,Adam,"{'lr': 0.000334, 'betas': (0.9, 0.999), 'eps': 1e-08, 'weight_decay': 0, 'amsgrad': False, 'maximize': False, 'foreach': None, 'capturable': False, 'differentiable': False, 'fused': None, 'decoupled_weight_decay': False, 'initial_lr': 0.001}",MSELoss,True,0.4094,0.8138,-0.4758,1.1181,0.5013,4.024,0.7905,0.5569,1.7133,0.0391,5.1263,0.0558,0.4142,True,,3
20260627_024254,h=0.5,3194369.0,3194369.0,0.0,0.3356,0.0061,0.859,11.38,60.0,"(32, 12)",40.0,2048_512_4096,custom,gelu,0.7,0.2,0.1,cuda,Adam,"{'lr': 0.000334, 'betas': (0.9, 0.999), 'eps': 1e-08, 'weight_decay': 0, 'amsgrad': False, 'maximize': False, 'foreach': None, 'capturable': False, 'differentiable': False, 'fused': None, 'decoupled_weight_decay': False, 'initial_lr': 0.001}",MSELoss,True,0.8237,0.9977,0.681,0.3337,0.0061,0.8699,0.4562,0.0596,0.8965,0.0151,5.4525,0.0194,0.0637,True,,3
20260627_024254,h=0.5,2785.0,2785.0,0.0,0.4945,0.0074,0.85,9.48,60.0,"(32, 12)",40.0,32_64,custom,gelu,0.7,0.2,0.1,cuda,Adam,"{'lr': 0.00099, 'betas': (0.9, 0.999), 'eps': 1e-08, 'weight_decay': 0, 'amsgrad': False, 'maximize': False, 'foreach': None, 'capturable': False, 'differentiable': False, 'fused': None, 'decoupled_weight_decay': False, 'initial_lr': 0.001}",MSELoss,True,0.7383,0.9972,0.6872,0.4954,0.0074,0.8529,0.6196,0.0664,0.9,0.0148,5.4408,0.0161,0.0889,True,,2
20260627_024254,h=0.5,150497.0,150497.0,0.0,0.9571,0.211,1.6175,10.15,60.0,"(32, 12)",40.0,32_512_256,custom,gelu,0.7,0.2,0.1,cuda,Adam,"{'lr': 0.000334, 'betas': (0.9, 0.999), 'eps': 1e-08, 'weight_decay': 0, 'amsgrad': False, 'maximize': False, 'foreach': None, 'capturable': False, 'differentiable': False, 'fused': None, 'decoupled_weight_decay': False, 'initial_lr': 0.001}",MSELoss,True,0.5029,0.9217,0.3845,0.941,0.2109,1.6783,0.7415,0.3434,1.0615,0.0332,5.2835,0.0444,0.2411,True,,3
20260627_024254,h=0.5,440513.0,440513.0,0.0,0.3444,0.0064,0.8368,10.17,60.0,"(32, 12)",40.0,2048_64_4096,custom,gelu,0.7,0.2,0.1,cuda,Adam,"{'lr': 0.000334, 'betas': (0.9, 0.999), 'eps': 1e-08, 'weight_decay': 0, 'amsgrad': False, 'maximize': False, 'foreach': None, 'capturable': False, 'differentiable': False, 'fused': None, 'decoupled_weight_decay': False, 'initial_lr': 0.001}",MSELoss,True,0.8191,0.9976,0.69,0.3425,0.0064,0.8452,0.5099,0.0614,0.8905,0.0126,5.4507,0.0193,0.0733,True,,3
20260627_024254,h=0.5,334817.0,334817.0,0.0,0.6305,0.1475,1.9513,10.23,60.0,"(32, 12)",40.0,32_2048_128,custom,gelu,0.7,0.2,0.1,cuda,Adam,"{'lr': 0.000334, 'betas': (0.9, 0.999), 'eps': 1e-08, 'weight_decay': 0, 'amsgrad': False, 'maximize': False, 'foreach': None, 'capturable': False, 'differentiable': False, 'fused': None, 'decoupled_weight_decay': False, 'initial_lr': 0.001}",MSELoss,True,0.666,0.9452,0.274,0.6322,0.1476,1.9797,0.668,0.2879,1.207,0.0277,5.2619,0.0411,0.2651,True,,3
20260627_024254,h=0.5,83953.0,83953.0,0.0,0.9541,0.2353,1.9225,10.09,60.0,"(32, 12)",40.0,64_16_4096,custom,gelu,0.7,0.2,0.1,cuda,Adam,"{'lr': 0.000334, 'betas': (0.9, 0.999), 'eps': 1e-08, 'weight_decay': 0, 'amsgrad': False, 'maximize': False, 'foreach': None, 'capturable': False, 'differentiable': False, 'fused': None, 'decoupled_weight_decay': False, 'initial_lr': 0.001}",MSELoss,True,0.5049,0.9126,0.28,0.9372,0.2354,1.9633,0.7703,0.3747,1.1286,0.0371,5.2431,0.0497,0.2567,True,,3
20260627_024254,h=0.5,288833.0,288833.0,0.0,0.4859,0.0397,1.4214,10.18,60.0,"(32, 12)",40.0,128_64_4096,custom,gelu,0.7,0.2,0.1,cuda,Adam,"{'lr': 0.000334, 'betas': (0.9, 0.999), 'eps': 1e-08, 'weight_decay': 0, 'amsgrad': False, 'maximize': False, 'foreach': None, 'capturable': False, 'differentiable': False, 'fused': None, 'decoupled_weight_decay': False, 'initial_lr': 0.001}",MSELoss,True,0.7431,0.9853,0.4759,0.4863,0.0397,1.4289,0.5715,0.1567,1.1027,0.0203,5.3939,0.0276,0.1094,True,,3
20260627_024254,h=0.5,51777.0,51777.0,0.0,2.3516,1.9116,2.8994,10.12,60.0,"(32, 12)",40.0,64_512_32,custom,gelu,0.7,0.2,0.1,cuda,Adam,"{'lr': 0.000334, 'betas': (0.9, 0.999), 'eps': 1e-08, 'weight_decay': 0, 'amsgrad': False, 'maximize': False, 'foreach': None, 'capturable': False, 'differentiable': False, 'fused': None, 'decoupled_weight_decay': False, 'initial_lr': 0.001}",MSELoss,True,-0.2442,0.2901,0.0928,2.3553,1.9112,2.4737,1.3115,1.1439,1.2046,0.0498,4.4024,0.0744,0.5133,True,,3
20260627_024254,h=0.5,1122785.0,1122785.0,0.0,0.4299,0.0405,0.6805,10.13,60.0,"(32, 12)",40.0,32_2048_512,custom,gelu,0.7,0.2,0.1,cuda,Adam,"{'lr': 0.000334, 'betas': (0.9, 0.999), 'eps': 1e-08, 'weight_decay': 0, 'amsgrad': False, 'maximize': False, 'foreach': None, 'capturable': False, 'differentiable': False, 'fused': None, 'decoupled_weight_decay': False, 'initial_lr': 0.001}",MSELoss,True,0.7713,0.9849,0.7547,0.4329,0.0406,0.6689,0.5134,0.159,0.6887,0.025,5.4259,0.0249,0.0884,True,,3
20260627_024254,h=0.5,1361.0,1361.0,0.0,0.3238,0.022,0.403,10.08,60.0,"(32, 12)",40.0,32_16_16,custom,gelu,0.7,0.2,0.1,cuda,Adam,"{'lr': 0.00099, 'betas': (0.9, 0.999), 'eps': 1e-08, 'weight_decay': 0, 'amsgrad': False, 'maximize': False, 'foreach': None, 'capturable': False, 'differentiable': False, 'fused': None, 'decoupled_weight_decay': False, 'initial_lr': 0.001}",MSELoss,True,0.8301,0.9918,0.8508,0.3216,0.022,0.4069,0.4935,0.1137,0.5904,0.0122,5.4345,0.0147,0.091,True,,3
20260627_024254,h=0.5,34913.0,34913.0,0.0,2.2131,2.6887,2.8915,10.15,60.0,"(32, 12)",40.0,32_512_32,custom,gelu,0.7,0.2,0.1,cuda,Adam,"{'lr': 0.000334, 'betas': (0.9, 0.999), 'eps': 1e-08, 'weight_decay': 0, 'amsgrad': False, 'maximize': False, 'foreach': None, 'capturable': False, 'differentiable': False, 'fused': None, 'decoupled_weight_decay': False, 'initial_lr': 0.001}",MSELoss,True,-0.1661,0.0016,-0.1082,2.2076,2.688,3.0219,1.2458,1.3243,1.2963,0.057,3.8672,0.0796,0.5987,True,,3
20260627_024254,h=0.5,8477153.0,8477153.0,0.0,0.6394,0.0254,0.9295,17.84,60.0,"(32, 12)",40.0,32_2048_4096,custom,gelu,0.7,0.2,0.1,cuda,Adam,"{'lr': 0.000334, 'betas': (0.9, 0.999), 'eps': 1e-08, 'weight_decay': 0, 'amsgrad': False, 'maximize': False, 'foreach': None, 'capturable': False, 'differentiable': False, 'fused': None, 'decoupled_weight_decay': False, 'initial_lr': 0.001}",MSELoss,True,0.6587,0.9906,0.6479,0.6461,0.0254,0.96,0.6918,0.1254,0.9173,0.0173,5.4386,0.0193,0.1472,True,,3
20260627_024254,h=0.5,5264897.0,5264897.0,0.0,0.3252,0.0045,1.0413,13.28,60.0,"(32, 12)",40.0,512_2048_2048,custom,gelu,0.7,0.2,0.1,cuda,Adam,"{'lr': 0.000334, 'betas': (0.9, 0.999), 'eps': 1e-08, 'weight_decay': 0, 'amsgrad': False, 'maximize': False, 'foreach': None, 'capturable': False, 'differentiable': False, 'fused': None, 'decoupled_weight_decay': False, 'initial_lr': 0.001}",MSELoss,True,0.8292,0.9983,0.6175,0.3233,0.0045,1.043,0.4395,0.0527,0.983,0.0165,5.4469,0.0196,0.0727,True,,3
20260627_024254,h=0.5,77249.0,77249.0,0.0,8.0768,6.9543,4.1334,10.15,60.0,"(32, 12)",40.0,128_512_16,custom,gelu,0.7,0.2,0.1,cuda,Adam,"{'lr': 0.000334, 'betas': (0.9, 0.999), 'eps': 1e-08, 'weight_decay': 0, 'amsgrad': False, 'maximize': False, 'foreach': None, 'capturable': False, 'differentiable': False, 'fused': None, 'decoupled_weight_decay': False, 'initial_lr': 0.001}",MSELoss,True,-3.2492,-1.5841,-0.5177,8.0441,6.9569,4.1383,2.586,2.3423,1.7398,0.0571,3.8736,0.079,0.6175,True,,3
20260627_024254,h=0.5,304385.0,304385.0,0.0,0.9668,0.5537,1.8834,10.28,60.0,"(32, 12)",40.0,512_512_64,custom,gelu,0.7,0.2,0.1,cuda,Adam,"{'lr': 0.000334, 'betas': (0.9, 0.999), 'eps': 1e-08, 'weight_decay': 0, 'amsgrad': False, 'maximize': False, 'foreach': None, 'capturable': False, 'differentiable': False, 'fused': None, 'decoupled_weight_decay': False, 'initial_lr': 0.001}",MSELoss,True,0.4861,0.794,0.3257,0.9728,0.5547,1.8386,0.7604,0.5524,1.0486,0.0406,4.9551,0.055,0.3948,True,,3
20260627_024254,h=0.5,17332097.0,17332097.0,0.0,0.4694,0.0071,0.9751,34.19,60.0,"(32, 12)",40.0,128_4096_4096,custom,gelu,0.7,0.2,0.1,cuda,Adam,"{'lr': 0.000334, 'betas': (0.9, 0.999), 'eps': 1e-08, 'weight_decay': 0, 'amsgrad': False, 'maximize': False, 'foreach': None, 'capturable': False, 'differentiable': False, 'fused': None, 'decoupled_weight_decay': False, 'initial_lr': 0.001}",MSELoss,True,0.7543,0.9974,0.6429,0.4651,0.0071,0.9738,0.5633,0.0656,0.952,0.0168,5.4482,0.0178,0.1019,True,,3
20260627_024254,h=0.5,21345.0,21345.0,0.0,0.5777,0.0073,1.3876,10.18,60.0,"(32, 12)",40.0,256_32_256,custom,gelu,0.7,0.2,0.1,cuda,Adam,"{'lr': 0.00099, 'betas': (0.9, 0.999), 'eps': 1e-08, 'weight_decay': 0, 'amsgrad': False, 'maximize': False, 'foreach': None, 'capturable': False, 'differentiable': False, 'fused': None, 'decoupled_weight_decay': False, 'initial_lr': 0.001}",MSELoss,True,0.6944,0.9973,0.4873,0.5786,0.0073,1.3981,0.6271,0.0664,1.1555,0.0201,5.4485,0.02,0.1196,True,,3
20260627_024254,h=0.5,16861185.0,16861185.0,0.0,0.7652,0.0067,1.7011,33.49,60.0,"(32, 12)",40.0,4096_2048_4096,custom,gelu,0.7,0.2,0.1,cuda,Adam,"{'lr': 0.000334, 'betas': (0.9, 0.999), 'eps': 1e-08, 'weight_decay': 0, 'amsgrad': False, 'maximize': False, 'foreach': None, 'capturable': False, 'differentiable': False, 'fused': None, 'decoupled_weight_decay': False, 'initial_lr': 0.001}",MSELoss,True,0.5965,0.9975,0.3931,0.7638,0.0067,1.6548,0.7578,0.0635,1.2544,0.0181,5.458,0.0228,0.1775,True,,3
20260627_024254,h=0.5,17113345.0,17113345.0,0.0,1.5948,1.0301,2.2346,33.93,60.0,"(32, 12)",40.0,4096_4096_64,custom,gelu,0.7,0.2,0.1,cuda,Adam,"{'lr': 0.000334, 'betas': (0.9, 0.999), 'eps': 1e-08, 'weight_decay': 0, 'amsgrad': False, 'maximize': False, 'foreach': None, 'capturable': False, 'differentiable': False, 'fused': None, 'decoupled_weight_decay': False, 'initial_lr': 0.001}",MSELoss,True,0.1624,0.6176,0.1399,1.5856,1.0294,2.3453,1.0115,0.7734,1.142,0.0499,4.8135,0.068,0.4726,True,,3
20260627_024254,h=0.5,2176641.0,2176641.0,0.0,3.0417,2.349,3.0764,10.33,60.0,"(32, 12)",40.0,4096_512_32,custom,gelu,0.7,0.2,0.1,cuda,Adam,"{'lr': 0.000334, 'betas': (0.9, 0.999), 'eps': 1e-08, 'weight_decay': 0, 'amsgrad': False, 'maximize': False, 'foreach': None, 'capturable': False, 'differentiable': False, 'fused': None, 'decoupled_weight_decay': False, 'initial_lr': 0.001}",MSELoss,True,-0.611,0.1258,0.0008,3.0497,2.3535,2.7245,1.4906,1.2042,1.3014,0.0529,4.5692,0.0788,0.5614,True,,3
20260627_024254,h=0.5,30561.0,30561.0,0.0,0.5147,0.073,2.0714,10.29,60.0,"(32, 12)",40.0,256_32_512,custom,gelu,0.7,0.2,0.1,cuda,Adam,"{'lr': 0.000334, 'betas': (0.9, 0.999), 'eps': 1e-08, 'weight_decay': 0, 'amsgrad': False, 'maximize': False, 'foreach': None, 'capturable': False, 'differentiable': False, 'fused': None, 'decoupled_weight_decay': False, 'initial_lr': 0.001}",MSELoss,True,0.7279,0.9728,0.2243,0.5151,0.0732,2.1152,0.5456,0.1977,1.2804,0.0233,5.2973,0.0403,0.1313,True,,3
20260627_024254,h=0.5,1025.0,1025.0,0.0,0.1008,0.0128,0.274,8.83,60.0,"(32, 12)",40.0,64,custom,gelu,0.7,0.2,0.1,cuda,Adam,"{'lr': 0.00099, 'betas': (0.9, 0.999), 'eps': 1e-08, 'weight_decay': 0, 'amsgrad': False, 'maximize': False, 'foreach': None, 'capturable': False, 'differentiable': False, 'fused': None, 'decoupled_weight_decay': False, 'initial_lr': 0.001}",MSELoss,True,0.9478,0.9952,0.8978,0.0988,0.0128,0.2787,0.2264,0.0836,0.4031,0.0121,5.4158,0.022,0.0201,True,,1
20260627_024254,h=0.5,567105.0,567105.0,0.0,11.4,9.734,5.8396,10.18,60.0,"(32, 12)",40.0,256_2048_16,custom,gelu,0.7,0.2,0.1,cuda,Adam,"{'lr': 0.000334, 'betas': (0.9, 0.999), 'eps': 1e-08, 'weight_decay': 0, 'amsgrad': False, 'maximize': False, 'foreach': None, 'capturable': False, 'differentiable': False, 'fused': None, 'decoupled_weight_decay': False, 'initial_lr': 0.001}",MSELoss,True,-5.0305,-2.6137,-1.1395,11.4163,9.7288,5.8337,3.1414,2.8225,2.1304,0.057,3.8791,0.0788,0.6157,True,,3
20260627_024254,h=0.5,203841.0,203841.0,0.0,3.4681,2.6724,2.4951,10.15,60.0,"(32, 12)",40.0,64_2048_32,custom,gelu,0.7,0.2,0.1,cuda,Adam,"{'lr': 0.000334, 'betas': (0.9, 0.999), 'eps': 1e-08, 'weight_decay': 0, 'amsgrad': False, 'maximize': False, 'foreach': None, 'capturable': False, 'differentiable': False, 'fused': None, 'decoupled_weight_decay': False, 'initial_lr': 0.001}",MSELoss,True,-0.8094,0.006,0.0494,3.4254,2.676,2.592,1.6021,1.3511,1.2812,0.0512,4.5611,0.0772,0.5485,True,,3
20260627_024254,h=0.5,16737.0,16737.0,0.0,0.4575,0.0054,0.9155,10.17,60.0,"(32, 12)",40.0,256_32_128,custom,gelu,0.7,0.2,0.1,cuda,Adam,"{'lr': 0.00099, 'betas': (0.9, 0.999), 'eps': 1e-08, 'weight_decay': 0, 'amsgrad': False, 'maximize': False, 'foreach': None, 'capturable': False, 'differentiable': False, 'fused': None, 'decoupled_weight_decay': False, 'initial_lr': 0.001}",MSELoss,True,0.7601,0.998,0.6634,0.4541,0.0054,0.9178,0.5772,0.0567,0.9302,0.0147,5.4526,0.0181,0.0983,True,,3
20260627_024254,h=0.5,3905.0,3905.0,0.0,0.5542,0.0115,1.082,10.18,60.0,"(32, 12)",40.0,32_32_64,custom,gelu,0.7,0.2,0.1,cuda,Adam,"{'lr': 0.00099, 'betas': (0.9, 0.999), 'eps': 1e-08, 'weight_decay': 0, 'amsgrad': False, 'maximize': False, 'foreach': None, 'capturable': False, 'differentiable': False, 'fused': None, 'decoupled_weight_decay': False, 'initial_lr': 0.001}",MSELoss,True,0.7089,0.9957,0.6072,0.5512,0.0116,1.071,0.6578,0.0819,0.9972,0.0149,5.4451,0.02,0.1159,True,,3
20260627_024254,h=0.5,68657.0,68657.0,0.0,0.2972,0.0142,1.0354,10.24,60.0,"(32, 12)",40.0,2048_16_256,custom,gelu,0.7,0.2,0.1,cuda,Adam,"{'lr': 0.000334, 'betas': (0.9, 0.999), 'eps': 1e-08, 'weight_decay': 0, 'amsgrad': False, 'maximize': False, 'foreach': None, 'capturable': False, 'differentiable': False, 'fused': None, 'decoupled_weight_decay': False, 'initial_lr': 0.001}",MSELoss,True,0.8421,0.9947,0.6185,0.2989,0.0142,1.0402,0.4614,0.0853,0.9683,0.0143,5.4214,0.0241,0.1012,True,,3
20260627_024254,h=0.5,303041.0,303041.0,0.0,9.4155,8.1497,4.711,10.06,60.0,"(32, 12)",40.0,128_2048_16,custom,gelu,0.7,0.2,0.1,cuda,Adam,"{'lr': 0.000334, 'betas': (0.9, 0.999), 'eps': 1e-08, 'weight_decay': 0, 'amsgrad': False, 'maximize': False, 'foreach': None, 'capturable': False, 'differentiable': False, 'fused': None, 'decoupled_weight_decay': False, 'initial_lr': 0.001}",MSELoss,True,-3.9897,-2.0252,-0.7783,9.4459,8.1444,4.8488,2.8318,2.5543,1.9027,0.0571,3.8745,0.079,0.6165,True,,3
20260627_024254,h=0.5,10065.0,10065.0,0.0,0.4285,0.0121,0.4679,10.1,60.0,"(32, 12)",40.0,16_32_256,custom,gelu,0.7,0.2,0.1,cuda,Adam,"{'lr': 0.00099, 'betas': (0.9, 0.999), 'eps': 1e-08, 'weight_decay': 0, 'amsgrad': False, 'maximize': False, 'foreach': None, 'capturable': False, 'differentiable': False, 'fused': None, 'decoupled_weight_decay': False, 'initial_lr': 0.001}",MSELoss,True,0.7745,0.9955,0.8309,0.4269,0.0121,0.4611,0.5667,0.0867,0.6425,0.0154,5.452,0.0131,0.0936,True,,3
20260627_024254,h=0.5,12705.0,12705.0,0.0,0.7069,0.0078,1.62,10.12,60.0,"(32, 12)",40.0,256_32_16,custom,gelu,0.7,0.2,0.1,cuda,Adam,"{'lr': 0.00099, 'betas': (0.9, 0.999), 'eps': 1e-08, 'weight_decay': 0, 'amsgrad': False, 'maximize': False, 'foreach': None, 'capturable': False, 'differentiable': False, 'fused': None, 'decoupled_weight_decay': False, 'initial_lr': 0.001}",MSELoss,True,0.6288,0.9971,0.3978,0.7027,0.0078,1.642,0.692,0.0653,1.2532,0.0192,5.4486,0.0213,0.1657,True,,3
20260627_024254,h=0.5,2177265.0,2177265.0,0.0,0.4321,0.1277,0.463,10.26,60.0,"(32, 12)",40.0,16_4096_512,custom,gelu,0.7,0.2,0.1,cuda,Adam,"{'lr': 0.000334, 'betas': (0.9, 0.999), 'eps': 1e-08, 'weight_decay': 0, 'amsgrad': False, 'maximize': False, 'foreach': None, 'capturable': False, 'differentiable': False, 'fused': None, 'decoupled_weight_decay': False, 'initial_lr': 0.001}",MSELoss,True,0.7708,0.9525,0.8386,0.4338,0.128,0.4401,0.5261,0.2811,0.5157,0.0262,5.361,0.0281,0.1638,True,,3
20260627_024254,h=0.5,11649.0,11649.0,0.0,0.622,0.0061,1.6129,10.16,60.0,"(32, 12)",40.0,64_128_16,custom,gelu,0.7,0.2,0.1,cuda,Adam,"{'lr': 0.00099, 'betas': (0.9, 0.999), 'eps': 1e-08, 'weight_decay': 0, 'amsgrad': False, 'maximize': False, 'foreach': None, 'capturable': False, 'differentiable': False, 'fused': None, 'decoupled_weight_decay': False, 'initial_lr': 0.001}",MSELoss,True,0.6735,0.9977,0.4053,0.6181,0.0061,1.6216,0.5847,0.0596,1.2208,0.022,5.4481,0.0251,0.1284,True,,3
20260627_024254,h=0.5,42001.0,42001.0,0.0,1.7164,0.5598,5.8503,10.15,60.0,"(32, 12)",40.0,32_16_2048,custom,gelu,0.7,0.2,0.1,cuda,Adam,"{'lr': 0.000334, 'betas': (0.9, 0.999), 'eps': 1e-08, 'weight_decay': 0, 'amsgrad': False, 'maximize': False, 'foreach': None, 'capturable': False, 'differentiable': False, 'fused': None, 'decoupled_weight_decay': False, 'initial_lr': 0.001}",MSELoss,True,0.1077,0.7925,-1.1919,1.6892,0.5586,5.9767,0.9603,0.5674,1.9818,0.0465,5.1592,0.072,0.4632,True,,3
20260627_024254,h=0.5,289025.0,289025.0,0.0,0.3991,0.0262,1.261,10.24,60.0,"(32, 12)",40.0,128_128_2048,custom,gelu,0.7,0.2,0.1,cuda,Adam,"{'lr': 0.000334, 'betas': (0.9, 0.999), 'eps': 1e-08, 'weight_decay': 0, 'amsgrad': False, 'maximize': False, 'foreach': None, 'capturable': False, 'differentiable': False, 'fused': None, 'decoupled_weight_decay': False, 'initial_lr': 0.001}",MSELoss,True,0.7885,0.9903,0.5197,0.4004,0.0262,1.3097,0.5077,0.1262,1.008,0.0232,5.4184,0.0311,0.0817,True,,3
20260627_024254,h=0.5,343937.0,343937.0,0.0,0.3469,0.0098,1.165,10.18,60.0,"(32, 12)",40.0,512_128_2048,custom,gelu,0.7,0.2,0.1,cuda,Adam,"{'lr': 0.000334, 'betas': (0.9, 0.999), 'eps': 1e-08, 'weight_decay': 0, 'amsgrad': False, 'maximize': False, 'foreach': None, 'capturable': False, 'differentiable': False, 'fused': None, 'decoupled_weight_decay': False, 'initial_lr': 0.001}",MSELoss,True,0.8177,0.9964,0.5594,0.3451,0.0098,1.2015,0.4636,0.076,1.023,0.0168,5.438,0.0253,0.0691,True,,3
20260627_024254,h=0.5,4264001.0,4264001.0,0.0,8.8401,7.4217,4.5751,12.48,60.0,"(32, 12)",40.0,2048_2048_16,custom,gelu,0.7,0.2,0.1,cuda,Adam,"{'lr': 0.000334, 'betas': (0.9, 0.999), 'eps': 1e-08, 'weight_decay': 0, 'amsgrad': False, 'maximize': False, 'foreach': None, 'capturable': False, 'differentiable': False, 'fused': None, 'decoupled_weight_decay': False, 'initial_lr': 0.001}",MSELoss,True,-3.6962,-1.7589,-0.6584,8.8905,7.4276,4.5219,2.7349,2.3916,1.8182,0.0563,4.2208,0.079,0.6006,True,,3
20260627_024254,h=0.5,140225.0,140225.0,0.0,1.0008,0.1763,2.893,9.56,60.0,"(32, 12)",40.0,64_2048,custom,gelu,0.7,0.2,0.1,cuda,Adam,"{'lr': 0.000334, 'betas': (0.9, 0.999), 'eps': 1e-08, 'weight_decay': 0, 'amsgrad': False, 'maximize': False, 'foreach': None, 'capturable': False, 'differentiable': False, 'fused': None, 'decoupled_weight_decay': False, 'initial_lr': 0.001}",MSELoss,True,0.4651,0.9345,-0.0777,1.0126,0.1762,2.9386,0.7741,0.3125,1.457,0.0321,5.3844,0.0496,0.2119,True,,2
20260627_024254,h=0.5,602865.0,602865.0,0.0,0.6327,0.3004,2.8001,10.16,60.0,"(32, 12)",40.0,16_4096_128,custom,gelu,0.7,0.2,0.1,cuda,Adam,"{'lr': 0.000334, 'betas': (0.9, 0.999), 'eps': 1e-08, 'weight_decay': 0, 'amsgrad': False, 'maximize': False, 'foreach': None, 'capturable': False, 'differentiable': False, 'fused': None, 'decoupled_weight_decay': False, 'initial_lr': 0.001}",MSELoss,True,0.6701,0.8886,-0.0681,0.6245,0.2998,2.9124,0.6178,0.4228,1.4274,0.0311,5.2089,0.0526,0.3432,True,,3
20260627_024254,h=0.5,4340673.0,4340673.0,0.0,0.7494,0.0099,2.108,12.59,60.0,"(32, 12)",40.0,64_2048_2048,custom,gelu,0.7,0.2,0.1,cuda,Adam,"{'lr': 0.000334, 'betas': (0.9, 0.999), 'eps': 1e-08, 'weight_decay': 0, 'amsgrad': False, 'maximize': False, 'foreach': None, 'capturable': False, 'differentiable': False, 'fused': None, 'decoupled_weight_decay': False, 'initial_lr': 0.001}",MSELoss,True,0.6015,0.9963,0.2415,0.7543,0.0099,2.0682,0.6794,0.0779,1.3339,0.0265,5.4434,0.0289,0.167,True,,3
20260627_024254,h=0.5,5457.0,5457.0,0.0,0.5594,0.0164,1.199,10.15,60.0,"(32, 12)",40.0,16_32_128,custom,gelu,0.7,0.2,0.1,cuda,Adam,"{'lr': 0.00099, 'betas': (0.9, 0.999), 'eps': 1e-08, 'weight_decay': 0, 'amsgrad': False, 'maximize': False, 'foreach': None, 'capturable': False, 'differentiable': False, 'fused': None, 'decoupled_weight_decay': False, 'initial_lr': 0.001}",MSELoss,True,0.7039,0.9939,0.5573,0.5605,0.0164,1.2072,0.6671,0.0994,1.0685,0.0142,5.4385,0.0198,0.1283,True,,3
20260627_024254,h=0.5,170481.0,170481.0,0.0,1.293,0.811,2.6638,10.2,60.0,"(32, 12)",40.0,16_2048_64,custom,gelu,0.7,0.2,0.1,cuda,Adam,"{'lr': 0.000334, 'betas': (0.9, 0.999), 'eps': 1e-08, 'weight_decay': 0, 'amsgrad': False, 'maximize': False, 'foreach': None, 'capturable': False, 'differentiable': False, 'fused': None, 'decoupled_weight_decay': False, 'initial_lr': 0.001}",MSELoss,True,0.3133,0.6984,-0.0028,1.3,0.812,2.7342,0.8956,0.7069,1.2491,0.047,4.9759,0.067,0.4538,True,,3
20260627_024254,h=0.5,66097.0,66097.0,0.0,0.4379,0.042,1.2409,10.16,60.0,"(32, 12)",40.0,2048_16_128,custom,gelu,0.7,0.2,0.1,cuda,Adam,"{'lr': 0.000334, 'betas': (0.9, 0.999), 'eps': 1e-08, 'weight_decay': 0, 'amsgrad': False, 'maximize': False, 'foreach': None, 'capturable': False, 'differentiable': False, 'fused': None, 'decoupled_weight_decay': False, 'initial_lr': 0.001}",MSELoss,True,0.7683,0.9844,0.5407,0.4387,0.0421,1.2524,0.5576,0.1491,1.0352,0.0186,5.3789,0.0278,0.1604,True,,3
20260627_024254,h=0.5,1127665.0,1127665.0,0.0,0.6541,0.2032,1.8267,10.2,60.0,"(32, 12)",40.0,16_4096_256,custom,gelu,0.7,0.2,0.1,cuda,Adam,"{'lr': 0.000334, 'betas': (0.9, 0.999), 'eps': 1e-08, 'weight_decay': 0, 'amsgrad': False, 'maximize': False, 'foreach': None, 'capturable': False, 'differentiable': False, 'fused': None, 'decoupled_weight_decay': False, 'initial_lr': 0.001}",MSELoss,True,0.6575,0.9246,0.3721,0.6485,0.2031,1.7122,0.6525,0.3518,1.0931,0.0307,5.3069,0.0401,0.2618,True,,3
20260627_024254,h=0.5,22273.0,22273.0,0.0,0.4813,0.0039,1.219,10.19,60.0,"(32, 12)",40.0,64_256_16,custom,gelu,0.7,0.2,0.1,cuda,Adam,"{'lr': 0.00099, 'betas': (0.9, 0.999), 'eps': 1e-08, 'weight_decay': 0, 'amsgrad': False, 'maximize': False, 'foreach': None, 'capturable': False, 'differentiable': False, 'fused': None, 'decoupled_weight_decay': False, 'initial_lr': 0.001}",MSELoss,True,0.7482,0.9985,0.551,0.4767,0.0039,1.2242,0.5747,0.0477,1.0824,0.0159,5.4544,0.0173,0.1135,True,,3
20260627_024254,h=0.5,9265.0,9265.0,0.0,0.655,0.0053,1.6338,10.14,60.0,"(32, 12)",40.0,256_16_64,custom,gelu,0.7,0.2,0.1,cuda,Adam,"{'lr': 0.00099, 'betas': (0.9, 0.999), 'eps': 1e-08, 'weight_decay': 0, 'amsgrad': False, 'maximize': False, 'foreach': None, 'capturable': False, 'differentiable': False, 'fused': None, 'decoupled_weight_decay': False, 'initial_lr': 0.001}",MSELoss,True,0.6602,0.9981,0.3992,0.6432,0.0052,1.6383,0.5964,0.0554,1.2302,0.0227,5.4536,0.025,0.132,True,,3
20260627_024254,h=0.5,5313.0,5313.0,0.0,0.3318,0.0052,0.7416,9.46,60.0,"(32, 12)",40.0,64_64,custom,gelu,0.7,0.2,0.1,cuda,Adam,"{'lr': 0.00099, 'betas': (0.9, 0.999), 'eps': 1e-08, 'weight_decay': 0, 'amsgrad': False, 'maximize': False, 'foreach': None, 'capturable': False, 'differentiable': False, 'fused': None, 'decoupled_weight_decay': False, 'initial_lr': 0.001}",MSELoss,True,0.825,0.9981,0.7268,0.3314,0.0052,0.745,0.4873,0.0555,0.8392,0.0136,5.4528,0.017,0.0693,True,,2
20260627_024254,h=0.5,279873.0,279873.0,0.0,0.7434,0.0539,1.5821,10.28,60.0,"(32, 12)",40.0,64_128_2048,custom,gelu,0.7,0.2,0.1,cuda,Adam,"{'lr': 0.000334, 'betas': (0.9, 0.999), 'eps': 1e-08, 'weight_decay': 0, 'amsgrad': False, 'maximize': False, 'foreach': None, 'capturable': False, 'differentiable': False, 'fused': None, 'decoupled_weight_decay': False, 'initial_lr': 0.001}",MSELoss,True,0.6058,0.98,0.4191,0.7463,0.0539,1.5839,0.72,0.1828,1.1535,0.022,5.4008,0.0301,0.1476,True,,3
20260627_024254,h=0.5,19281.0,19281.0,0.0,1.6094,0.7755,5.5471,10.11,60.0,"(32, 12)",40.0,16_32_512,custom,gelu,0.7,0.2,0.1,cuda,Adam,"{'lr': 0.000334, 'betas': (0.9, 0.999), 'eps': 1e-08, 'weight_decay': 0, 'amsgrad': False, 'maximize': False, 'foreach': None, 'capturable': False, 'differentiable': False, 'fused': None, 'decoupled_weight_decay': False, 'initial_lr': 0.001}",MSELoss,True,0.1441,0.712,-1.0917,1.6203,0.7754,5.7036,0.953,0.6704,1.8495,0.0523,5.129,0.0809,0.4821,True,,3
20260627_024254,h=0.5,73777.0,73777.0,0.0,0.3873,0.0135,1.2084,10.14,60.0,"(32, 12)",40.0,2048_16_512,custom,gelu,0.7,0.2,0.1,cuda,Adam,"{'lr': 0.000334, 'betas': (0.9, 0.999), 'eps': 1e-08, 'weight_decay': 0, 'amsgrad': False, 'maximize': False, 'foreach': None, 'capturable': False, 'differentiable': False, 'fused': None, 'decoupled_weight_decay': False, 'initial_lr': 0.001}",MSELoss,True,0.7934,0.995,0.5521,0.3911,0.0135,1.2214,0.4906,0.0832,1.0572,0.0177,5.4105,0.0243,0.1111,True,,3
20260627_024254,h=0.5,1193217.0,1193217.0,0.0,0.2747,0.0062,0.9602,10.26,60.0,"(32, 12)",40.0,256_512_2048,custom,gelu,0.7,0.2,0.1,cuda,Adam,"{'lr': 0.000334, 'betas': (0.9, 0.999), 'eps': 1e-08, 'weight_decay': 0, 'amsgrad': False, 'maximize': False, 'foreach': None, 'capturable': False, 'differentiable': False, 'fused': None, 'decoupled_weight_decay': False, 'initial_lr': 0.001}",MSELoss,True,0.8571,0.9977,0.6576,0.2704,0.0062,0.9337,0.4144,0.0613,0.9088,0.0175,5.4513,0.0212,0.0615,True,,3
20260627_024254,h=0.5,298945.0,298945.0,0.0,0.4543,0.0192,1.8246,10.18,60.0,"(32, 12)",40.0,256_64_4096,custom,gelu,0.7,0.2,0.1,cuda,Adam,"{'lr': 0.000334, 'betas': (0.9, 0.999), 'eps': 1e-08, 'weight_decay': 0, 'amsgrad': False, 'maximize': False, 'foreach': None, 'capturable': False, 'differentiable': False, 'fused': None, 'decoupled_weight_decay': False, 'initial_lr': 0.001}",MSELoss,True,0.7598,0.9929,0.3297,0.4548,0.0191,1.8278,0.5136,0.1081,1.2465,0.0228,5.4173,0.0311,0.098,True,,3
20260627_024254,h=0.5,323841.0,323841.0,0.0,0.7044,0.302,1.5596,9.52,60.0,"(32, 12)",40.0,4096_64,custom,gelu,0.7,0.2,0.1,cuda,Adam,"{'lr': 0.000334, 'betas': (0.9, 0.999), 'eps': 1e-08, 'weight_decay': 0, 'amsgrad': False, 'maximize': False, 'foreach': None, 'capturable': False, 'differentiable': False, 'fused': None, 'decoupled_weight_decay': False, 'initial_lr': 0.001}",MSELoss,True,0.6252,0.888,0.4377,0.7096,0.3016,1.5333,0.6587,0.388,1.002,0.0345,5.0688,0.0455,0.3224,True,,2
20260627_024254,h=0.5,13601.0,13601.0,0.0,0.1954,0.0055,0.4352,10.1,60.0,"(32, 12)",40.0,32_256_16,custom,gelu,0.7,0.2,0.1,cuda,Adam,"{'lr': 0.00099, 'betas': (0.9, 0.999), 'eps': 1e-08, 'weight_decay': 0, 'amsgrad': False, 'maximize': False, 'foreach': None, 'capturable': False, 'differentiable': False, 'fused': None, 'decoupled_weight_decay': False, 'initial_lr': 0.001}",MSELoss,True,0.8965,0.9979,0.8417,0.196,0.0055,0.4317,0.3763,0.0562,0.6177,0.0103,5.4469,0.014,0.0621,True,,3
20260627_024254,h=0.5,196801.0,196801.0,0.0,0.5034,0.0083,1.3127,10.2,60.0,"(32, 12)",40.0,2048_64_512,custom,gelu,0.7,0.2,0.1,cuda,Adam,"{'lr': 0.000334, 'betas': (0.9, 0.999), 'eps': 1e-08, 'weight_decay': 0, 'amsgrad': False, 'maximize': False, 'foreach': None, 'capturable': False, 'differentiable': False, 'fused': None, 'decoupled_weight_decay': False, 'initial_lr': 0.001}",MSELoss,True,0.7326,0.9969,0.5224,0.5063,0.0083,1.3022,0.5865,0.0676,1.113,0.0171,5.4374,0.0207,0.1288,True,,3
20260627_024254,h=0.5,588225.0,588225.0,0.0,12.9304,10.9716,6.6087,10.1,60.0,"(32, 12)",40.0,4096_128_16,custom,gelu,0.7,0.2,0.1,cuda,Adam,"{'lr': 0.000334, 'betas': (0.9, 0.999), 'eps': 1e-08, 'weight_decay': 0, 'amsgrad': False, 'maximize': False, 'foreach': None, 'capturable': False, 'differentiable': False, 'fused': None, 'decoupled_weight_decay': False, 'initial_lr': 0.001}",MSELoss,True,-5.8353,-3.0801,-1.4792,12.9398,10.9844,6.7602,3.3602,2.9911,2.3116,0.0568,4.1358,0.079,0.6095,True,,3
20260627_024254,h=0.5,170689.0,170689.0,0.0,0.4012,0.017,1.0382,10.17,60.0,"(32, 12)",40.0,2048_64_128,custom,gelu,0.7,0.2,0.1,cuda,Adam,"{'lr': 0.000334, 'betas': (0.9, 0.999), 'eps': 1e-08, 'weight_decay': 0, 'amsgrad': False, 'maximize': False, 'foreach': None, 'capturable': False, 'differentiable': False, 'fused': None, 'decoupled_weight_decay': False, 'initial_lr': 0.001}",MSELoss,True,0.7889,0.9937,0.6148,0.3996,0.017,1.0505,0.5358,0.0906,0.9905,0.0157,5.4101,0.0207,0.134,True,,3
20260627_024254,h=0.5,43777.0,43777.0,0.0,0.4205,0.0021,0.7647,10.11,60.0,"(32, 12)",40.0,128_256_32,custom,gelu,0.7,0.2,0.1,cuda,Adam,"{'lr': 0.00099, 'betas': (0.9, 0.999), 'eps': 1e-08, 'weight_decay': 0, 'amsgrad': False, 'maximize': False, 'foreach': None, 'capturable': False, 'differentiable': False, 'fused': None, 'decoupled_weight_decay': False, 'initial_lr': 0.001}",MSELoss,True,0.779,0.9992,0.7189,0.4184,0.0021,0.7664,0.5476,0.0349,0.8547,0.0142,5.4506,0.0153,0.0887,True,,3
20260627_024254,h=0.5,8458241.0,8458241.0,0.0,0.4221,0.0035,1.0668,17.22,60.0,"(32, 12)",40.0,4096_2048,custom,gelu,0.7,0.2,0.1,cuda,Adam,"{'lr': 0.000334, 'betas': (0.9, 0.999), 'eps': 1e-08, 'weight_decay': 0, 'amsgrad': False, 'maximize': False, 'foreach': None, 'capturable': False, 'differentiable': False, 'fused': None, 'decoupled_weight_decay': False, 'initial_lr': 0.001}",MSELoss,True,0.7791,0.9987,0.6095,0.4183,0.0035,1.0647,0.502,0.0462,0.9985,0.0169,5.4466,0.0182,0.0905,True,,2
20260627_024254,h=0.5,22913.0,22913.0,0.0,0.4628,0.0042,1.0558,10.23,60.0,"(32, 12)",40.0,128_128_32,custom,gelu,0.7,0.2,0.1,cuda,Adam,"{'lr': 0.00099, 'betas': (0.9, 0.999), 'eps': 1e-08, 'weight_decay': 0, 'amsgrad': False, 'maximize': False, 'foreach': None, 'capturable': False, 'differentiable': False, 'fused': None, 'decoupled_weight_decay': False, 'initial_lr': 0.001}",MSELoss,True,0.7555,0.9984,0.6084,0.4629,0.0042,1.0678,0.5284,0.0509,1.0037,0.0182,5.459,0.0201,0.0872,True,,3
20260627_024254,h=0.5,7073.0,7073.0,0.0,0.5435,0.006,0.8023,10.13,60.0,"(32, 12)",40.0,32_64_64,custom,gelu,0.7,0.2,0.1,cuda,Adam,"{'lr': 0.00099, 'betas': (0.9, 0.999), 'eps': 1e-08, 'weight_decay': 0, 'amsgrad': False, 'maximize': False, 'foreach': None, 'capturable': False, 'differentiable': False, 'fused': None, 'decoupled_weight_decay': False, 'initial_lr': 0.001}",MSELoss,True,0.7125,0.9978,0.7214,0.5442,0.006,0.7598,0.6456,0.0592,0.8376,0.015,5.4428,0.0151,0.1115,True,,3
20260627_024254,h=0.5,1074401.0,1074401.0,0.0,0.4884,0.0424,1.4513,10.19,60.0,"(32, 12)",40.0,32_256_4096,custom,gelu,0.7,0.2,0.1,cuda,Adam,"{'lr': 0.000334, 'betas': (0.9, 0.999), 'eps': 1e-08, 'weight_decay': 0, 'amsgrad': False, 'maximize': False, 'foreach': None, 'capturable': False, 'differentiable': False, 'fused': None, 'decoupled_weight_decay': False, 'initial_lr': 0.001}",MSELoss,True,0.7422,0.9843,0.4515,0.4879,0.0424,1.4957,0.5672,0.1622,1.1002,0.0212,5.4419,0.0286,0.1173,True,,3
20260627_024254,h=0.5,1114945.0,1114945.0,0.0,16.4367,14.1541,8.7091,10.08,60.0,"(32, 12)",40.0,4096_256_16,custom,gelu,0.7,0.2,0.1,cuda,Adam,"{'lr': 0.000334, 'betas': (0.9, 0.999), 'eps': 1e-08, 'weight_decay': 0, 'amsgrad': False, 'maximize': False, 'foreach': None, 'capturable': False, 'differentiable': False, 'fused': None, 'decoupled_weight_decay': False, 'initial_lr': 0.001}",MSELoss,True,-7.6974,-4.2556,-2.259,16.4651,14.1492,8.8863,3.8338,3.4738,2.6705,0.0571,3.8832,0.079,0.6186,True,,3
20260627_024254,h=0.5,179393.0,179393.0,0.0,0.2066,0.0089,0.6063,10.2,60.0,"(32, 12)",40.0,2048_64_256,custom,gelu,0.7,0.2,0.1,cuda,Adam,"{'lr': 0.000334, 'betas': (0.9, 0.999), 'eps': 1e-08, 'weight_decay': 0, 'amsgrad': False, 'maximize': False, 'foreach': None, 'capturable': False, 'differentiable': False, 'fused': None, 'decoupled_weight_decay': False, 'initial_lr': 0.001}",MSELoss,True,0.8914,0.9967,0.7721,0.2057,0.009,0.6213,0.3875,0.0687,0.7487,0.0119,5.4316,0.0193,0.0699,True,,3
20260627_024254,h=0.5,7073.0,7073.0,0.0,0.3886,0.0116,1.4947,10.06,60.0,"(32, 12)",40.0,32_128_16,custom,gelu,0.7,0.2,0.1,cuda,Adam,"{'lr': 0.00099, 'betas': (0.9, 0.999), 'eps': 1e-08, 'weight_decay': 0, 'amsgrad': False, 'maximize': False, 'foreach': None, 'capturable': False, 'differentiable': False, 'fused': None, 'decoupled_weight_decay': False, 'initial_lr': 0.001}",MSELoss,True,0.7924,0.9957,0.4297,0.3931,0.0116,1.5551,0.4832,0.0822,1.1769,0.0184,5.4447,0.0263,0.098,True,,3
20260627_024254,h=0.5,3216897.0,3216897.0,0.0,0.3689,0.0037,0.7906,11.39,60.0,"(32, 12)",40.0,4096_512_2048,custom,gelu,0.7,0.2,0.1,cuda,Adam,"{'lr': 0.000334, 'betas': (0.9, 0.999), 'eps': 1e-08, 'weight_decay': 0, 'amsgrad': False, 'maximize': False, 'foreach': None, 'capturable': False, 'differentiable': False, 'fused': None, 'decoupled_weight_decay': False, 'initial_lr': 0.001}",MSELoss,True,0.8039,0.9986,0.7078,0.3712,0.0037,0.7968,0.479,0.0468,0.8733,0.0156,5.4523,0.0156,0.0846,True,,3
20260627_024254,h=0.5,143681.0,143681.0,0.0,13.4142,11.6166,6.9534,10.2,60.0,"(32, 12)",40.0,512_256_16,custom,gelu,0.7,0.2,0.1,cuda,Adam,"{'lr': 0.000334, 'betas': (0.9, 0.999), 'eps': 1e-08, 'weight_decay': 0, 'amsgrad': False, 'maximize': False, 'foreach': None, 'capturable': False, 'differentiable': False, 'fused': None, 'decoupled_weight_decay': False, 'initial_lr': 0.001}",MSELoss,True,-6.1539,-3.3185,-1.6156,13.543,11.6264,7.1321,3.4455,3.1126,2.3788,0.0571,3.8788,0.079,0.6188,True,,3
20260627_024254,h=0.5,52097.0,52097.0,0.0,0.7207,0.0033,1.6609,10.18,60.0,"(32, 12)",40.0,128_256_64,custom,gelu,0.7,0.2,0.1,cuda,Adam,"{'lr': 0.00099, 'betas': (0.9, 0.999), 'eps': 1e-08, 'weight_decay': 0, 'amsgrad': False, 'maximize': False, 'foreach': None, 'capturable': False, 'differentiable': False, 'fused': None, 'decoupled_weight_decay': False, 'initial_lr': 0.001}",MSELoss,True,0.6225,0.9988,0.3905,0.7147,0.0033,1.662,0.6215,0.0437,1.2579,0.0234,5.4529,0.021,0.1553,True,,3
20260627_024254,h=0.5,192641.0,192641.0,0.0,3.1866,2.5104,2.6402,9.52,60.0,"(32, 12)",40.0,4096_32,custom,gelu,0.7,0.2,0.1,cuda,Adam,"{'lr': 0.000334, 'betas': (0.9, 0.999), 'eps': 1e-08, 'weight_decay': 0, 'amsgrad': False, 'maximize': False, 'foreach': None, 'capturable': False, 'differentiable': False, 'fused': None, 'decoupled_weight_decay': False, 'initial_lr': 0.001}",MSELoss,True,-0.7029,0.0671,0.0079,3.2237,2.5114,2.7051,1.5433,1.2858,1.303,0.0534,4.6454,0.0787,0.5544,True,,2
20260627_024254,h=0.5,82465.0,82465.0,0.0,1.8108,0.6697,6.1764,10.06,60.0,"(32, 12)",40.0,16_16_4096,custom,gelu,0.7,0.2,0.1,cuda,Adam,"{'lr': 0.000334, 'betas': (0.9, 0.999), 'eps': 1e-08, 'weight_decay': 0, 'amsgrad': False, 'maximize': False, 'foreach': None, 'capturable': False, 'differentiable': False, 'fused': None, 'decoupled_weight_decay': False, 'initial_lr': 0.001}",MSELoss,True,0.0424,0.7511,-1.3341,1.8128,0.6701,6.3645,0.9826,0.6131,1.9835,0.0518,5.1938,0.0774,0.5045,True,,3
20260627_024254,h=0.5,4233217.0,4233217.0,0.0,0.2939,0.0045,0.9375,11.86,60.0,"(32, 12)",40.0,2048_2048,custom,gelu,0.7,0.2,0.1,cuda,Adam,"{'lr': 0.000334, 'betas': (0.9, 0.999), 'eps': 1e-08, 'weight_decay': 0, 'amsgrad': False, 'maximize': False, 'foreach': None, 'capturable': False, 'differentiable': False, 'fused': None, 'decoupled_weight_decay': False, 'initial_lr': 0.001}",MSELoss,True,0.8459,0.9983,0.652,0.2918,0.0045,0.9489,0.429,0.0526,0.9432,0.0139,5.4477,0.0182,0.0653,True,,2
20260627_024254,h=0.5,76833.0,76833.0,0.0,0.5629,0.1289,1.5941,10.2,60.0,"(32, 12)",40.0,64_32_2048,custom,gelu,0.7,0.2,0.1,cuda,Adam,"{'lr': 0.000334, 'betas': (0.9, 0.999), 'eps': 1e-08, 'weight_decay': 0, 'amsgrad': False, 'maximize': False, 'foreach': None, 'capturable': False, 'differentiable': False, 'fused': None, 'decoupled_weight_decay': False, 'initial_lr': 0.001}",MSELoss,True,0.7039,0.9521,0.4066,0.5606,0.129,1.618,0.6021,0.2804,1.081,0.0244,5.3171,0.0382,0.1516,True,,3
20260627_024254,h=0.5,1064449.0,1064449.0,0.0,0.1886,0.0056,0.4758,9.57,60.0,"(32, 12)",40.0,512_2048,custom,gelu,0.7,0.2,0.1,cuda,Adam,"{'lr': 0.000334, 'betas': (0.9, 0.999), 'eps': 1e-08, 'weight_decay': 0, 'amsgrad': False, 'maximize': False, 'foreach': None, 'capturable': False, 'differentiable': False, 'fused': None, 'decoupled_weight_decay': False, 'initial_lr': 0.001}",MSELoss,True,0.9008,0.9979,0.8211,0.1878,0.0056,0.4879,0.3357,0.0587,0.6374,0.0145,5.4467,0.0185,0.0321,True,,2
20260627_024254,h=0.5,75713.0,75713.0,0.0,10.0367,8.628,5.2045,10.21,60.0,"(32, 12)",40.0,512_128_16,custom,gelu,0.7,0.2,0.1,cuda,Adam,"{'lr': 0.000334, 'betas': (0.9, 0.999), 'eps': 1e-08, 'weight_decay': 0, 'amsgrad': False, 'maximize': False, 'foreach': None, 'capturable': False, 'differentiable': False, 'fused': None, 'decoupled_weight_decay': False, 'initial_lr': 0.001}",MSELoss,True,-4.3203,-2.2061,-0.8814,10.0719,8.6316,5.1301,2.9341,2.639,1.972,0.0571,3.8757,0.079,0.6173,True,,3
20260627_024254,h=0.5,27137.0,27137.0,0.0,0.6783,0.0066,1.6254,10.15,60.0,"(32, 12)",40.0,128_128_64,custom,gelu,0.7,0.2,0.1,cuda,Adam,"{'lr': 0.00099, 'betas': (0.9, 0.999), 'eps': 1e-08, 'weight_decay': 0, 'amsgrad': False, 'maximize': False, 'foreach': None, 'capturable': False, 'differentiable': False, 'fused': None, 'decoupled_weight_decay': False, 'initial_lr': 0.001}",MSELoss,True,0.6419,0.9976,0.4035,0.678,0.0066,1.6266,0.6262,0.0616,1.2319,0.0216,5.4517,0.0207,0.165,True,,3
20260627_024254,h=0.5,4897.0,4897.0,0.0,0.2961,0.0142,0.9964,10.15,60.0,"(32, 12)",40.0,32_64_32,custom,gelu,0.7,0.2,0.1,cuda,Adam,"{'lr': 0.00099, 'betas': (0.9, 0.999), 'eps': 1e-08, 'weight_decay': 0, 'amsgrad': False, 'maximize': False, 'foreach': None, 'capturable': False, 'differentiable': False, 'fused': None, 'decoupled_weight_decay': False, 'initial_lr': 0.001}",MSELoss,True,0.8447,0.9947,0.6354,0.294,0.0142,0.9941,0.4616,0.0897,0.9628,0.013,5.4434,0.0207,0.0758,True,,3
20260627_024254,h=0.5,69505.0,69505.0,0.0,0.5953,0.1567,2.5275,9.43,60.0,"(32, 12)",40.0,128_512,custom,gelu,0.7,0.2,0.1,cuda,Adam,"{'lr': 0.000334, 'betas': (0.9, 0.999), 'eps': 1e-08, 'weight_decay': 0, 'amsgrad': False, 'maximize': False, 'foreach': None, 'capturable': False, 'differentiable': False, 'fused': None, 'decoupled_weight_decay': False, 'initial_lr': 0.001}",MSELoss,True,0.6886,0.9418,0.0655,0.5895,0.1568,2.5481,0.5695,0.3003,1.3421,0.0286,5.3812,0.0483,0.1638,True,,2
20260627_024254,h=0.5,8956417.0,8956417.0,0.0,0.5674,0.0289,1.1724,18.63,60.0,"(32, 12)",40.0,2048_4096_128,custom,gelu,0.7,0.2,0.1,cuda,Adam,"{'lr': 0.000334, 'betas': (0.9, 0.999), 'eps': 1e-08, 'weight_decay': 0, 'amsgrad': False, 'maximize': False, 'foreach': None, 'capturable': False, 'differentiable': False, 'fused': None, 'decoupled_weight_decay': False, 'initial_lr': 0.001}",MSELoss,True,0.7048,0.9892,0.568,0.5588,0.029,1.1778,0.6266,0.0958,1.0376,0.0206,5.3855,0.0214,0.2061,True,,3
20260627_024254,h=0.5,18817.0,18817.0,0.0,0.3259,0.0048,0.776,9.5,60.0,"(32, 12)",40.0,128_128,custom,gelu,0.7,0.2,0.1,cuda,Adam,"{'lr': 0.00099, 'betas': (0.9, 0.999), 'eps': 1e-08, 'weight_decay': 0, 'amsgrad': False, 'maximize': False, 'foreach': None, 'capturable': False, 'differentiable': False, 'fused': None, 'decoupled_weight_decay': False, 'initial_lr': 0.001}",MSELoss,True,0.8263,0.9982,0.7164,0.3288,0.0048,0.7732,0.4543,0.0529,0.8492,0.0151,5.4522,0.0175,0.0567,True,,2
20260627_024254,h=0.5,10530817.0,10530817.0,0.0,0.4785,0.0067,1.1871,22.11,60.0,"(32, 12)",40.0,2048_4096_512,custom,gelu,0.7,0.2,0.1,cuda,Adam,"{'lr': 0.000334, 'betas': (0.9, 0.999), 'eps': 1e-08, 'weight_decay': 0, 'amsgrad': False, 'maximize': False, 'foreach': None, 'capturable': False, 'differentiable': False, 'fused': None, 'decoupled_weight_decay': False, 'initial_lr': 0.001}",MSELoss,True,0.7482,0.9975,0.5603,0.4767,0.0067,1.199,0.5833,0.0588,1.0696,0.0159,5.4511,0.0196,0.1154,True,,3
20260627_024254,h=0.5,1095233.0,1095233.0,0.0,14.0686,11.9191,7.442,10.13,60.0,"(32, 12)",40.0,512_2048_16,custom,gelu,0.7,0.2,0.1,cuda,Adam,"{'lr': 0.000334, 'betas': (0.9, 0.999), 'eps': 1e-08, 'weight_decay': 0, 'amsgrad': False, 'maximize': False, 'foreach': None, 'capturable': False, 'differentiable': False, 'fused': None, 'decoupled_weight_decay': False, 'initial_lr': 0.001}",MSELoss,True,-6.3726,-3.4238,-1.7021,13.957,11.9097,7.3679,3.5025,3.1468,2.4195,0.057,3.9824,0.0792,0.611,True,,3
20260627_024254,h=0.5,3137.0,3137.0,0.0,0.4134,0.0064,0.9462,9.47,60.0,"(32, 12)",40.0,64_32,custom,gelu,0.7,0.2,0.1,cuda,Adam,"{'lr': 0.00099, 'betas': (0.9, 0.999), 'eps': 1e-08, 'weight_decay': 0, 'amsgrad': False, 'maximize': False, 'foreach': None, 'capturable': False, 'differentiable': False, 'fused': None, 'decoupled_weight_decay': False, 'initial_lr': 0.001}",MSELoss,True,0.7798,0.9976,0.6547,0.4168,0.0064,0.9416,0.5406,0.0617,0.9457,0.0162,5.4546,0.0166,0.0979,True,,2
20260627_024254,h=0.5,9481217.0,9481217.0,0.0,0.4162,0.01,1.0268,20.23,60.0,"(32, 12)",40.0,2048_4096_256,custom,gelu,0.7,0.2,0.1,cuda,Adam,"{'lr': 0.000334, 'betas': (0.9, 0.999), 'eps': 1e-08, 'weight_decay': 0, 'amsgrad': False, 'maximize': False, 'foreach': None, 'capturable': False, 'differentiable': False, 'fused': None, 'decoupled_weight_decay': False, 'initial_lr': 0.001}",MSELoss,True,0.7819,0.9963,0.6213,0.413,0.01,1.0327,0.5457,0.0647,0.9884,0.0154,5.4388,0.0184,0.1278,True,,3
20260627_024254,h=0.5,8625.0,8625.0,0.0,0.6892,0.0051,1.2759,10.09,60.0,"(32, 12)",40.0,256_16_32,custom,gelu,0.7,0.2,0.1,cuda,Adam,"{'lr': 0.00099, 'betas': (0.9, 0.999), 'eps': 1e-08, 'weight_decay': 0, 'amsgrad': False, 'maximize': False, 'foreach': None, 'capturable': False, 'differentiable': False, 'fused': None, 'decoupled_weight_decay': False, 'initial_lr': 0.001}",MSELoss,True,0.6347,0.9981,0.5333,0.6915,0.0051,1.2725,0.7158,0.0539,1.1087,0.0178,5.4482,0.0185,0.1457,True,,3
20260627_024254,h=0.5,8672193.0,8672193.0,0.0,0.426,0.0104,1.5113,18.12,60.0,"(32, 12)",40.0,64_4096_2048,custom,gelu,0.7,0.2,0.1,cuda,Adam,"{'lr': 0.000334, 'betas': (0.9, 0.999), 'eps': 1e-08, 'weight_decay': 0, 'amsgrad': False, 'maximize': False, 'foreach': None, 'capturable': False, 'differentiable': False, 'fused': None, 'decoupled_weight_decay': False, 'initial_lr': 0.001}",MSELoss,True,0.7752,0.9961,0.4416,0.4256,0.0104,1.5227,0.4963,0.0799,1.1715,0.0204,5.443,0.025,0.0883,True,,3
20260627_024254,h=0.5,35713.0,35713.0,0.0,0.4967,0.0039,1.0748,9.52,60.0,"(32, 12)",40.0,128_256,custom,gelu,0.7,0.2,0.1,cuda,Adam,"{'lr': 0.00099, 'betas': (0.9, 0.999), 'eps': 1e-08, 'weight_decay': 0, 'amsgrad': False, 'maximize': False, 'foreach': None, 'capturable': False, 'differentiable': False, 'fused': None, 'decoupled_weight_decay': False, 'initial_lr': 0.001}",MSELoss,True,0.737,0.9985,0.6049,0.4978,0.0039,1.0773,0.5275,0.0481,1.0021,0.0199,5.4592,0.0202,0.0822,True,,2
20260627_024254,h=0.5,104817.0,104817.0,0.0,2.5639,2.0389,2.9296,10.17,60.0,"(32, 12)",40.0,16_2048_32,custom,gelu,0.7,0.2,0.1,cuda,Adam,"{'lr': 0.000334, 'betas': (0.9, 0.999), 'eps': 1e-08, 'weight_decay': 0, 'amsgrad': False, 'maximize': False, 'foreach': None, 'capturable': False, 'differentiable': False, 'fused': None, 'decoupled_weight_decay': False, 'initial_lr': 0.001}",MSELoss,True,-0.3507,0.2418,-0.0613,2.557,2.0413,2.8939,1.3805,1.1916,1.3059,0.0514,4.5585,0.0797,0.5496,True,,3
20260627_024254,h=0.5,4097.0,4097.0,0.0,0.0525,0.0039,0.2145,9.14,60.0,"(32, 12)",40.0,256,custom,gelu,0.7,0.2,0.1,cuda,Adam,"{'lr': 0.00099, 'betas': (0.9, 0.999), 'eps': 1e-08, 'weight_decay': 0, 'amsgrad': False, 'maximize': False, 'foreach': None, 'capturable': False, 'differentiable': False, 'fused': None, 'decoupled_weight_decay': False, 'initial_lr': 0.001}",MSELoss,True,0.9723,0.9985,0.9189,0.0524,0.0039,0.2212,0.1757,0.0487,0.399,0.0082,5.4506,0.017,0.0069,True,,1
20260627_024254,h=0.5,2131937.0,2131937.0,0.0,0.7901,0.0288,2.3886,10.29,60.0,"(32, 12)",40.0,32_512_4096,custom,gelu,0.7,0.2,0.1,cuda,Adam,"{'lr': 0.000334, 'betas': (0.9, 0.999), 'eps': 1e-08, 'weight_decay': 0, 'amsgrad': False, 'maximize': False, 'foreach': None, 'capturable': False, 'differentiable': False, 'fused': None, 'decoupled_weight_decay': False, 'initial_lr': 0.001}",MSELoss,True,0.5797,0.9893,0.1026,0.7957,0.0288,2.4471,0.7143,0.1343,1.3879,0.0344,5.4368,0.0392,0.1733,True,,3
20260627_024254,h=0.5,105569.0,105569.0,0.0,0.5065,0.0159,1.2403,10.17,60.0,"(32, 12)",40.0,2048_32_256,custom,gelu,0.7,0.2,0.1,cuda,Adam,"{'lr': 0.000334, 'betas': (0.9, 0.999), 'eps': 1e-08, 'weight_decay': 0, 'amsgrad': False, 'maximize': False, 'foreach': None, 'capturable': False, 'differentiable': False, 'fused': None, 'decoupled_weight_decay': False, 'initial_lr': 0.001}",MSELoss,True,0.7316,0.9941,0.5384,0.5081,0.0158,1.2586,0.5983,0.0921,1.0738,0.0179,5.4178,0.0237,0.1393,True,,3
20260627_024254,h=0.5,22593.0,22593.0,0.0,0.6721,0.0024,2.0653,10.11,60.0,"(32, 12)",40.0,256_64_32,custom,gelu,0.7,0.2,0.1,cuda,Adam,"{'lr': 0.00099, 'betas': (0.9, 0.999), 'eps': 1e-08, 'weight_decay': 0, 'amsgrad': False, 'maximize': False, 'foreach': None, 'capturable': False, 'differentiable': False, 'fused': None, 'decoupled_weight_decay': False, 'initial_lr': 0.001}",MSELoss,True,0.6431,0.9991,0.2419,0.6756,0.0024,2.0671,0.669,0.0375,1.3998,0.0197,5.4532,0.0234,0.1622,True,,3
20260627_024254,h=0.5,881.0,881.0,0.0,0.5402,0.028,0.8275,9.53,60.0,"(32, 12)",40.0,16_32,custom,gelu,0.7,0.2,0.1,cuda,Adam,"{'lr': 0.00099, 'betas': (0.9, 0.999), 'eps': 1e-08, 'weight_decay': 0, 'amsgrad': False, 'maximize': False, 'foreach': None, 'capturable': False, 'differentiable': False, 'fused': None, 'decoupled_weight_decay': False, 'initial_lr': 0.001}",MSELoss,True,0.7134,0.9896,0.6919,0.5426,0.028,0.8401,0.6362,0.1297,0.8517,0.017,5.4013,0.023,0.1025,True,,2
20260627_024254,h=0.5,4493825.0,4493825.0,0.0,0.4738,0.0328,0.9077,12.61,60.0,"(32, 12)",40.0,2048_2048_128,custom,gelu,0.7,0.2,0.1,cuda,Adam,"{'lr': 0.000334, 'betas': (0.9, 0.999), 'eps': 1e-08, 'weight_decay': 0, 'amsgrad': False, 'maximize': False, 'foreach': None, 'capturable': False, 'differentiable': False, 'fused': None, 'decoupled_weight_decay': False, 'initial_lr': 0.001}",MSELoss,True,0.7506,0.9878,0.6683,0.4721,0.0328,0.9045,0.5794,0.1103,0.9096,0.0195,5.3895,0.0195,0.1904,True,,3
20260627_024254,h=0.5,5665.0,5665.0,0.0,0.3745,0.0182,0.5073,10.2,60.0,"(32, 12)",40.0,16_16_256,custom,gelu,0.7,0.2,0.1,cuda,Adam,"{'lr': 0.00099, 'betas': (0.9, 0.999), 'eps': 1e-08, 'weight_decay': 0, 'amsgrad': False, 'maximize': False, 'foreach': None, 'capturable': False, 'differentiable': False, 'fused': None, 'decoupled_weight_decay': False, 'initial_lr': 0.001}",MSELoss,True,0.8011,0.9932,0.8118,0.3765,0.0182,0.5133,0.5361,0.1053,0.6582,0.0136,5.4316,0.0162,0.0897,True,,3
20260627_024254,h=0.5,1643265.0,1643265.0,0.0,0.3591,0.0044,0.787,10.23,60.0,"(32, 12)",40.0,4096_256_2048,custom,gelu,0.7,0.2,0.1,cuda,Adam,"{'lr': 0.000334, 'betas': (0.9, 0.999), 'eps': 1e-08, 'weight_decay': 0, 'amsgrad': False, 'maximize': False, 'foreach': None, 'capturable': False, 'differentiable': False, 'fused': None, 'decoupled_weight_decay': False, 'initial_lr': 0.001}",MSELoss,True,0.811,0.9984,0.7085,0.3577,0.0044,0.7949,0.469,0.0518,0.8692,0.0158,5.455,0.0161,0.0767,True,,3
20260627_024254,h=0.5,5281793.0,5281793.0,0.0,0.4898,0.0121,1.3765,13.42,60.0,"(32, 12)",40.0,2048_2048_512,custom,gelu,0.7,0.2,0.1,cuda,Adam,"{'lr': 0.000334, 'betas': (0.9, 0.999), 'eps': 1e-08, 'weight_decay': 0, 'amsgrad': False, 'maximize': False, 'foreach': None, 'capturable': False, 'differentiable': False, 'fused': None, 'decoupled_weight_decay': False, 'initial_lr': 0.001}",MSELoss,True,0.7376,0.9955,0.4879,0.4968,0.0121,1.3965,0.5447,0.0821,1.1224,0.0188,5.4515,0.0255,0.1134,True,,3
20260627_024254,h=0.5,406241.0,406241.0,0.0,0.7012,0.441,1.5238,10.08,60.0,"(32, 12)",40.0,32_4096_64,custom,gelu,0.7,0.2,0.1,cuda,Adam,"{'lr': 0.000334, 'betas': (0.9, 0.999), 'eps': 1e-08, 'weight_decay': 0, 'amsgrad': False, 'maximize': False, 'foreach': None, 'capturable': False, 'differentiable': False, 'fused': None, 'decoupled_weight_decay': False, 'initial_lr': 0.001}",MSELoss,True,0.6313,0.8362,0.4414,0.6979,0.441,1.523,0.6794,0.5094,0.988,0.0339,5.0487,0.0471,0.3648,True,,3
20260627_024254,h=0.5,4241649.0,4241649.0,0.0,0.6442,0.0874,0.8679,12.45,60.0,"(32, 12)",40.0,16_2048_2048,custom,gelu,0.7,0.2,0.1,cuda,Adam,"{'lr': 0.000334, 'betas': (0.9, 0.999), 'eps': 1e-08, 'weight_decay': 0, 'amsgrad': False, 'maximize': False, 'foreach': None, 'capturable': False, 'differentiable': False, 'fused': None, 'decoupled_weight_decay': False, 'initial_lr': 0.001}",MSELoss,True,0.6612,0.9675,0.6835,0.6414,0.0874,0.8631,0.6731,0.2335,0.8286,0.0204,5.3845,0.0242,0.1863,True,,3
20260627_024254,h=0.5,3105.0,3105.0,0.0,0.4938,0.0146,1.0537,10.1,60.0,"(32, 12)",40.0,16_16_128,custom,gelu,0.7,0.2,0.1,cuda,Adam,"{'lr': 0.00099, 'betas': (0.9, 0.999), 'eps': 1e-08, 'weight_decay': 0, 'amsgrad': False, 'maximize': False, 'foreach': None, 'capturable': False, 'differentiable': False, 'fused': None, 'decoupled_weight_decay': False, 'initial_lr': 0.001}",MSELoss,True,0.7394,0.9946,0.6166,0.4934,0.0145,1.0453,0.6094,0.0944,0.9926,0.0169,5.4425,0.0159,0.1328,True,,3
20260627_024254,h=0.5,100961.0,100961.0,0.0,0.3422,0.0204,0.6107,10.1,60.0,"(32, 12)",40.0,2048_32_128,custom,gelu,0.7,0.2,0.1,cuda,Adam,"{'lr': 0.000334, 'betas': (0.9, 0.999), 'eps': 1e-08, 'weight_decay': 0, 'amsgrad': False, 'maximize': False, 'foreach': None, 'capturable': False, 'differentiable': False, 'fused': None, 'decoupled_weight_decay': False, 'initial_lr': 0.001}",MSELoss,True,0.8204,0.9924,0.7706,0.3399,0.0204,0.6255,0.4938,0.0981,0.7357,0.0153,5.4023,0.0193,0.1199,True,,3
20260627_024254,h=0.5,4756481.0,4756481.0,0.0,0.4433,0.0102,1.1473,12.93,60.0,"(32, 12)",40.0,2048_2048_256,custom,gelu,0.7,0.2,0.1,cuda,Adam,"{'lr': 0.000334, 'betas': (0.9, 0.999), 'eps': 1e-08, 'weight_decay': 0, 'amsgrad': False, 'maximize': False, 'foreach': None, 'capturable': False, 'differentiable': False, 'fused': None, 'decoupled_weight_decay': False, 'initial_lr': 0.001}",MSELoss,True,0.767,0.9962,0.5819,0.4411,0.0102,1.1402,0.5782,0.061,1.0365,0.0153,5.4318,0.0204,0.1366,True,,3
20260627_024254,h=0.5,97889.0,97889.0,0.0,0.5345,0.0222,1.5441,10.24,60.0,"(32, 12)",40.0,512_32_2048,custom,gelu,0.7,0.2,0.1,cuda,Adam,"{'lr': 0.000334, 'betas': (0.9, 0.999), 'eps': 1e-08, 'weight_decay': 0, 'amsgrad': False, 'maximize': False, 'foreach': None, 'capturable': False, 'differentiable': False, 'fused': None, 'decoupled_weight_decay': False, 'initial_lr': 0.001}",MSELoss,True,0.7185,0.9918,0.4315,0.5328,0.0222,1.5502,0.6334,0.1125,1.1775,0.0168,5.407,0.0271,0.1246,True,,3
20260627_024254,h=0.5,43521.0,43521.0,0.0,7.7364,6.7443,4.0893,10.15,60.0,"(32, 12)",40.0,64_512_16,custom,gelu,0.7,0.2,0.1,cuda,Adam,"{'lr': 0.000334, 'betas': (0.9, 0.999), 'eps': 1e-08, 'weight_decay': 0, 'amsgrad': False, 'maximize': False, 'foreach': None, 'capturable': False, 'differentiable': False, 'fused': None, 'decoupled_weight_decay': False, 'initial_lr': 0.001}",MSELoss,True,-3.0876,-1.5072,-0.4806,7.7383,6.7499,4.0371,2.5287,2.3051,1.718,0.0571,3.8725,0.079,0.6184,True,,3
20260627_024254,h=0.5,2049.0,2049.0,0.0,0.1724,0.0062,0.3692,8.85,60.0,"(32, 12)",40.0,128,custom,gelu,0.7,0.2,0.1,cuda,Adam,"{'lr': 0.00099, 'betas': (0.9, 0.999), 'eps': 1e-08, 'weight_decay': 0, 'amsgrad': False, 'maximize': False, 'foreach': None, 'capturable': False, 'differentiable': False, 'fused': None, 'decoupled_weight_decay': False, 'initial_lr': 0.001}",MSELoss,True,0.9088,0.9977,0.861,0.1726,0.0062,0.3789,0.3535,0.0605,0.5595,0.0114,5.4385,0.0179,0.0251,True,,1
20260627_024254,h=0.5,602625.0,602625.0,0.0,0.3437,0.0081,1.158,10.2,60.0,"(32, 12)",40.0,256_256_2048,custom,gelu,0.7,0.2,0.1,cuda,Adam,"{'lr': 0.000334, 'betas': (0.9, 0.999), 'eps': 1e-08, 'weight_decay': 0, 'amsgrad': False, 'maximize': False, 'foreach': None, 'capturable': False, 'differentiable': False, 'fused': None, 'decoupled_weight_decay': False, 'initial_lr': 0.001}",MSELoss,True,0.8172,0.997,0.5731,0.346,0.0081,1.164,0.5013,0.0704,1.0128,0.0142,5.4415,0.025,0.0621,True,,3
20260627_024254,h=0.5,10785.0,10785.0,0.0,1.5809,0.8423,3.7191,10.13,60.0,"(32, 12)",40.0,16_16_512,custom,gelu,0.7,0.2,0.1,cuda,Adam,"{'lr': 0.000334, 'betas': (0.9, 0.999), 'eps': 1e-08, 'weight_decay': 0, 'amsgrad': False, 'maximize': False, 'foreach': None, 'capturable': False, 'differentiable': False, 'fused': None, 'decoupled_weight_decay': False, 'initial_lr': 0.001}",MSELoss,True,0.1592,0.6876,-0.3791,1.5918,0.841,3.7603,0.9417,0.7141,1.4529,0.05,5.1157,0.072,0.4439,True,,3
20260627_024254,h=0.5,114785.0,114785.0,0.0,0.2948,0.0087,0.8917,10.17,60.0,"(32, 12)",40.0,2048_32_512,custom,gelu,0.7,0.2,0.1,cuda,Adam,"{'lr': 0.000334, 'betas': (0.9, 0.999), 'eps': 1e-08, 'weight_decay': 0, 'amsgrad': False, 'maximize': False, 'foreach': None, 'capturable': False, 'differentiable': False, 'fused': None, 'decoupled_weight_decay': False, 'initial_lr': 0.001}",MSELoss,True,0.8435,0.9968,0.6666,0.2963,0.0087,0.909,0.4337,0.0713,0.9134,0.0147,5.4355,0.0203,0.0815,True,,3
20260627_024254,h=0.5,89905.0,89905.0,0.0,0.4639,0.0401,1.3924,10.18,60.0,"(32, 12)",40.0,256_16_4096,custom,gelu,0.7,0.2,0.1,cuda,Adam,"{'lr': 0.000334, 'betas': (0.9, 0.999), 'eps': 1e-08, 'weight_decay': 0, 'amsgrad': False, 'maximize': False, 'foreach': None, 'capturable': False, 'differentiable': False, 'fused': None, 'decoupled_weight_decay': False, 'initial_lr': 0.001}",MSELoss,True,0.7588,0.9851,0.4884,0.4566,0.0402,1.3949,0.5368,0.1555,1.1053,0.0203,5.4018,0.0268,0.1184,True,,3
20260627_024254,h=0.5,8193.0,8193.0,0.0,2.6627,1.2752,8.8488,8.86,60.0,"(32, 12)",40.0,512,custom,gelu,0.7,0.2,0.1,cuda,Adam,"{'lr': 0.000334, 'betas': (0.9, 0.999), 'eps': 1e-08, 'weight_decay': 0, 'amsgrad': False, 'maximize': False, 'foreach': None, 'capturable': False, 'differentiable': False, 'fused': None, 'decoupled_weight_decay': False, 'initial_lr': 0.001}",MSELoss,True,-0.4071,0.5257,-2.1919,2.6638,1.277,8.7034,1.1382,0.8611,2.2265,0.0613,4.4686,0.0924,0.7525,True,,1
20260627_024254,h=0.5,85505.0,85505.0,0.0,2.3743,1.6412,2.8034,10.11,60.0,"(32, 12)",40.0,128_512_32,custom,gelu,0.7,0.2,0.1,cuda,Adam,"{'lr': 0.000334, 'betas': (0.9, 0.999), 'eps': 1e-08, 'weight_decay': 0, 'amsgrad': False, 'maximize': False, 'foreach': None, 'capturable': False, 'differentiable': False, 'fused': None, 'decoupled_weight_decay': False, 'initial_lr': 0.001}",MSELoss,True,-0.2477,0.39,-0.0159,2.362,1.6422,2.7701,1.3028,1.0473,1.2284,0.054,4.5423,0.0757,0.5298,True,,3
20260627_024254,h=0.5,36273.0,36273.0,0.0,1.6892,0.7644,5.5556,10.18,60.0,"(32, 12)",40.0,16_64_512,custom,gelu,0.7,0.2,0.1,cuda,Adam,"{'lr': 0.000334, 'betas': (0.9, 0.999), 'eps': 1e-08, 'weight_decay': 0, 'amsgrad': False, 'maximize': False, 'foreach': None, 'capturable': False, 'differentiable': False, 'fused': None, 'decoupled_weight_decay': False, 'initial_lr': 0.001}",MSELoss,True,0.1041,0.7157,-0.9388,1.6961,0.7654,5.2866,0.9735,0.6767,1.8336,0.0493,5.1176,0.074,0.4735,True,,3
20260627_024254,h=0.5,1681.0,1681.0,0.0,0.4902,0.0118,0.826,10.1,60.0,"(32, 12)",40.0,32_16_32,custom,gelu,0.7,0.2,0.1,cuda,Adam,"{'lr': 0.00099, 'betas': (0.9, 0.999), 'eps': 1e-08, 'weight_decay': 0, 'amsgrad': False, 'maximize': False, 'foreach': None, 'capturable': False, 'differentiable': False, 'fused': None, 'decoupled_weight_decay': False, 'initial_lr': 0.001}",MSELoss,True,0.7403,0.9956,0.6914,0.4917,0.0117,0.8414,0.5997,0.0831,0.8846,0.0162,5.4342,0.0186,0.1059,True,,3
20260627_024254,h=0.5,10161.0,10161.0,0.0,0.5558,0.0092,0.9726,10.36,60.0,"(32, 12)",40.0,16_64_128,custom,gelu,0.7,0.2,0.1,cuda,Adam,"{'lr': 0.00099, 'betas': (0.9, 0.999), 'eps': 1e-08, 'weight_decay': 0, 'amsgrad': False, 'maximize': False, 'foreach': None, 'capturable': False, 'differentiable': False, 'fused': None, 'decoupled_weight_decay': False, 'initial_lr': 0.001}",MSELoss,True,0.7057,0.9966,0.6483,0.5572,0.0092,0.959,0.6565,0.074,0.9526,0.0168,5.4488,0.0141,0.1319,True,,3
20260627_024254,h=0.5,26657.0,26657.0,0.0,13.6373,11.563,7.0771,10.07,60.0,"(32, 12)",40.0,32_512_16,custom,gelu,0.7,0.2,0.1,cuda,Adam,"{'lr': 0.000334, 'betas': (0.9, 0.999), 'eps': 1e-08, 'weight_decay': 0, 'amsgrad': False, 'maximize': False, 'foreach': None, 'capturable': False, 'differentiable': False, 'fused': None, 'decoupled_weight_decay': False, 'initial_lr': 0.001}",MSELoss,True,-6.2006,-3.3002,-1.5663,13.6313,11.5769,6.9975,3.458,3.1026,2.3548,0.057,3.8829,0.079,0.6241,True,,3
20260627_024254,h=0.5,2292225.0,2292225.0,0.0,0.335,0.019,0.707,10.45,60.0,"(32, 12)",40.0,4096_512_256,custom,gelu,0.7,0.2,0.1,cuda,Adam,"{'lr': 0.000334, 'betas': (0.9, 0.999), 'eps': 1e-08, 'weight_decay': 0, 'amsgrad': False, 'maximize': False, 'foreach': None, 'capturable': False, 'differentiable': False, 'fused': None, 'decoupled_weight_decay': False, 'initial_lr': 0.001}",MSELoss,True,0.8214,0.9929,0.7405,0.3381,0.019,0.7075,0.4845,0.0916,0.8135,0.0152,5.42,0.0155,0.1353,True,,3
20260627_024254,h=0.5,543345.0,543345.0,0.0,1.4175,0.3737,2.8142,10.16,60.0,"(32, 12)",40.0,16_128_4096,custom,gelu,0.7,0.2,0.1,cuda,Adam,"{'lr': 0.000334, 'betas': (0.9, 0.999), 'eps': 1e-08, 'weight_decay': 0, 'amsgrad': False, 'maximize': False, 'foreach': None, 'capturable': False, 'differentiable': False, 'fused': None, 'decoupled_weight_decay': False, 'initial_lr': 0.001}",MSELoss,True,0.264,0.8612,-0.0521,1.3933,0.3738,2.8687,0.9332,0.4654,1.4176,0.0485,5.2743,0.0565,0.3546,True,,3
20260627_024254,h=0.5,599937.0,599937.0,0.0,4.0181,3.1949,2.6676,10.13,60.0,"(32, 12)",40.0,256_2048_32,custom,gelu,0.7,0.2,0.1,cuda,Adam,"{'lr': 0.000334, 'betas': (0.9, 0.999), 'eps': 1e-08, 'weight_decay': 0, 'amsgrad': False, 'maximize': False, 'foreach': None, 'capturable': False, 'differentiable': False, 'fused': None, 'decoupled_weight_decay': False, 'initial_lr': 0.001}",MSELoss,True,-1.1064,-0.1875,-0.0142,3.9875,3.1971,2.7653,1.7376,1.4694,1.3424,0.054,4.54,0.079,0.5698,True,,3
20260627_024254,h=0.5,2424321.0,2424321.0,0.0,0.3509,0.0064,0.8349,10.43,60.0,"(32, 12)",40.0,4096_512_512,custom,gelu,0.7,0.2,0.1,cuda,Adam,"{'lr': 0.000334, 'betas': (0.9, 0.999), 'eps': 1e-08, 'weight_decay': 0, 'amsgrad': False, 'maximize': False, 'foreach': None, 'capturable': False, 'differentiable': False, 'fused': None, 'decoupled_weight_decay': False, 'initial_lr': 0.001}",MSELoss,True,0.8129,0.9976,0.6956,0.3541,0.0064,0.8301,0.5013,0.0611,0.8867,0.0138,5.4492,0.018,0.08,True,,3
20260627_024254,h=0.5,171009.0,171009.0,0.0,14.1165,12.1521,7.6034,10.18,60.0,"(32, 12)",40.0,64_2048_16,custom,gelu,0.7,0.2,0.1,cuda,Adam,"{'lr': 0.000334, 'betas': (0.9, 0.999), 'eps': 1e-08, 'weight_decay': 0, 'amsgrad': False, 'maximize': False, 'foreach': None, 'capturable': False, 'differentiable': False, 'fused': None, 'decoupled_weight_decay': False, 'initial_lr': 0.001}",MSELoss,True,-6.4479,-3.5165,-1.7648,14.0996,12.1594,7.5389,3.5217,3.1899,2.4491,0.0571,3.878,0.079,0.6169,True,,3
20260627_024254,h=0.5,41201.0,41201.0,0.0,3.4334,1.1107,7.0312,9.52,60.0,"(32, 12)",40.0,16_2048,custom,gelu,0.7,0.2,0.1,cuda,Adam,"{'lr': 0.000334, 'betas': (0.9, 0.999), 'eps': 1e-08, 'weight_decay': 0, 'amsgrad': False, 'maximize': False, 'foreach': None, 'capturable': False, 'differentiable': False, 'fused': None, 'decoupled_weight_decay': False, 'initial_lr': 0.001}",MSELoss,True,-0.8349,0.5869,-1.5677,3.4736,1.1121,7.0013,1.5396,0.8148,2.0725,0.078,4.7809,0.1013,0.6025,True,,2
20260627_024254,h=0.5,2168385.0,2168385.0,0.0,12.7488,11.0811,6.591,10.29,60.0,"(32, 12)",40.0,4096_512_16,custom,gelu,0.7,0.2,0.1,cuda,Adam,"{'lr': 0.000334, 'betas': (0.9, 0.999), 'eps': 1e-08, 'weight_decay': 0, 'amsgrad': False, 'maximize': False, 'foreach': None, 'capturable': False, 'differentiable': False, 'fused': None, 'decoupled_weight_decay': False, 'initial_lr': 0.001}",MSELoss,True,-5.7583,-3.1175,-1.5024,12.7941,11.0851,6.8234,3.3402,3.0326,2.3233,0.0571,3.8755,0.079,0.6171,True,,3
20260627_024254,h=0.5,141985.0,141985.0,0.0,1.0701,0.2083,2.9934,10.28,60.0,"(32, 12)",40.0,32_64_2048,custom,gelu,0.7,0.2,0.1,cuda,Adam,"{'lr': 0.000334, 'betas': (0.9, 0.999), 'eps': 1e-08, 'weight_decay': 0, 'amsgrad': False, 'maximize': False, 'foreach': None, 'capturable': False, 'differentiable': False, 'fused': None, 'decoupled_weight_decay': False, 'initial_lr': 0.001}",MSELoss,True,0.4345,0.9225,-0.1004,1.0705,0.2085,3.0005,0.8129,0.3553,1.4446,0.0417,5.2932,0.0546,0.2679,True,,3
20260627_024254,h=0.5,2226177.0,2226177.0,0.0,0.437,0.0624,1.138,10.38,60.0,"(32, 12)",40.0,4096_512_128,custom,gelu,0.7,0.2,0.1,cuda,Adam,"{'lr': 0.000334, 'betas': (0.9, 0.999), 'eps': 1e-08, 'weight_decay': 0, 'amsgrad': False, 'maximize': False, 'foreach': None, 'capturable': False, 'differentiable': False, 'fused': None, 'decoupled_weight_decay': False, 'initial_lr': 0.001}",MSELoss,True,0.7703,0.9768,0.5815,0.4348,0.0624,1.1413,0.5816,0.1496,1.008,0.0208,5.3432,0.0245,0.2373,True,,3
20260627_024254,h=0.5,18865.0,18865.0,0.0,0.6685,0.0248,1.0845,10.33,60.0,"(32, 12)",40.0,16_64_256,custom,gelu,0.7,0.2,0.1,cuda,Adam,"{'lr': 0.00099, 'betas': (0.9, 0.999), 'eps': 1e-08, 'weight_decay': 0, 'amsgrad': False, 'maximize': False, 'foreach': None, 'capturable': False, 'differentiable': False, 'fused': None, 'decoupled_weight_decay': False, 'initial_lr': 0.001}",MSELoss,True,0.6464,0.9908,0.597,0.6694,0.0249,1.0988,0.6789,0.1199,1.0063,0.0198,5.4412,0.0187,0.1356,True,,3
20260627_024254,h=0.5,2321.0,2321.0,0.0,0.5348,0.0101,0.7157,10.11,60.0,"(32, 12)",40.0,32_16_64,custom,gelu,0.7,0.2,0.1,cuda,Adam,"{'lr': 0.00099, 'betas': (0.9, 0.999), 'eps': 1e-08, 'weight_decay': 0, 'amsgrad': False, 'maximize': False, 'foreach': None, 'capturable': False, 'differentiable': False, 'fused': None, 'decoupled_weight_decay': False, 'initial_lr': 0.001}",MSELoss,True,0.7183,0.9962,0.7348,0.5333,0.0101,0.7231,0.6409,0.0788,0.7926,0.0158,5.4424,0.0158,0.1255,True,,3
20260627_024254,h=0.5,1177345.0,1177345.0,0.0,0.3632,0.0085,1.1177,10.25,60.0,"(32, 12)",40.0,4096_256_256,custom,gelu,0.7,0.2,0.1,cuda,Adam,"{'lr': 0.000334, 'betas': (0.9, 0.999), 'eps': 1e-08, 'weight_decay': 0, 'amsgrad': False, 'maximize': False, 'foreach': None, 'capturable': False, 'differentiable': False, 'fused': None, 'decoupled_weight_decay': False, 'initial_lr': 0.001}",MSELoss,True,0.8086,0.9969,0.5871,0.3623,0.0085,1.1257,0.514,0.0679,1.0319,0.014,5.4405,0.0195,0.1061,True,,3
20260627_024254,h=0.5,279617.0,279617.0,0.0,9.2885,7.9303,4.6733,10.12,60.0,"(32, 12)",40.0,512_512_16,custom,gelu,0.7,0.2,0.1,cuda,Adam,"{'lr': 0.000334, 'betas': (0.9, 0.999), 'eps': 1e-08, 'weight_decay': 0, 'amsgrad': False, 'maximize': False, 'foreach': None, 'capturable': False, 'differentiable': False, 'fused': None, 'decoupled_weight_decay': False, 'initial_lr': 0.001}",MSELoss,True,-3.8852,-1.9478,-0.7199,9.2482,7.9362,4.6897,2.7986,2.5176,1.8615,0.0571,3.8754,0.079,0.6204,True,,3
20260627_024254,h=0.5,102017.0,102017.0,0.0,1.0262,0.5843,2.2702,10.13,60.0,"(32, 12)",40.0,128_512_64,custom,gelu,0.7,0.2,0.1,cuda,Adam,"{'lr': 0.000334, 'betas': (0.9, 0.999), 'eps': 1e-08, 'weight_decay': 0, 'amsgrad': False, 'maximize': False, 'foreach': None, 'capturable': False, 'differentiable': False, 'fused': None, 'decoupled_weight_decay': False, 'initial_lr': 0.001}",MSELoss,True,0.4589,0.7826,0.1779,1.0243,0.5852,2.2417,0.7898,0.564,1.1438,0.0419,5.0533,0.0599,0.4053,True,,3
20260627_024254,h=0.5,16916545.0,16916545.0,0.0,10.6229,9.1308,5.4502,33.57,60.0,"(32, 12)",40.0,4096_4096_16,custom,gelu,0.7,0.2,0.1,cuda,Adam,"{'lr': 0.000334, 'betas': (0.9, 0.999), 'eps': 1e-08, 'weight_decay': 0, 'amsgrad': False, 'maximize': False, 'foreach': None, 'capturable': False, 'differentiable': False, 'fused': None, 'decoupled_weight_decay': False, 'initial_lr': 0.001}",MSELoss,True,-4.6224,-2.3944,-0.9968,10.6437,9.1384,5.4447,3.0242,2.7236,2.045,0.0571,3.8764,0.079,0.6193,True,,3
20260627_024254,h=0.5,38753.0,38753.0,0.0,0.695,0.0058,1.5604,10.13,60.0,"(32, 12)",40.0,32_128_256,custom,gelu,0.7,0.2,0.1,cuda,Adam,"{'lr': 0.00099, 'betas': (0.9, 0.999), 'eps': 1e-08, 'weight_decay': 0, 'amsgrad': False, 'maximize': False, 'foreach': None, 'capturable': False, 'differentiable': False, 'fused': None, 'decoupled_weight_decay': False, 'initial_lr': 0.001}",MSELoss,True,0.6347,0.9979,0.4231,0.6915,0.0058,1.5731,0.6776,0.0583,1.2084,0.0204,5.448,0.0235,0.1386,True,,3
20260627_024254,h=0.5,72545.0,72545.0,0.0,0.7101,0.2502,2.3171,10.13,60.0,"(32, 12)",40.0,32_128_512,custom,gelu,0.7,0.2,0.1,cuda,Adam,"{'lr': 0.000334, 'betas': (0.9, 0.999), 'eps': 1e-08, 'weight_decay': 0, 'amsgrad': False, 'maximize': False, 'foreach': None, 'capturable': False, 'differentiable': False, 'fused': None, 'decoupled_weight_decay': False, 'initial_lr': 0.001}",MSELoss,True,0.6215,0.907,0.1458,0.7166,0.2503,2.329,0.6495,0.3847,1.2875,0.0306,5.2672,0.0458,0.2598,True,,3
20260627_024254,h=0.5,1144065.0,1144065.0,0.0,0.4212,0.053,1.1491,10.15,60.0,"(32, 12)",40.0,4096_256_128,custom,gelu,0.7,0.2,0.1,cuda,Adam,"{'lr': 0.000334, 'betas': (0.9, 0.999), 'eps': 1e-08, 'weight_decay': 0, 'amsgrad': False, 'maximize': False, 'foreach': None, 'capturable': False, 'differentiable': False, 'fused': None, 'decoupled_weight_decay': False, 'initial_lr': 0.001}",MSELoss,True,0.7781,0.9803,0.5764,0.4201,0.0531,1.155,0.5211,0.1434,1.0112,0.0215,5.3543,0.0246,0.2193,True,,3
20260627_024254,h=0.5,21857.0,21857.0,0.0,0.8968,0.0058,1.4006,10.15,60.0,"(32, 12)",40.0,32_128_128,custom,gelu,0.7,0.2,0.1,cuda,Adam,"{'lr': 0.00099, 'betas': (0.9, 0.999), 'eps': 1e-08, 'weight_decay': 0, 'amsgrad': False, 'maximize': False, 'foreach': None, 'capturable': False, 'differentiable': False, 'fused': None, 'decoupled_weight_decay': False, 'initial_lr': 0.001}",MSELoss,True,0.5234,0.9978,0.4826,0.9023,0.0058,1.4108,0.7569,0.0577,1.1361,0.0242,5.4571,0.0244,0.1319,True,,3
20260627_024254,h=0.5,833921.0,833921.0,0.0,0.4966,0.005,1.2804,10.23,60.0,"(32, 12)",40.0,2048_128_4096,custom,gelu,0.7,0.2,0.1,cuda,Adam,"{'lr': 0.000334, 'betas': (0.9, 0.999), 'eps': 1e-08, 'weight_decay': 0, 'amsgrad': False, 'maximize': False, 'foreach': None, 'capturable': False, 'differentiable': False, 'fused': None, 'decoupled_weight_decay': False, 'initial_lr': 0.001}",MSELoss,True,0.7409,0.9981,0.525,0.4906,0.005,1.2951,0.5641,0.0541,1.1107,0.0175,5.4518,0.0205,0.1055,True,,3
20260627_024254,h=0.5,665601.0,665601.0,0.0,0.5734,0.2482,1.6206,10.19,60.0,"(32, 12)",40.0,256_2048_64,custom,gelu,0.7,0.2,0.1,cuda,Adam,"{'lr': 0.000334, 'betas': (0.9, 0.999), 'eps': 1e-08, 'weight_decay': 0, 'amsgrad': False, 'maximize': False, 'foreach': None, 'capturable': False, 'differentiable': False, 'fused': None, 'decoupled_weight_decay': False, 'initial_lr': 0.001}",MSELoss,True,0.7004,0.9077,0.4149,0.5671,0.2485,1.5955,0.568,0.3478,1.0607,0.0305,5.1575,0.0418,0.3174,True,,3
20260627_024254,h=0.5,257.0,257.0,0.0,0.4224,0.0388,0.7955,8.79,60.0,"(32, 12)",40.0,16,custom,gelu,0.7,0.2,0.1,cuda,Adam,"{'lr': 0.00099, 'betas': (0.9, 0.999), 'eps': 1e-08, 'weight_decay': 0, 'amsgrad': False, 'maximize': False, 'foreach': None, 'capturable': False, 'differentiable': False, 'fused': None, 'decoupled_weight_decay': False, 'initial_lr': 0.001}",MSELoss,True,0.7769,0.9856,0.7052,0.4223,0.0387,0.8039,0.5665,0.1459,0.8235,0.0174,5.3445,0.0245,0.0745,True,,1
20260627_024254,h=0.5,1243905.0,1243905.0,0.0,0.3422,0.0055,0.662,10.15,60.0,"(32, 12)",40.0,4096_256_512,custom,gelu,0.7,0.2,0.1,cuda,Adam,"{'lr': 0.000334, 'betas': (0.9, 0.999), 'eps': 1e-08, 'weight_decay': 0, 'amsgrad': False, 'maximize': False, 'foreach': None, 'capturable': False, 'differentiable': False, 'fused': None, 'decoupled_weight_decay': False, 'initial_lr': 0.001}",MSELoss,True,0.8189,0.9979,0.7564,0.3428,0.0055,0.6642,0.5123,0.0565,0.7869,0.0124,5.452,0.0157,0.0791,True,,3
20260627_024254,h=0.5,2177.0,2177.0,0.0,0.4015,0.0093,0.7171,10.11,60.0,"(32, 12)",40.0,32_32_16,custom,gelu,0.7,0.2,0.1,cuda,Adam,"{'lr': 0.00099, 'betas': (0.9, 0.999), 'eps': 1e-08, 'weight_decay': 0, 'amsgrad': False, 'maximize': False, 'foreach': None, 'capturable': False, 'differentiable': False, 'fused': None, 'decoupled_weight_decay': False, 'initial_lr': 0.001}",MSELoss,True,0.7868,0.9965,0.735,0.4037,0.0093,0.7226,0.5521,0.0736,0.815,0.0137,5.4447,0.0148,0.11,True,,3
20260627_024254,h=0.5,1089777.0,1089777.0,0.0,0.3388,0.1537,0.8314,10.17,60.0,"(32, 12)",40.0,16_2048_512,custom,gelu,0.7,0.2,0.1,cuda,Adam,"{'lr': 0.000334, 'betas': (0.9, 0.999), 'eps': 1e-08, 'weight_decay': 0, 'amsgrad': False, 'maximize': False, 'foreach': None, 'capturable': False, 'differentiable': False, 'fused': None, 'decoupled_weight_decay': False, 'initial_lr': 0.001}",MSELoss,True,0.8223,0.943,0.6867,0.3363,0.1535,0.8543,0.4689,0.3078,0.7514,0.0233,5.3685,0.0316,0.1574,True,,3
20260627_024254,h=0.5,79841.0,79841.0,0.0,0.5371,0.0772,1.6836,10.12,60.0,"(32, 12)",40.0,128_32_2048,custom,gelu,0.7,0.2,0.1,cuda,Adam,"{'lr': 0.000334, 'betas': (0.9, 0.999), 'eps': 1e-08, 'weight_decay': 0, 'amsgrad': False, 'maximize': False, 'foreach': None, 'capturable': False, 'differentiable': False, 'fused': None, 'decoupled_weight_decay': False, 'initial_lr': 0.001}",MSELoss,True,0.7191,0.9712,0.3845,0.5317,0.0774,1.6784,0.5587,0.2061,1.1646,0.0242,5.3273,0.035,0.1183,True,,3
20260627_024254,h=0.5,170081.0,170081.0,0.0,0.5553,0.0075,1.3381,10.21,60.0,"(32, 12)",40.0,2048_32_2048,custom,gelu,0.7,0.2,0.1,cuda,Adam,"{'lr': 0.000334, 'betas': (0.9, 0.999), 'eps': 1e-08, 'weight_decay': 0, 'amsgrad': False, 'maximize': False, 'foreach': None, 'capturable': False, 'differentiable': False, 'fused': None, 'decoupled_weight_decay': False, 'initial_lr': 0.001}",MSELoss,True,0.7097,0.9972,0.5018,0.5495,0.0075,1.3583,0.6381,0.0661,1.1354,0.0168,5.435,0.0219,0.1142,True,,3
20260627_024254,h=0.5,1521.0,1521.0,0.0,0.2296,0.0159,0.3559,9.45,60.0,"(32, 12)",40.0,16_64,custom,gelu,0.7,0.2,0.1,cuda,Adam,"{'lr': 0.00099, 'betas': (0.9, 0.999), 'eps': 1e-08, 'weight_decay': 0, 'amsgrad': False, 'maximize': False, 'foreach': None, 'capturable': False, 'differentiable': False, 'fused': None, 'decoupled_weight_decay': False, 'initial_lr': 0.001}",MSELoss,True,0.8805,0.9941,0.8701,0.2262,0.0159,0.3542,0.4232,0.0959,0.5395,0.0134,5.4199,0.0173,0.0609,True,,2
20260627_024254,h=0.5,536321.0,536321.0,0.0,0.3321,0.0127,1.4283,9.55,60.0,"(32, 12)",40.0,256_2048,custom,gelu,0.7,0.2,0.1,cuda,Adam,"{'lr': 0.000334, 'betas': (0.9, 0.999), 'eps': 1e-08, 'weight_decay': 0, 'amsgrad': False, 'maximize': False, 'foreach': None, 'capturable': False, 'differentiable': False, 'fused': None, 'decoupled_weight_decay': False, 'initial_lr': 0.001}",MSELoss,True,0.8272,0.9953,0.4924,0.3271,0.0127,1.3841,0.4426,0.0876,1.0705,0.0198,5.4509,0.0288,0.0729,True,,2
20260627_024254,h=0.5,301809.0,301809.0,0.0,0.7078,0.34,1.8263,10.13,60.0,"(32, 12)",40.0,16_2048_128,custom,gelu,0.7,0.2,0.1,cuda,Adam,"{'lr': 0.000334, 'betas': (0.9, 0.999), 'eps': 1e-08, 'weight_decay': 0, 'amsgrad': False, 'maximize': False, 'foreach': None, 'capturable': False, 'differentiable': False, 'fused': None, 'decoupled_weight_decay': False, 'initial_lr': 0.001}",MSELoss,True,0.6257,0.8739,0.312,0.7086,0.3396,1.876,0.647,0.453,1.0855,0.034,5.1778,0.0517,0.3234,True,,3
20260627_024254,h=0.5,24769.0,24769.0,0.0,0.6222,0.0036,1.5699,10.17,60.0,"(32, 12)",40.0,256_64_64,custom,gelu,0.7,0.2,0.1,cuda,Adam,"{'lr': 0.00099, 'betas': (0.9, 0.999), 'eps': 1e-08, 'weight_decay': 0, 'amsgrad': False, 'maximize': False, 'foreach': None, 'capturable': False, 'differentiable': False, 'fused': None, 'decoupled_weight_decay': False, 'initial_lr': 0.001}",MSELoss,True,0.6725,0.9987,0.4228,0.6199,0.0036,1.574,0.6623,0.0454,1.225,0.018,5.4474,0.0224,0.131,True,,3
20260627_024254,h=0.5,279985.0,279985.0,0.0,1.0971,0.3236,2.2637,10.28,60.0,"(32, 12)",40.0,16_64_4096,custom,gelu,0.7,0.2,0.1,cuda,Adam,"{'lr': 0.000334, 'betas': (0.9, 0.999), 'eps': 1e-08, 'weight_decay': 0, 'amsgrad': False, 'maximize': False, 'foreach': None, 'capturable': False, 'differentiable': False, 'fused': None, 'decoupled_weight_decay': False, 'initial_lr': 0.001}",MSELoss,True,0.4189,0.8798,0.1643,1.1001,0.3237,2.2788,0.8061,0.438,1.2509,0.0375,5.2684,0.0464,0.3273,True,,3
20260627_024254,h=0.5,1057.0,1057.0,0.0,0.5278,0.0125,1.0218,9.44,60.0,"(32, 12)",40.0,32_16,custom,gelu,0.7,0.2,0.1,cuda,Adam,"{'lr': 0.00099, 'betas': (0.9, 0.999), 'eps': 1e-08, 'weight_decay': 0, 'amsgrad': False, 'maximize': False, 'foreach': None, 'capturable': False, 'differentiable': False, 'fused': None, 'decoupled_weight_decay': False, 'initial_lr': 0.001}",MSELoss,True,0.7205,0.9954,0.6203,0.5291,0.0125,1.0352,0.6481,0.0858,0.9866,0.0145,5.4332,0.019,0.1319,True,,2
20260627_024254,h=0.5,8474865.0,8474865.0,0.0,1.0686,0.1746,3.1609,17.73,60.0,"(32, 12)",40.0,16_4096_2048,custom,gelu,0.7,0.2,0.1,cuda,Adam,"{'lr': 0.000334, 'betas': (0.9, 0.999), 'eps': 1e-08, 'weight_decay': 0, 'amsgrad': False, 'maximize': False, 'foreach': None, 'capturable': False, 'differentiable': False, 'fused': None, 'decoupled_weight_decay': False, 'initial_lr': 0.001}",MSELoss,True,0.4331,0.9352,-0.1751,1.0732,0.1746,3.2041,0.8435,0.3227,1.653,0.0303,5.3578,0.0373,0.3648,True,,3
20260627_024254,h=0.5,564465.0,564465.0,0.0,0.8416,0.284,1.0354,10.17,60.0,"(32, 12)",40.0,16_2048_256,custom,gelu,0.7,0.2,0.1,cuda,Adam,"{'lr': 0.000334, 'betas': (0.9, 0.999), 'eps': 1e-08, 'weight_decay': 0, 'amsgrad': False, 'maximize': False, 'foreach': None, 'capturable': False, 'differentiable': False, 'fused': None, 'decoupled_weight_decay': False, 'initial_lr': 0.001}",MSELoss,True,0.5513,0.8943,0.6272,0.8494,0.2846,1.0166,0.729,0.4224,0.8111,0.0375,5.2444,0.0371,0.259,True,,3
20260627_024254,h=0.5,340065.0,340065.0,0.0,0.5152,0.0058,1.2957,10.16,60.0,"(32, 12)",40.0,4096_32_4096,custom,gelu,0.7,0.2,0.1,cuda,Adam,"{'lr': 0.000334, 'betas': (0.9, 0.999), 'eps': 1e-08, 'weight_decay': 0, 'amsgrad': False, 'maximize': False, 'foreach': None, 'capturable': False, 'differentiable': False, 'fused': None, 'decoupled_weight_decay': False, 'initial_lr': 0.001}",MSELoss,True,0.7288,0.9978,0.5267,0.5135,0.0058,1.2905,0.6323,0.0559,1.1099,0.0145,5.4437,0.0205,0.1165,True,,3
20260627_024254,h=0.5,275041.0,275041.0,0.0,2.9846,2.378,2.7516,10.13,60.0,"(32, 12)",40.0,32_4096_32,custom,gelu,0.7,0.2,0.1,cuda,Adam,"{'lr': 0.000334, 'betas': (0.9, 0.999), 'eps': 1e-08, 'weight_decay': 0, 'amsgrad': False, 'maximize': False, 'foreach': None, 'capturable': False, 'differentiable': False, 'fused': None, 'decoupled_weight_decay': False, 'initial_lr': 0.001}",MSELoss,True,-0.5873,0.1158,-0.0173,3.0049,2.3805,2.7738,1.4913,1.2607,1.3143,0.0538,4.6098,0.0794,0.5616,True,,3
20260627_024254,h=0.5,602305.0,602305.0,0.0,0.4581,0.0033,1.1909,10.06,60.0,"(32, 12)",40.0,4096_64_4096,custom,gelu,0.7,0.2,0.1,cuda,Adam,"{'lr': 0.000334, 'betas': (0.9, 0.999), 'eps': 1e-08, 'weight_decay': 0, 'amsgrad': False, 'maximize': False, 'foreach': None, 'capturable': False, 'differentiable': False, 'fused': None, 'decoupled_weight_decay': False, 'initial_lr': 0.001}",MSELoss,True,0.758,0.9988,0.5624,0.458,0.0033,1.1933,0.5614,0.0436,1.0591,0.016,5.4521,0.0215,0.0961,True,,3
20260627_024254,h=0.5,11121.0,11121.0,0.0,0.493,0.009,0.6983,10.36,60.0,"(32, 12)",40.0,16_128_64,custom,gelu,0.7,0.2,0.1,cuda,Adam,"{'lr': 0.00099, 'betas': (0.9, 0.999), 'eps': 1e-08, 'weight_decay': 0, 'amsgrad': False, 'maximize': False, 'foreach': None, 'capturable': False, 'differentiable': False, 'fused': None, 'decoupled_weight_decay': False, 'initial_lr': 0.001}",MSELoss,True,0.739,0.9967,0.7409,0.4942,0.009,0.7064,0.6112,0.0731,0.8069,0.0156,5.4469,0.0159,0.1099,True,,3
20260627_024254,h=0.5,141185.0,141185.0,0.0,0.251,0.0139,0.9344,10.18,60.0,"(32, 12)",40.0,512_128_512,custom,gelu,0.7,0.2,0.1,cuda,Adam,"{'lr': 0.000334, 'betas': (0.9, 0.999), 'eps': 1e-08, 'weight_decay': 0, 'amsgrad': False, 'maximize': False, 'foreach': None, 'capturable': False, 'differentiable': False, 'fused': None, 'decoupled_weight_decay': False, 'initial_lr': 0.001}",MSELoss,True,0.867,0.9948,0.6743,0.2518,0.0139,0.888,0.4187,0.0885,0.8769,0.0133,5.4145,0.0237,0.0682,True,,3
20260627_024254,h=0.5,90497.0,90497.0,0.0,0.3786,0.0406,1.1796,10.15,60.0,"(32, 12)",40.0,512_128_128,custom,gelu,0.7,0.2,0.1,cuda,Adam,"{'lr': 0.000334, 'betas': (0.9, 0.999), 'eps': 1e-08, 'weight_decay': 0, 'amsgrad': False, 'maximize': False, 'foreach': None, 'capturable': False, 'differentiable': False, 'fused': None, 'decoupled_weight_decay': False, 'initial_lr': 0.001}",MSELoss,True,0.8004,0.985,0.5638,0.3778,0.0405,1.1895,0.494,0.1482,1.0068,0.0191,5.3678,0.0262,0.1591,True,,3
20260627_024254,h=0.5,1113857.0,1113857.0,0.0,0.4605,0.18,1.1635,10.13,60.0,"(32, 12)",40.0,2048_512_64,custom,gelu,0.7,0.2,0.1,cuda,Adam,"{'lr': 0.000334, 'betas': (0.9, 0.999), 'eps': 1e-08, 'weight_decay': 0, 'amsgrad': False, 'maximize': False, 'foreach': None, 'capturable': False, 'differentiable': False, 'fused': None, 'decoupled_weight_decay': False, 'initial_lr': 0.001}",MSELoss,True,0.758,0.9331,0.5767,0.4582,0.1802,1.1541,0.5275,0.2712,0.9628,0.0266,5.2391,0.0313,0.3055,True,,3
20260627_024254,h=0.5,42993.0,42993.0,0.0,0.6049,0.1588,1.1499,10.21,60.0,"(32, 12)",40.0,64_16_2048,custom,gelu,0.7,0.2,0.1,cuda,Adam,"{'lr': 0.000334, 'betas': (0.9, 0.999), 'eps': 1e-08, 'weight_decay': 0, 'amsgrad': False, 'maximize': False, 'foreach': None, 'capturable': False, 'differentiable': False, 'fused': None, 'decoupled_weight_decay': False, 'initial_lr': 0.001}",MSELoss,True,0.6801,0.9409,0.5725,0.6057,0.159,1.1656,0.6212,0.313,0.8839,0.027,5.3112,0.0377,0.1817,True,,3
20260627_024254,h=0.5,63553.0,63553.0,0.0,10.5792,9.0488,5.4274,9.54,60.0,"(32, 12)",40.0,2048_16,custom,gelu,0.7,0.2,0.1,cuda,Adam,"{'lr': 0.000334, 'betas': (0.9, 0.999), 'eps': 1e-08, 'weight_decay': 0, 'amsgrad': False, 'maximize': False, 'foreach': None, 'capturable': False, 'differentiable': False, 'fused': None, 'decoupled_weight_decay': False, 'initial_lr': 0.001}",MSELoss,True,-4.5824,-2.3619,-0.9814,10.568,9.0511,5.4028,3.0125,2.7096,2.0356,0.057,3.8764,0.079,0.6164,True,,2
20260627_024254,h=0.5,17858305.0,17858305.0,0.0,0.4063,0.0082,1.1895,35.08,60.0,"(32, 12)",40.0,256_4096_4096,custom,gelu,0.7,0.2,0.1,cuda,Adam,"{'lr': 0.000334, 'betas': (0.9, 0.999), 'eps': 1e-08, 'weight_decay': 0, 'amsgrad': False, 'maximize': False, 'foreach': None, 'capturable': False, 'differentiable': False, 'fused': None, 'decoupled_weight_decay': False, 'initial_lr': 0.001}",MSELoss,True,0.7848,0.9969,0.5623,0.4074,0.0082,1.1935,0.5367,0.0712,1.055,0.0159,5.4432,0.0222,0.0864,True,,3
20260627_024254,h=0.5,2137601.0,2137601.0,0.0,0.375,0.004,0.9026,10.21,60.0,"(32, 12)",40.0,2048_512_2048,custom,gelu,0.7,0.2,0.1,cuda,Adam,"{'lr': 0.000334, 'betas': (0.9, 0.999), 'eps': 1e-08, 'weight_decay': 0, 'amsgrad': False, 'maximize': False, 'foreach': None, 'capturable': False, 'differentiable': False, 'fused': None, 'decoupled_weight_decay': False, 'initial_lr': 0.001}",MSELoss,True,0.8011,0.9985,0.6712,0.3765,0.004,0.8966,0.4664,0.048,0.8989,0.0173,5.4585,0.0212,0.066,True,,3
20260627_024254,h=0.5,148305.0,148305.0,0.0,1.4914,0.7026,4.7211,10.19,60.0,"(32, 12)",40.0,16_32_4096,custom,gelu,0.7,0.2,0.1,cuda,Adam,"{'lr': 0.000334, 'betas': (0.9, 0.999), 'eps': 1e-08, 'weight_decay': 0, 'amsgrad': False, 'maximize': False, 'foreach': None, 'capturable': False, 'differentiable': False, 'fused': None, 'decoupled_weight_decay': False, 'initial_lr': 0.001}",MSELoss,True,0.2033,0.7389,-0.705,1.5081,0.7029,4.6492,0.9138,0.6363,1.6848,0.048,5.1325,0.0716,0.426,True,,3
20260627_024254,h=0.5,301249.0,301249.0,0.0,0.3209,0.0058,0.8893,10.2,60.0,"(32, 12)",40.0,2048_64_2048,custom,gelu,0.7,0.2,0.1,cuda,Adam,"{'lr': 0.000334, 'betas': (0.9, 0.999), 'eps': 1e-08, 'weight_decay': 0, 'amsgrad': False, 'maximize': False, 'foreach': None, 'capturable': False, 'differentiable': False, 'fused': None, 'decoupled_weight_decay': False, 'initial_lr': 0.001}",MSELoss,True,0.8304,0.9979,0.6733,0.321,0.0057,0.8907,0.4869,0.0585,0.9142,0.0132,5.4414,0.0197,0.0658,True,,3
20260627_024254,h=0.5,107393.0,107393.0,0.0,0.4279,0.0194,0.8369,10.36,60.0,"(32, 12)",40.0,512_128_256,custom,gelu,0.7,0.2,0.1,cuda,Adam,"{'lr': 0.000334, 'betas': (0.9, 0.999), 'eps': 1e-08, 'weight_decay': 0, 'amsgrad': False, 'maximize': False, 'foreach': None, 'capturable': False, 'differentiable': False, 'fused': None, 'decoupled_weight_decay': False, 'initial_lr': 0.001}",MSELoss,True,0.7752,0.9928,0.686,0.4256,0.0194,0.8562,0.571,0.1019,0.8904,0.0148,5.3883,0.0198,0.1039,True,,3
20260627_024254,h=0.5,21745.0,21745.0,0.0,0.2532,0.0086,0.7469,10.09,60.0,"(32, 12)",40.0,16_256_64,custom,gelu,0.7,0.2,0.1,cuda,Adam,"{'lr': 0.00099, 'betas': (0.9, 0.999), 'eps': 1e-08, 'weight_decay': 0, 'amsgrad': False, 'maximize': False, 'foreach': None, 'capturable': False, 'differentiable': False, 'fused': None, 'decoupled_weight_decay': False, 'initial_lr': 0.001}",MSELoss,True,0.8651,0.9968,0.7264,0.2554,0.0086,0.7461,0.4248,0.0715,0.8198,0.0128,5.4474,0.0195,0.0499,True,,3
20260627_024254,h=0.5,149569.0,149569.0,0.0,0.5654,0.0688,1.3364,10.22,60.0,"(32, 12)",40.0,128_64_2048,custom,gelu,0.7,0.2,0.1,cuda,Adam,"{'lr': 0.000334, 'betas': (0.9, 0.999), 'eps': 1e-08, 'weight_decay': 0, 'amsgrad': False, 'maximize': False, 'foreach': None, 'capturable': False, 'differentiable': False, 'fused': None, 'decoupled_weight_decay': False, 'initial_lr': 0.001}",MSELoss,True,0.7035,0.9744,0.5243,0.5613,0.0689,1.297,0.5975,0.2051,0.9765,0.0253,5.3675,0.0321,0.1325,True,,3
20260627_024254,h=0.5,4274657.0,4274657.0,0.0,0.2856,0.0161,0.9817,12.62,60.0,"(32, 12)",40.0,32_2048_2048,custom,gelu,0.7,0.2,0.1,cuda,Adam,"{'lr': 0.000334, 'betas': (0.9, 0.999), 'eps': 1e-08, 'weight_decay': 0, 'amsgrad': False, 'maximize': False, 'foreach': None, 'capturable': False, 'differentiable': False, 'fused': None, 'decoupled_weight_decay': False, 'initial_lr': 0.001}",MSELoss,True,0.8477,0.994,0.6312,0.2883,0.0161,1.0055,0.4348,0.1001,0.8935,0.0174,5.4392,0.0273,0.071,True,,3
20260627_024254,h=0.5,143665.0,143665.0,0.0,11.0901,9.4931,5.6891,10.27,60.0,"(32, 12)",40.0,16_4096_16,custom,gelu,0.7,0.2,0.1,cuda,Adam,"{'lr': 0.000334, 'betas': (0.9, 0.999), 'eps': 1e-08, 'weight_decay': 0, 'amsgrad': False, 'maximize': False, 'foreach': None, 'capturable': False, 'differentiable': False, 'fused': None, 'decoupled_weight_decay': False, 'initial_lr': 0.001}",MSELoss,True,-4.8566,-2.5264,-1.0778,11.087,9.4939,5.6655,3.0921,2.7844,2.0937,0.0571,3.8772,0.079,0.6185,True,,3
20260627_024254,h=0.5,2160641.0,2160641.0,0.0,0.3036,0.0105,0.6848,9.72,60.0,"(32, 12)",40.0,4096_512,custom,gelu,0.7,0.2,0.1,cuda,Adam,"{'lr': 0.000334, 'betas': (0.9, 0.999), 'eps': 1e-08, 'weight_decay': 0, 'amsgrad': False, 'maximize': False, 'foreach': None, 'capturable': False, 'differentiable': False, 'fused': None, 'decoupled_weight_decay': False, 'initial_lr': 0.001}",MSELoss,True,0.8401,0.9961,0.747,0.3027,0.0105,0.6897,0.4542,0.0799,0.8026,0.0141,5.4357,0.0158,0.0675,True,,2
20260627_024254,h=0.5,9467393.0,9467393.0,0.0,0.5637,0.0035,1.5451,20.11,60.0,"(32, 12)",40.0,512_2048_4096,custom,gelu,0.7,0.2,0.1,cuda,Adam,"{'lr': 0.000334, 'betas': (0.9, 0.999), 'eps': 1e-08, 'weight_decay': 0, 'amsgrad': False, 'maximize': False, 'foreach': None, 'capturable': False, 'differentiable': False, 'fused': None, 'decoupled_weight_decay': False, 'initial_lr': 0.001}",MSELoss,True,0.705,0.9987,0.4407,0.5585,0.0035,1.5252,0.5633,0.0455,1.1885,0.0206,5.4518,0.0218,0.1268,True,,3
20260627_024254,h=0.5,4657.0,4657.0,0.0,0.3908,0.0048,1.082,10.04,60.0,"(32, 12)",40.0,128_16_32,custom,gelu,0.7,0.2,0.1,cuda,Adam,"{'lr': 0.00099, 'betas': (0.9, 0.999), 'eps': 1e-08, 'weight_decay': 0, 'amsgrad': False, 'maximize': False, 'foreach': None, 'capturable': False, 'differentiable': False, 'fused': None, 'decoupled_weight_decay': False, 'initial_lr': 0.001}",MSELoss,True,0.7927,0.9982,0.6077,0.3924,0.0048,1.0696,0.5048,0.0525,0.9929,0.0163,5.4511,0.0208,0.0991,True,,3
20260627_024254,h=0.5,193761.0,193761.0,0.0,1.8456,1.3646,2.2219,10.23,60.0,"(32, 12)",40.0,4096_32_32,custom,gelu,0.7,0.2,0.1,cuda,Adam,"{'lr': 0.000334, 'betas': (0.9, 0.999), 'eps': 1e-08, 'weight_decay': 0, 'amsgrad': False, 'maximize': False, 'foreach': None, 'capturable': False, 'differentiable': False, 'fused': None, 'decoupled_weight_decay': False, 'initial_lr': 0.001}",MSELoss,True,0.0235,0.4937,0.2291,1.8485,1.3631,2.102,1.1289,0.8805,1.1062,0.0479,4.7514,0.068,0.4861,True,,3
20260627_024254,h=0.5,2001.0,2001.0,0.0,0.5387,0.0196,0.6957,10.06,60.0,"(32, 12)",40.0,16_32_32,custom,gelu,0.7,0.2,0.1,cuda,Adam,"{'lr': 0.00099, 'betas': (0.9, 0.999), 'eps': 1e-08, 'weight_decay': 0, 'amsgrad': False, 'maximize': False, 'foreach': None, 'capturable': False, 'differentiable': False, 'fused': None, 'decoupled_weight_decay': False, 'initial_lr': 0.001}",MSELoss,True,0.7153,0.9928,0.7464,0.5389,0.0195,0.6915,0.6359,0.1087,0.7798,0.0163,5.4371,0.0154,0.1167,True,,3
20260627_024254,h=0.5,42817.0,42817.0,0.0,1.5283,1.0191,2.3868,10.14,60.0,"(32, 12)",40.0,512_64_32,custom,gelu,0.7,0.2,0.1,cuda,Adam,"{'lr': 0.000334, 'betas': (0.9, 0.999), 'eps': 1e-08, 'weight_decay': 0, 'amsgrad': False, 'maximize': False, 'foreach': None, 'capturable': False, 'differentiable': False, 'fused': None, 'decoupled_weight_decay': False, 'initial_lr': 0.001}",MSELoss,True,0.1958,0.6207,0.0903,1.5224,1.0211,2.4805,0.9915,0.7581,1.1685,0.0484,4.8509,0.07,0.467,True,,3
20260627_024254,h=0.5,71665.0,71665.0,0.0,0.4913,0.0163,0.4121,10.2,60.0,"(32, 12)",40.0,16_256_256,custom,gelu,0.7,0.2,0.1,cuda,Adam,"{'lr': 0.00099, 'betas': (0.9, 0.999), 'eps': 1e-08, 'weight_decay': 0, 'amsgrad': False, 'maximize': False, 'foreach': None, 'capturable': False, 'differentiable': False, 'fused': None, 'decoupled_weight_decay': False, 'initial_lr': 0.001}",MSELoss,True,0.741,0.994,0.8483,0.4903,0.0163,0.4136,0.6381,0.0954,0.6038,0.0126,5.4444,0.0115,0.1031,True,,3
20260627_024254,h=0.5,586241.0,586241.0,0.0,0.3327,0.0541,0.8512,9.5,60.0,"(32, 12)",40.0,4096_128,custom,gelu,0.7,0.2,0.1,cuda,Adam,"{'lr': 0.000334, 'betas': (0.9, 0.999), 'eps': 1e-08, 'weight_decay': 0, 'amsgrad': False, 'maximize': False, 'foreach': None, 'capturable': False, 'differentiable': False, 'fused': None, 'decoupled_weight_decay': False, 'initial_lr': 0.001}",MSELoss,True,0.8246,0.98,0.6903,0.3321,0.0539,0.8446,0.4828,0.1554,0.8343,0.0193,5.3334,0.0262,0.1748,True,,2
20260627_024254,h=0.5,2248321.0,2248321.0,0.0,3.4036,2.662,2.6697,10.32,60.0,"(32, 12)",40.0,512_4096_32,custom,gelu,0.7,0.2,0.1,cuda,Adam,"{'lr': 0.000334, 'betas': (0.9, 0.999), 'eps': 1e-08, 'weight_decay': 0, 'amsgrad': False, 'maximize': False, 'foreach': None, 'capturable': False, 'differentiable': False, 'fused': None, 'decoupled_weight_decay': False, 'initial_lr': 0.001}",MSELoss,True,-0.8047,0.0112,0.0059,3.4164,2.6621,2.7107,1.5905,1.2969,1.3121,0.0535,4.5371,0.0788,0.5653,True,,3
20260627_024254,h=0.5,4033.0,4033.0,0.0,0.5343,0.0076,1.1621,9.46,60.0,"(32, 12)",40.0,128_16,custom,gelu,0.7,0.2,0.1,cuda,Adam,"{'lr': 0.00099, 'betas': (0.9, 0.999), 'eps': 1e-08, 'weight_decay': 0, 'amsgrad': False, 'maximize': False, 'foreach': None, 'capturable': False, 'differentiable': False, 'fused': None, 'decoupled_weight_decay': False, 'initial_lr': 0.001}",MSELoss,True,0.7189,0.9972,0.5816,0.5322,0.0076,1.1409,0.6254,0.0672,1.042,0.0166,5.4465,0.0188,0.1186,True,,2
20260627_024254,h=0.5,8935297.0,8935297.0,0.0,0.4881,0.0075,0.9616,18.66,60.0,"(32, 12)",40.0,128_4096_2048,custom,gelu,0.7,0.2,0.1,cuda,Adam,"{'lr': 0.000334, 'betas': (0.9, 0.999), 'eps': 1e-08, 'weight_decay': 0, 'amsgrad': False, 'maximize': False, 'foreach': None, 'capturable': False, 'differentiable': False, 'fused': None, 'decoupled_weight_decay': False, 'initial_lr': 0.001}",MSELoss,True,0.7405,0.9972,0.6425,0.4913,0.0075,0.9749,0.5816,0.0679,0.958,0.0163,5.4464,0.0161,0.1019,True,,3
20260627_024254,h=0.5,12658689.0,12658689.0,0.0,0.6684,0.0049,1.8049,26.11,60.0,"(32, 12)",40.0,4096_2048_2048,custom,gelu,0.7,0.2,0.1,cuda,Adam,"{'lr': 0.000334, 'betas': (0.9, 0.999), 'eps': 1e-08, 'weight_decay': 0, 'amsgrad': False, 'maximize': False, 'foreach': None, 'capturable': False, 'differentiable': False, 'fused': None, 'decoupled_weight_decay': False, 'initial_lr': 0.001}",MSELoss,True,0.6462,0.9982,0.3379,0.6697,0.0049,1.8053,0.7139,0.0541,1.3236,0.0168,5.4445,0.0217,0.1635,True,,3
20260627_024254,h=0.5,7425.0,7425.0,0.0,0.5878,0.0054,1.0112,10.03,60.0,"(32, 12)",40.0,64_64_32,custom,gelu,0.7,0.2,0.1,cuda,Adam,"{'lr': 0.00099, 'betas': (0.9, 0.999), 'eps': 1e-08, 'weight_decay': 0, 'amsgrad': False, 'maximize': False, 'foreach': None, 'capturable': False, 'differentiable': False, 'fused': None, 'decoupled_weight_decay': False, 'initial_lr': 0.001}",MSELoss,True,0.6878,0.998,0.6258,0.5909,0.0054,1.0202,0.6531,0.0556,0.9897,0.0175,5.448,0.0167,0.1227,True,,3
20260627_024254,h=0.5,8001.0,8001.0,0.0,0.5185,0.0049,1.4224,9.49,60.0,"(32, 12)",40.0,256_16,custom,gelu,0.7,0.2,0.1,cuda,Adam,"{'lr': 0.00099, 'betas': (0.9, 0.999), 'eps': 1e-08, 'weight_decay': 0, 'amsgrad': False, 'maximize': False, 'foreach': None, 'capturable': False, 'differentiable': False, 'fused': None, 'decoupled_weight_decay': False, 'initial_lr': 0.001}",MSELoss,True,0.7276,0.9982,0.4813,0.5156,0.0049,1.4144,0.5769,0.054,1.1449,0.0181,5.4494,0.0225,0.1207,True,,2
20260627_024254,h=0.5,800897.0,800897.0,0.0,1.0356,0.5346,2.6325,10.24,60.0,"(32, 12)",40.0,128_4096_64,custom,gelu,0.7,0.2,0.1,cuda,Adam,"{'lr': 0.000334, 'betas': (0.9, 0.999), 'eps': 1e-08, 'weight_decay': 0, 'amsgrad': False, 'maximize': False, 'foreach': None, 'capturable': False, 'differentiable': False, 'fused': None, 'decoupled_weight_decay': False, 'initial_lr': 0.001}",MSELoss,True,0.4571,0.8015,0.1121,1.0278,0.5343,2.421,0.7965,0.5356,1.1876,0.0418,4.9455,0.0604,0.3997,True,,3
20260627_024254,h=0.5,138225.0,138225.0,0.0,0.8409,0.3235,1.9875,10.21,60.0,"(32, 12)",40.0,16_256_512,custom,gelu,0.7,0.2,0.1,cuda,Adam,"{'lr': 0.000334, 'betas': (0.9, 0.999), 'eps': 1e-08, 'weight_decay': 0, 'amsgrad': False, 'maximize': False, 'foreach': None, 'capturable': False, 'differentiable': False, 'fused': None, 'decoupled_weight_decay': False, 'initial_lr': 0.001}",MSELoss,True,0.5579,0.88,0.2791,0.837,0.3229,1.9656,0.714,0.4413,1.1587,0.0351,5.2347,0.0454,0.297,True,,3
20260627_024254,h=0.5,1111041.0,1111041.0,0.0,0.362,0.0183,0.8057,9.5,60.0,"(32, 12)",40.0,4096_256,custom,gelu,0.7,0.2,0.1,cuda,Adam,"{'lr': 0.000334, 'betas': (0.9, 0.999), 'eps': 1e-08, 'weight_decay': 0, 'amsgrad': False, 'maximize': False, 'foreach': None, 'capturable': False, 'differentiable': False, 'fused': None, 'decoupled_weight_decay': False, 'initial_lr': 0.001}",MSELoss,True,0.8106,0.9932,0.7025,0.3586,0.0184,0.8112,0.4982,0.0914,0.8647,0.0162,5.4119,0.0188,0.1268,True,,2
20260627_024254,h=0.5,38385.0,38385.0,0.0,0.8314,0.0079,1.4901,10.18,60.0,"(32, 12)",40.0,16_256_128,custom,gelu,0.7,0.2,0.1,cuda,Adam,"{'lr': 0.00099, 'betas': (0.9, 0.999), 'eps': 1e-08, 'weight_decay': 0, 'amsgrad': False, 'maximize': False, 'foreach': None, 'capturable': False, 'differentiable': False, 'fused': None, 'decoupled_weight_decay': False, 'initial_lr': 0.001}",MSELoss,True,0.5651,0.9971,0.449,0.8233,0.0079,1.5024,0.7789,0.0685,1.1828,0.021,5.4484,0.0225,0.1501,True,,3
20260627_024254,h=0.5,8694017.0,8694017.0,0.0,0.5816,0.3782,1.12,18.2,60.0,"(32, 12)",40.0,2048_4096_64,custom,gelu,0.7,0.2,0.1,cuda,Adam,"{'lr': 0.000334, 'betas': (0.9, 0.999), 'eps': 1e-08, 'weight_decay': 0, 'amsgrad': False, 'maximize': False, 'foreach': None, 'capturable': False, 'differentiable': False, 'fused': None, 'decoupled_weight_decay': False, 'initial_lr': 0.001}",MSELoss,True,0.6939,0.8592,0.5971,0.5795,0.379,1.0985,0.6298,0.4121,0.9241,0.0293,5.097,0.0362,0.3817,True,,3
20260627_024254,h=0.5,142065.0,142065.0,0.0,0.6876,0.3187,1.8287,10.19,60.0,"(32, 12)",40.0,16_512_256,custom,gelu,0.7,0.2,0.1,cuda,Adam,"{'lr': 0.000334, 'betas': (0.9, 0.999), 'eps': 1e-08, 'weight_decay': 0, 'amsgrad': False, 'maximize': False, 'foreach': None, 'capturable': False, 'differentiable': False, 'fused': None, 'decoupled_weight_decay': False, 'initial_lr': 0.001}",MSELoss,True,0.6407,0.8815,0.3091,0.6802,0.319,1.8839,0.6736,0.4434,1.1318,0.0331,5.2024,0.0444,0.2871,True,,3
20260627_024254,h=0.5,24545.0,24545.0,0.0,0.5711,0.1199,1.7385,10.17,60.0,"(32, 12)",40.0,128_32_512,custom,gelu,0.7,0.2,0.1,cuda,Adam,"{'lr': 0.000334, 'betas': (0.9, 0.999), 'eps': 1e-08, 'weight_decay': 0, 'amsgrad': False, 'maximize': False, 'foreach': None, 'capturable': False, 'differentiable': False, 'fused': None, 'decoupled_weight_decay': False, 'initial_lr': 0.001}",MSELoss,True,0.7044,0.9555,0.3389,0.5595,0.1199,1.8027,0.5504,0.2581,1.0922,0.0291,5.2595,0.0448,0.1193,True,,3
20260627_024254,h=0.5,44993.0,44993.0,0.0,0.6717,0.2432,2.3977,10.2,60.0,"(32, 12)",40.0,512_64_64,custom,gelu,0.7,0.2,0.1,cuda,Adam,"{'lr': 0.000334, 'betas': (0.9, 0.999), 'eps': 1e-08, 'weight_decay': 0, 'amsgrad': False, 'maximize': False, 'foreach': None, 'capturable': False, 'differentiable': False, 'fused': None, 'decoupled_weight_decay': False, 'initial_lr': 0.001}",MSELoss,True,0.6458,0.9096,0.1111,0.6705,0.2433,2.4237,0.6134,0.3565,1.3033,0.0322,5.1384,0.0488,0.3202,True,,3
20260627_024254,h=0.5,75329.0,75329.0,0.0,0.9653,0.3941,2.9416,10.21,60.0,"(32, 12)",40.0,32_32_2048,custom,gelu,0.7,0.2,0.1,cuda,Adam,"{'lr': 0.000334, 'betas': (0.9, 0.999), 'eps': 1e-08, 'weight_decay': 0, 'amsgrad': False, 'maximize': False, 'foreach': None, 'capturable': False, 'differentiable': False, 'fused': None, 'decoupled_weight_decay': False, 'initial_lr': 0.001}",MSELoss,True,0.4874,0.8536,-0.0526,0.9705,0.3942,2.8703,0.7674,0.4905,1.3969,0.0383,5.2152,0.0551,0.3433,True,,3
20260627_024254,h=0.5,8540641.0,8540641.0,0.0,0.5425,0.0198,1.4676,18.02,60.0,"(32, 12)",40.0,32_4096_2048,custom,gelu,0.7,0.2,0.1,cuda,Adam,"{'lr': 0.000334, 'betas': (0.9, 0.999), 'eps': 1e-08, 'weight_decay': 0, 'amsgrad': False, 'maximize': False, 'foreach': None, 'capturable': False, 'differentiable': False, 'fused': None, 'decoupled_weight_decay': False, 'initial_lr': 0.001}",MSELoss,True,0.7138,0.9927,0.4588,0.5418,0.0198,1.4756,0.5926,0.1106,1.1071,0.0203,5.4335,0.0271,0.1413,True,,3
20260627_024254,h=0.5,18950145.0,18950145.0,0.0,0.5447,0.0043,1.2865,37.13,60.0,"(32, 12)",40.0,4096_4096_512,custom,gelu,0.7,0.2,0.1,cuda,Adam,"{'lr': 0.000334, 'betas': (0.9, 0.999), 'eps': 1e-08, 'weight_decay': 0, 'amsgrad': False, 'maximize': False, 'foreach': None, 'capturable': False, 'differentiable': False, 'fused': None, 'decoupled_weight_decay': False, 'initial_lr': 0.001}",MSELoss,True,0.7142,0.9984,0.5345,0.5411,0.0043,1.2693,0.6251,0.0482,1.1019,0.0162,5.4552,0.019,0.1256,True,,3
20260627_024254,h=0.5,2114305.0,2114305.0,0.0,0.4109,0.0141,1.1474,10.2,60.0,"(32, 12)",40.0,256_4096_256,custom,gelu,0.7,0.2,0.1,cuda,Adam,"{'lr': 0.000334, 'betas': (0.9, 0.999), 'eps': 1e-08, 'weight_decay': 0, 'amsgrad': False, 'maximize': False, 'foreach': None, 'capturable': False, 'differentiable': False, 'fused': None, 'decoupled_weight_decay': False, 'initial_lr': 0.001}",MSELoss,True,0.7838,0.9948,0.5802,0.4092,0.0141,1.1447,0.4948,0.0831,1.0199,0.0184,5.4242,0.0211,0.1267,True,,3
20260627_024254,h=0.5,18910721.0,18910721.0,0.0,0.3135,0.0077,1.2524,36.78,60.0,"(32, 12)",40.0,512_4096_4096,custom,gelu,0.7,0.2,0.1,cuda,Adam,"{'lr': 0.000334, 'betas': (0.9, 0.999), 'eps': 1e-08, 'weight_decay': 0, 'amsgrad': False, 'maximize': False, 'foreach': None, 'capturable': False, 'differentiable': False, 'fused': None, 'decoupled_weight_decay': False, 'initial_lr': 0.001}",MSELoss,True,0.8372,0.9971,0.5418,0.3082,0.0077,1.2493,0.4688,0.0687,1.0798,0.0129,5.4431,0.0207,0.076,True,,3
20260627_024254,h=0.5,2379521.0,2379521.0,0.0,0.5605,0.3161,1.0007,10.54,60.0,"(32, 12)",40.0,512_4096_64,custom,gelu,0.7,0.2,0.1,cuda,Adam,"{'lr': 0.000334, 'betas': (0.9, 0.999), 'eps': 1e-08, 'weight_decay': 0, 'amsgrad': False, 'maximize': False, 'foreach': None, 'capturable': False, 'differentiable': False, 'fused': None, 'decoupled_weight_decay': False, 'initial_lr': 0.001}",MSELoss,True,0.7022,0.8824,0.6328,0.5638,0.3167,1.0013,0.6177,0.3794,0.8684,0.0296,5.131,0.0336,0.3588,True,,3
20260627_024254,h=0.5,4472705.0,4472705.0,0.0,0.4532,0.0058,0.9762,12.63,60.0,"(32, 12)",40.0,128_2048_2048,custom,gelu,0.7,0.2,0.1,cuda,Adam,"{'lr': 0.000334, 'betas': (0.9, 0.999), 'eps': 1e-08, 'weight_decay': 0, 'amsgrad': False, 'maximize': False, 'foreach': None, 'capturable': False, 'differentiable': False, 'fused': None, 'decoupled_weight_decay': False, 'initial_lr': 0.001}",MSELoss,True,0.7616,0.9979,0.6392,0.4514,0.0058,0.9838,0.5593,0.0592,0.966,0.0161,5.4453,0.017,0.0877,True,,3
20260627_024254,h=0.5,25247745.0,25247745.0,0.0,0.6391,0.0038,1.7768,46.96,60.0,"(32, 12)",40.0,4096_4096_2048,custom,gelu,0.7,0.2,0.1,cuda,Adam,"{'lr': 0.000334, 'betas': (0.9, 0.999), 'eps': 1e-08, 'weight_decay': 0, 'amsgrad': False, 'maximize': False, 'foreach': None, 'capturable': False, 'differentiable': False, 'fused': None, 'decoupled_weight_decay': False, 'initial_lr': 0.001}",MSELoss,True,0.6621,0.9986,0.3479,0.6396,0.0038,1.7781,0.6873,0.0487,1.3133,0.0167,5.4533,0.0201,0.1616,True,,3
20260627_024254,h=0.5,10721.0,10721.0,0.0,0.5662,0.0049,1.2397,10.07,60.0,"(32, 12)",40.0,128_32_128,custom,gelu,0.7,0.2,0.1,cuda,Adam,"{'lr': 0.00099, 'betas': (0.9, 0.999), 'eps': 1e-08, 'weight_decay': 0, 'amsgrad': False, 'maximize': False, 'foreach': None, 'capturable': False, 'differentiable': False, 'fused': None, 'decoupled_weight_decay': False, 'initial_lr': 0.001}",MSELoss,True,0.7005,0.9982,0.5439,0.5671,0.0049,1.2437,0.6141,0.0524,1.0904,0.0187,5.451,0.0189,0.0998,True,,3
20260627_024254,h=0.5,5297.0,5297.0,0.0,0.5871,0.009,1.4747,10.06,60.0,"(32, 12)",40.0,128_16_64,custom,gelu,0.7,0.2,0.1,cuda,Adam,"{'lr': 0.00099, 'betas': (0.9, 0.999), 'eps': 1e-08, 'weight_decay': 0, 'amsgrad': False, 'maximize': False, 'foreach': None, 'capturable': False, 'differentiable': False, 'fused': None, 'decoupled_weight_decay': False, 'initial_lr': 0.001}",MSELoss,True,0.687,0.9967,0.4591,0.5925,0.009,1.4748,0.6746,0.0718,1.1909,0.0154,5.4509,0.0202,0.147,True,,3
20260627_024254,h=0.5,194913.0,194913.0,0.0,0.3591,0.1155,0.8979,10.11,60.0,"(32, 12)",40.0,4096_32_64,custom,gelu,0.7,0.2,0.1,cuda,Adam,"{'lr': 0.000334, 'betas': (0.9, 0.999), 'eps': 1e-08, 'weight_decay': 0, 'amsgrad': False, 'maximize': False, 'foreach': None, 'capturable': False, 'differentiable': False, 'fused': None, 'decoupled_weight_decay': False, 'initial_lr': 0.001}",MSELoss,True,0.8096,0.957,0.6692,0.3605,0.1157,0.9021,0.4912,0.2243,0.855,0.023,5.2705,0.0288,0.2393,True,,3
20260627_024254,h=0.5,3153.0,3153.0,0.0,0.2876,0.0124,0.4638,10.17,60.0,"(32, 12)",40.0,16_32_64,custom,gelu,0.7,0.2,0.1,cuda,Adam,"{'lr': 0.00099, 'betas': (0.9, 0.999), 'eps': 1e-08, 'weight_decay': 0, 'amsgrad': False, 'maximize': False, 'foreach': None, 'capturable': False, 'differentiable': False, 'fused': None, 'decoupled_weight_decay': False, 'initial_lr': 0.001}",MSELoss,True,0.8481,0.9954,0.8311,0.2876,0.0123,0.4606,0.4748,0.0841,0.6195,0.0139,5.4412,0.0161,0.0738,True,,3
20260627_024254,h=0.5,17375745.0,17375745.0,0.0,0.4083,0.0334,1.1299,34.35,60.0,"(32, 12)",40.0,4096_4096_128,custom,gelu,0.7,0.2,0.1,cuda,Adam,"{'lr': 0.000334, 'betas': (0.9, 0.999), 'eps': 1e-08, 'weight_decay': 0, 'amsgrad': False, 'maximize': False, 'foreach': None, 'capturable': False, 'differentiable': False, 'fused': None, 'decoupled_weight_decay': False, 'initial_lr': 0.001}",MSELoss,True,0.7831,0.9875,0.5881,0.4107,0.0335,1.1233,0.5359,0.1123,1.0093,0.0186,5.3867,0.0213,0.1908,True,,3
20260627_024254,h=0.5,275297.0,275297.0,0.0,1.372,0.1394,3.2799,10.3,60.0,"(32, 12)",40.0,32_128_2048,custom,gelu,0.7,0.2,0.1,cuda,Adam,"{'lr': 0.000334, 'betas': (0.9, 0.999), 'eps': 1e-08, 'weight_decay': 0, 'amsgrad': False, 'maximize': False, 'foreach': None, 'capturable': False, 'differentiable': False, 'fused': None, 'decoupled_weight_decay': False, 'initial_lr': 0.001}",MSELoss,True,0.2683,0.9482,-0.2177,1.3853,0.1396,3.3203,0.9344,0.291,1.5773,0.0404,5.3419,0.0487,0.2996,True,,3
20260627_024254,h=0.5,163073.0,163073.0,0.0,12.42,10.6848,6.7137,10.14,60.0,"(32, 12)",40.0,2048_64_16,custom,gelu,0.7,0.2,0.1,cuda,Adam,"{'lr': 0.000334, 'betas': (0.9, 0.999), 'eps': 1e-08, 'weight_decay': 0, 'amsgrad': False, 'maximize': False, 'foreach': None, 'capturable': False, 'differentiable': False, 'fused': None, 'decoupled_weight_decay': False, 'initial_lr': 0.001}",MSELoss,True,-5.6121,-2.967,-1.3593,12.5174,10.6801,6.4332,3.3011,2.9697,2.2501,0.0571,3.8795,0.079,0.622,True,,3
20260627_024254,h=0.5,865.0,865.0,0.0,0.3823,0.0391,1.2161,10.08,60.0,"(32, 12)",40.0,16_16_16,custom,gelu,0.7,0.2,0.1,cuda,Adam,"{'lr': 0.00099, 'betas': (0.9, 0.999), 'eps': 1e-08, 'weight_decay': 0, 'amsgrad': False, 'maximize': False, 'foreach': None, 'capturable': False, 'differentiable': False, 'fused': None, 'decoupled_weight_decay': False, 'initial_lr': 0.001}",MSELoss,True,0.7973,0.9854,0.5508,0.3837,0.0392,1.2248,0.5302,0.1541,1.0481,0.0145,5.4226,0.021,0.1432,True,,3
20260627_024254,h=0.5,6689.0,6689.0,0.0,0.9367,0.0066,1.9119,10.14,60.0,"(32, 12)",40.0,128_32_16,custom,gelu,0.7,0.2,0.1,cuda,Adam,"{'lr': 0.00099, 'betas': (0.9, 0.999), 'eps': 1e-08, 'weight_decay': 0, 'amsgrad': False, 'maximize': False, 'foreach': None, 'capturable': False, 'differentiable': False, 'fused': None, 'decoupled_weight_decay': False, 'initial_lr': 0.001}",MSELoss,True,0.5083,0.9975,0.2908,0.9308,0.0066,1.9339,0.8421,0.0601,1.3655,0.0195,5.4456,0.0216,0.1919,True,,3
20260627_024254,h=0.5,127345.0,127345.0,0.0,4.8756,3.9131,2.862,10.08,60.0,"(32, 12)",40.0,4096_16_16,custom,gelu,0.7,0.2,0.1,cuda,Adam,"{'lr': 0.000334, 'betas': (0.9, 0.999), 'eps': 1e-08, 'weight_decay': 0, 'amsgrad': False, 'maximize': False, 'foreach': None, 'capturable': False, 'differentiable': False, 'fused': None, 'decoupled_weight_decay': False, 'initial_lr': 0.001}",MSELoss,True,-1.5594,-0.4525,-0.0652,4.8452,3.9105,2.9046,1.9404,1.6506,1.4036,0.0552,4.4832,0.0787,0.5786,True,,3
20260627_024254,h=0.5,1589505.0,1589505.0,0.0,0.4376,0.0871,1.3782,10.26,60.0,"(32, 12)",40.0,256_4096_128,custom,gelu,0.7,0.2,0.1,cuda,Adam,"{'lr': 0.000334, 'betas': (0.9, 0.999), 'eps': 1e-08, 'weight_decay': 0, 'amsgrad': False, 'maximize': False, 'foreach': None, 'capturable': False, 'differentiable': False, 'fused': None, 'decoupled_weight_decay': False, 'initial_lr': 0.001}",MSELoss,True,0.7706,0.9676,0.4895,0.4342,0.0873,1.392,0.5369,0.1901,1.0673,0.0233,5.3142,0.0306,0.2378,True,,3
20260627_024254,h=0.5,8562817.0,8562817.0,0.0,3.3691,2.8366,2.5629,17.95,60.0,"(32, 12)",40.0,2048_4096_32,custom,gelu,0.7,0.2,0.1,cuda,Adam,"{'lr': 0.000334, 'betas': (0.9, 0.999), 'eps': 1e-08, 'weight_decay': 0, 'amsgrad': False, 'maximize': False, 'foreach': None, 'capturable': False, 'differentiable': False, 'fused': None, 'decoupled_weight_decay': False, 'initial_lr': 0.001}",MSELoss,True,-0.765,-0.0553,0.036,3.3413,2.8411,2.6286,1.5807,1.3973,1.292,0.0569,4.3572,0.0777,0.5615,True,,3
20260627_024254,h=0.5,76017.0,76017.0,0.0,1.0011,0.5029,2.7603,10.14,60.0,"(32, 12)",40.0,16_512_128,custom,gelu,0.7,0.2,0.1,cuda,Adam,"{'lr': 0.000334, 'betas': (0.9, 0.999), 'eps': 1e-08, 'weight_decay': 0, 'amsgrad': False, 'maximize': False, 'foreach': None, 'capturable': False, 'differentiable': False, 'fused': None, 'decoupled_weight_decay': False, 'initial_lr': 0.001}",MSELoss,True,0.4754,0.8129,-0.0452,0.9931,0.5037,2.85,0.752,0.546,1.3092,0.0395,5.1158,0.0603,0.3778,True,,3
20260627_024254,h=0.5,9601.0,9601.0,0.0,0.6088,0.0065,1.2486,10.09,60.0,"(32, 12)",40.0,64_64_64,custom,gelu,0.7,0.2,0.1,cuda,Adam,"{'lr': 0.00099, 'betas': (0.9, 0.999), 'eps': 1e-08, 'weight_decay': 0, 'amsgrad': False, 'maximize': False, 'foreach': None, 'capturable': False, 'differentiable': False, 'fused': None, 'decoupled_weight_decay': False, 'initial_lr': 0.001}",MSELoss,True,0.677,0.9976,0.5405,0.6115,0.0065,1.253,0.673,0.0617,1.0993,0.0173,5.4512,0.0175,0.1316,True,,3
20260627_024254,h=0.5,3163905.0,3163905.0,0.0,0.443,0.009,1.1521,11.38,60.0,"(32, 12)",40.0,256_4096_512,custom,gelu,0.7,0.2,0.1,cuda,Adam,"{'lr': 0.000334, 'betas': (0.9, 0.999), 'eps': 1e-08, 'weight_decay': 0, 'amsgrad': False, 'maximize': False, 'foreach': None, 'capturable': False, 'differentiable': False, 'fused': None, 'decoupled_weight_decay': False, 'initial_lr': 0.001}",MSELoss,True,0.7677,0.9966,0.5754,0.4398,0.009,1.1576,0.4833,0.0729,1.016,0.0212,5.4492,0.0226,0.0961,True,,3
20260627_024254,h=0.5,17900545.0,17900545.0,0.0,0.4081,0.0089,0.9192,35.21,60.0,"(32, 12)",40.0,4096_4096_256,custom,gelu,0.7,0.2,0.1,cuda,Adam,"{'lr': 0.000334, 'betas': (0.9, 0.999), 'eps': 1e-08, 'weight_decay': 0, 'amsgrad': False, 'maximize': False, 'foreach': None, 'capturable': False, 'differentiable': False, 'fused': None, 'decoupled_weight_decay': False, 'initial_lr': 0.001}",MSELoss,True,0.7831,0.9967,0.6602,0.4107,0.0089,0.9265,0.5438,0.0568,0.9397,0.0157,5.4326,0.0172,0.1292,True,,3
20260627_024254,h=0.5,15329.0,15329.0,0.0,0.6485,0.0075,1.0938,10.28,60.0,"(32, 12)",40.0,128_32_256,custom,gelu,0.7,0.2,0.1,cuda,Adam,"{'lr': 0.00099, 'betas': (0.9, 0.999), 'eps': 1e-08, 'weight_decay': 0, 'amsgrad': False, 'maximize': False, 'foreach': None, 'capturable': False, 'differentiable': False, 'fused': None, 'decoupled_weight_decay': False, 'initial_lr': 0.001}",MSELoss,True,0.6578,0.9972,0.6037,0.6477,0.0075,1.0807,0.6993,0.067,1.0134,0.0189,5.4515,0.0166,0.1227,True,,3
20260627_024254,h=0.5,274161.0,274161.0,0.0,0.7586,0.3244,1.721,10.2,60.0,"(32, 12)",40.0,16_512_512,custom,gelu,0.7,0.2,0.1,cuda,Adam,"{'lr': 0.000334, 'betas': (0.9, 0.999), 'eps': 1e-08, 'weight_decay': 0, 'amsgrad': False, 'maximize': False, 'foreach': None, 'capturable': False, 'differentiable': False, 'fused': None, 'decoupled_weight_decay': False, 'initial_lr': 0.001}",MSELoss,True,0.5951,0.8796,0.3579,0.7665,0.3241,1.7508,0.6673,0.4464,1.1074,0.0337,5.2757,0.047,0.2725,True,,3
20260627_024254,h=0.5,669697.0,669697.0,0.0,2.8703,2.1778,2.8688,10.27,60.0,"(32, 12)",40.0,128_4096_32,custom,gelu,0.7,0.2,0.1,cuda,Adam,"{'lr': 0.000334, 'betas': (0.9, 0.999), 'eps': 1e-08, 'weight_decay': 0, 'amsgrad': False, 'maximize': False, 'foreach': None, 'capturable': False, 'differentiable': False, 'fused': None, 'decoupled_weight_decay': False, 'initial_lr': 0.001}",MSELoss,True,-0.5239,0.1907,-0.0173,2.8848,2.1788,2.774,1.4615,1.1745,1.3015,0.0548,4.6346,0.0791,0.5531,True,,3
20260627_024254,h=0.5,144705.0,144705.0,0.0,11.2903,9.6535,5.6354,10.23,60.0,"(32, 12)",40.0,256_512_16,custom,gelu,0.7,0.2,0.1,cuda,Adam,"{'lr': 0.000334, 'betas': (0.9, 0.999), 'eps': 1e-08, 'weight_decay': 0, 'amsgrad': False, 'maximize': False, 'foreach': None, 'capturable': False, 'differentiable': False, 'fused': None, 'decoupled_weight_decay': False, 'initial_lr': 0.001}",MSELoss,True,-4.979,-2.5834,-1.1075,11.3188,9.6473,5.7466,3.127,2.8075,2.111,0.0571,3.8784,0.079,0.6212,True,,3
20260627_024254,h=0.5,1083073.0,1083073.0,0.0,0.7449,0.0195,1.4569,10.15,60.0,"(32, 12)",40.0,64_256_4096,custom,gelu,0.7,0.2,0.1,cuda,Adam,"{'lr': 0.000334, 'betas': (0.9, 0.999), 'eps': 1e-08, 'weight_decay': 0, 'amsgrad': False, 'maximize': False, 'foreach': None, 'capturable': False, 'differentiable': False, 'fused': None, 'decoupled_weight_decay': False, 'initial_lr': 0.001}",MSELoss,True,0.6042,0.9928,0.4551,0.7493,0.0195,1.4857,0.7453,0.1105,1.1402,0.0183,5.4439,0.0253,0.1808,True,,3
20260627_024254,h=0.5,327041.0,327041.0,0.0,0.3655,0.0103,1.0831,10.14,60.0,"(32, 12)",40.0,2048_128_256,custom,gelu,0.7,0.2,0.1,cuda,Adam,"{'lr': 0.000334, 'betas': (0.9, 0.999), 'eps': 1e-08, 'weight_decay': 0, 'amsgrad': False, 'maximize': False, 'foreach': None, 'capturable': False, 'differentiable': False, 'fused': None, 'decoupled_weight_decay': False, 'initial_lr': 0.001}",MSELoss,True,0.8072,0.9962,0.6001,0.365,0.0103,1.0905,0.4989,0.0756,1.0123,0.0156,5.4292,0.02,0.1064,True,,3
20260627_024254,h=0.5,52481.0,52481.0,0.0,0.646,0.0034,1.0632,10.22,60.0,"(32, 12)",40.0,128_128_256,custom,gelu,0.7,0.2,0.1,cuda,Adam,"{'lr': 0.00099, 'betas': (0.9, 0.999), 'eps': 1e-08, 'weight_decay': 0, 'amsgrad': False, 'maximize': False, 'foreach': None, 'capturable': False, 'differentiable': False, 'fused': None, 'decoupled_weight_decay': False, 'initial_lr': 0.001}",MSELoss,True,0.6573,0.9988,0.6089,0.6488,0.0033,1.0663,0.7051,0.0451,1.0137,0.0167,5.4547,0.0158,0.1214,True,,3
20260627_024254,h=0.5,179905.0,179905.0,0.0,0.3312,0.0153,1.1134,10.19,60.0,"(32, 12)",40.0,512_64_2048,custom,gelu,0.7,0.2,0.1,cuda,Adam,"{'lr': 0.000334, 'betas': (0.9, 0.999), 'eps': 1e-08, 'weight_decay': 0, 'amsgrad': False, 'maximize': False, 'foreach': None, 'capturable': False, 'differentiable': False, 'fused': None, 'decoupled_weight_decay': False, 'initial_lr': 0.001}",MSELoss,True,0.8256,0.9943,0.5903,0.3302,0.0153,1.1171,0.4485,0.0956,0.9872,0.019,5.4133,0.0249,0.0696,True,,3
20260627_024254,h=0.5,6897.0,6897.0,0.0,0.0514,0.0103,0.2278,10.21,60.0,"(32, 12)",40.0,16_128_32,custom,gelu,0.7,0.2,0.1,cuda,Adam,"{'lr': 0.00099, 'betas': (0.9, 0.999), 'eps': 1e-08, 'weight_decay': 0, 'amsgrad': False, 'maximize': False, 'foreach': None, 'capturable': False, 'differentiable': False, 'fused': None, 'decoupled_weight_decay': False, 'initial_lr': 0.001}",MSELoss,True,0.9727,0.9962,0.9139,0.0516,0.0103,0.2347,0.1785,0.0789,0.4297,0.0085,5.44,0.0143,0.0282,True,,3
20260627_024254,h=0.5,8939265.0,8939265.0,0.0,0.3563,0.0052,1.3839,18.69,60.0,"(32, 12)",40.0,256_2048_4096,custom,gelu,0.7,0.2,0.1,cuda,Adam,"{'lr': 0.000334, 'betas': (0.9, 0.999), 'eps': 1e-08, 'weight_decay': 0, 'amsgrad': False, 'maximize': False, 'foreach': None, 'capturable': False, 'differentiable': False, 'fused': None, 'decoupled_weight_decay': False, 'initial_lr': 0.001}",MSELoss,True,0.8094,0.9981,0.4871,0.3608,0.0052,1.3984,0.4572,0.0568,1.1263,0.0174,5.4471,0.0216,0.0968,True,,3
20260627_024254,h=0.5,13425.0,13425.0,0.0,0.967,0.0114,1.5444,10.18,60.0,"(32, 12)",40.0,16_256_32,custom,gelu,0.7,0.2,0.1,cuda,Adam,"{'lr': 0.00099, 'betas': (0.9, 0.999), 'eps': 1e-08, 'weight_decay': 0, 'amsgrad': False, 'maximize': False, 'foreach': None, 'capturable': False, 'differentiable': False, 'fused': None, 'decoupled_weight_decay': False, 'initial_lr': 0.001}",MSELoss,True,0.486,0.9958,0.4434,0.9731,0.0114,1.5176,0.8657,0.0806,1.2007,0.0198,5.4442,0.0168,0.2076,True,,3
20260627_024254,h=0.5,1100417.0,1100417.0,0.0,0.292,0.0102,0.6377,10.18,60.0,"(32, 12)",40.0,128_256_4096,custom,gelu,0.7,0.2,0.1,cuda,Adam,"{'lr': 0.000334, 'betas': (0.9, 0.999), 'eps': 1e-08, 'weight_decay': 0, 'amsgrad': False, 'maximize': False, 'foreach': None, 'capturable': False, 'differentiable': False, 'fused': None, 'decoupled_weight_decay': False, 'initial_lr': 0.001}",MSELoss,True,0.8465,0.9962,0.7702,0.2907,0.0102,0.6267,0.4459,0.0793,0.7183,0.0142,5.4422,0.0203,0.0563,True,,3
20260627_024254,h=0.5,1204481.0,1204481.0,0.0,0.3729,0.0055,0.7804,10.2,60.0,"(32, 12)",40.0,512_256_4096,custom,gelu,0.7,0.2,0.1,cuda,Adam,"{'lr': 0.000334, 'betas': (0.9, 0.999), 'eps': 1e-08, 'weight_decay': 0, 'amsgrad': False, 'maximize': False, 'foreach': None, 'capturable': False, 'differentiable': False, 'fused': None, 'decoupled_weight_decay': False, 'initial_lr': 0.001}",MSELoss,True,0.801,0.9979,0.7066,0.3767,0.0055,0.7999,0.4707,0.0579,0.8253,0.0196,5.4597,0.0222,0.0677,True,,3
20260627_024254,h=0.5,86273.0,86273.0,0.0,0.4378,0.0795,0.8286,10.18,60.0,"(32, 12)",40.0,128_128_512,custom,gelu,0.7,0.2,0.1,cuda,Adam,"{'lr': 0.000334, 'betas': (0.9, 0.999), 'eps': 1e-08, 'weight_decay': 0, 'amsgrad': False, 'maximize': False, 'foreach': None, 'capturable': False, 'differentiable': False, 'fused': None, 'decoupled_weight_decay': False, 'initial_lr': 0.001}",MSELoss,True,0.7712,0.9704,0.6929,0.4332,0.0797,0.8373,0.5311,0.217,0.7381,0.0225,5.3183,0.033,0.0958,True,,3
20260627_024254,h=0.5,310145.0,310145.0,0.0,0.3293,0.021,0.8888,10.11,60.0,"(32, 12)",40.0,2048_128_128,custom,gelu,0.7,0.2,0.1,cuda,Adam,"{'lr': 0.000334, 'betas': (0.9, 0.999), 'eps': 1e-08, 'weight_decay': 0, 'amsgrad': False, 'maximize': False, 'foreach': None, 'capturable': False, 'differentiable': False, 'fused': None, 'decoupled_weight_decay': False, 'initial_lr': 0.001}",MSELoss,True,0.8238,0.9922,0.6679,0.3336,0.0209,0.9054,0.4847,0.0952,0.908,0.0161,5.4013,0.0205,0.1417,True,,3
20260627_024254,h=0.5,1097345.0,1097345.0,0.0,2.7711,2.1232,2.8414,10.09,60.0,"(32, 12)",40.0,2048_512_32,custom,gelu,0.7,0.2,0.1,cuda,Adam,"{'lr': 0.000334, 'betas': (0.9, 0.999), 'eps': 1e-08, 'weight_decay': 0, 'amsgrad': False, 'maximize': False, 'foreach': None, 'capturable': False, 'differentiable': False, 'fused': None, 'decoupled_weight_decay': False, 'initial_lr': 0.001}",MSELoss,True,-0.474,0.212,-0.01,2.7904,2.1214,2.7541,1.4274,1.1342,1.2901,0.053,4.6088,0.0787,0.5562,True,,3
20260627_024254,h=0.5,35585.0,35585.0,0.0,0.6574,0.008,1.2615,10.11,60.0,"(32, 12)",40.0,128_128_128,custom,gelu,0.7,0.2,0.1,cuda,Adam,"{'lr': 0.00099, 'betas': (0.9, 0.999), 'eps': 1e-08, 'weight_decay': 0, 'amsgrad': False, 'maximize': False, 'foreach': None, 'capturable': False, 'differentiable': False, 'fused': None, 'decoupled_weight_decay': False, 'initial_lr': 0.001}",MSELoss,True,0.653,0.997,0.5356,0.6569,0.008,1.2662,0.6001,0.0637,1.0646,0.0228,5.4482,0.0249,0.1256,True,,3
20260627_024254,h=0.5,1066737.0,1066737.0,0.0,0.4212,0.0928,1.0093,10.19,60.0,"(32, 12)",40.0,16_512_2048,custom,gelu,0.7,0.2,0.1,cuda,Adam,"{'lr': 0.000334, 'betas': (0.9, 0.999), 'eps': 1e-08, 'weight_decay': 0, 'amsgrad': False, 'maximize': False, 'foreach': None, 'capturable': False, 'differentiable': False, 'fused': None, 'decoupled_weight_decay': False, 'initial_lr': 0.001}",MSELoss,True,0.7769,0.9656,0.6222,0.4223,0.0926,1.0302,0.5227,0.2341,0.8382,0.0233,5.3995,0.0346,0.1273,True,,3
20260627_024254,h=0.5,360833.0,360833.0,0.0,0.4149,0.0067,0.8358,10.12,60.0,"(32, 12)",40.0,2048_128_512,custom,gelu,0.7,0.2,0.1,cuda,Adam,"{'lr': 0.000334, 'betas': (0.9, 0.999), 'eps': 1e-08, 'weight_decay': 0, 'amsgrad': False, 'maximize': False, 'foreach': None, 'capturable': False, 'differentiable': False, 'fused': None, 'decoupled_weight_decay': False, 'initial_lr': 0.001}",MSELoss,True,0.7796,0.9975,0.6978,0.4172,0.0067,0.824,0.5486,0.0601,0.8771,0.0151,5.4397,0.0188,0.0914,True,,3
20260627_024254,h=0.5,301697.0,301697.0,0.0,0.5344,0.2462,1.5332,10.1,60.0,"(32, 12)",40.0,2048_128_64,custom,gelu,0.7,0.2,0.1,cuda,Adam,"{'lr': 0.000334, 'betas': (0.9, 0.999), 'eps': 1e-08, 'weight_decay': 0, 'amsgrad': False, 'maximize': False, 'foreach': None, 'capturable': False, 'differentiable': False, 'fused': None, 'decoupled_weight_decay': False, 'initial_lr': 0.001}",MSELoss,True,0.7171,0.9084,0.4314,0.5355,0.2466,1.5503,0.5817,0.3389,1.0668,0.029,5.1712,0.0399,0.3317,True,,3
20260627_024254,h=0.5,537793.0,537793.0,0.0,0.7701,0.3765,1.9095,10.09,60.0,"(32, 12)",40.0,64_4096_64,custom,gelu,0.7,0.2,0.1,cuda,Adam,"{'lr': 0.000334, 'betas': (0.9, 0.999), 'eps': 1e-08, 'weight_decay': 0, 'amsgrad': False, 'maximize': False, 'foreach': None, 'capturable': False, 'differentiable': False, 'fused': None, 'decoupled_weight_decay': False, 'initial_lr': 0.001}",MSELoss,True,0.5916,0.8598,0.3254,0.7732,0.3776,1.8393,0.6983,0.4542,1.0876,0.036,5.0615,0.0508,0.3588,True,,3
20260627_024254,h=0.5,268545.0,268545.0,0.0,0.5151,0.0182,0.4598,10.2,60.0,"(32, 12)",40.0,256_512_256,custom,gelu,0.7,0.2,0.1,cuda,Adam,"{'lr': 0.000334, 'betas': (0.9, 0.999), 'eps': 1e-08, 'weight_decay': 0, 'amsgrad': False, 'maximize': False, 'foreach': None, 'capturable': False, 'differentiable': False, 'fused': None, 'decoupled_weight_decay': False, 'initial_lr': 0.001}",MSELoss,True,0.731,0.9932,0.8254,0.5092,0.0182,0.4762,0.5635,0.1037,0.5773,0.0207,5.4119,0.0212,0.1019,True,,3
20260627_024254,h=0.5,8521857.0,8521857.0,0.0,3.1488,3.2678,2.7103,18.17,60.0,"(32, 12)",40.0,4096_2048_32,custom,gelu,0.7,0.2,0.1,cuda,Adam,"{'lr': 0.000334, 'betas': (0.9, 0.999), 'eps': 1e-08, 'weight_decay': 0, 'amsgrad': False, 'maximize': False, 'foreach': None, 'capturable': False, 'differentiable': False, 'fused': None, 'decoupled_weight_decay': False, 'initial_lr': 0.001}",MSELoss,True,-0.6609,-0.2142,-0.0015,3.1442,3.269,2.7308,1.5325,1.52,1.313,0.0571,3.867,0.079,0.6127,True,,3
20260627_024254,h=0.5,400641.0,400641.0,0.0,0.2563,0.0096,0.4647,10.29,60.0,"(32, 12)",40.0,256_512_512,custom,gelu,0.7,0.2,0.1,cuda,Adam,"{'lr': 0.000334, 'betas': (0.9, 0.999), 'eps': 1e-08, 'weight_decay': 0, 'amsgrad': False, 'maximize': False, 'foreach': None, 'capturable': False, 'differentiable': False, 'fused': None, 'decoupled_weight_decay': False, 'initial_lr': 0.001}",MSELoss,True,0.8646,0.9965,0.8239,0.2563,0.0095,0.4802,0.4152,0.0748,0.638,0.0141,5.4294,0.0177,0.0516,True,,3
20260627_024254,h=0.5,42993.0,42993.0,0.0,1.6563,1.1956,3.5205,10.19,60.0,"(32, 12)",40.0,16_512_64,custom,gelu,0.7,0.2,0.1,cuda,Adam,"{'lr': 0.000334, 'betas': (0.9, 0.999), 'eps': 1e-08, 'weight_decay': 0, 'amsgrad': False, 'maximize': False, 'foreach': None, 'capturable': False, 'differentiable': False, 'fused': None, 'decoupled_weight_decay': False, 'initial_lr': 0.001}",MSELoss,True,0.1437,0.556,-0.2914,1.621,1.1954,3.5213,1.0135,0.8912,1.4067,0.0524,4.7439,0.0747,0.5109,True,,3
20260627_024254,h=0.5,542593.0,542593.0,0.0,0.5069,0.026,1.7885,9.56,60.0,"(32, 12)",40.0,128_4096,custom,gelu,0.7,0.2,0.1,cuda,Adam,"{'lr': 0.000334, 'betas': (0.9, 0.999), 'eps': 1e-08, 'weight_decay': 0, 'amsgrad': False, 'maximize': False, 'foreach': None, 'capturable': False, 'differentiable': False, 'fused': None, 'decoupled_weight_decay': False, 'initial_lr': 0.001}",MSELoss,True,0.7332,0.9903,0.3586,0.5051,0.0261,1.7488,0.5578,0.1259,1.2142,0.0198,5.4677,0.0294,0.1279,True,,2
20260627_024254,h=0.5,202497.0,202497.0,0.0,0.5605,0.0733,1.7322,10.27,60.0,"(32, 12)",40.0,256_512_128,custom,gelu,0.7,0.2,0.1,cuda,Adam,"{'lr': 0.000334, 'betas': (0.9, 0.999), 'eps': 1e-08, 'weight_decay': 0, 'amsgrad': False, 'maximize': False, 'foreach': None, 'capturable': False, 'differentiable': False, 'fused': None, 'decoupled_weight_decay': False, 'initial_lr': 0.001}",MSELoss,True,0.7026,0.9727,0.3496,0.563,0.0734,1.7736,0.6241,0.2003,1.1847,0.0241,5.3078,0.0355,0.207,True,,3
20260627_024254,h=0.5,572417.0,572417.0,0.0,0.7115,0.2592,1.2411,10.09,60.0,"(32, 12)",40.0,2048_256_64,custom,gelu,0.7,0.2,0.1,cuda,Adam,"{'lr': 0.000334, 'betas': (0.9, 0.999), 'eps': 1e-08, 'weight_decay': 0, 'amsgrad': False, 'maximize': False, 'foreach': None, 'capturable': False, 'differentiable': False, 'fused': None, 'decoupled_weight_decay': False, 'initial_lr': 0.001}",MSELoss,True,0.6245,0.9037,0.5644,0.7109,0.2592,1.1877,0.6812,0.3427,0.9435,0.0331,5.1672,0.0345,0.347,True,,3
20260627_024254,h=0.5,1088257.0,1088257.0,0.0,0.2828,0.0034,0.7127,10.21,60.0,"(32, 12)",40.0,2048_256_2048,custom,gelu,0.7,0.2,0.1,cuda,Adam,"{'lr': 0.000334, 'betas': (0.9, 0.999), 'eps': 1e-08, 'weight_decay': 0, 'amsgrad': False, 'maximize': False, 'foreach': None, 'capturable': False, 'differentiable': False, 'fused': None, 'decoupled_weight_decay': False, 'initial_lr': 0.001}",MSELoss,True,0.851,0.9987,0.7438,0.282,0.0034,0.6985,0.4476,0.0437,0.8055,0.0127,5.4561,0.0181,0.0475,True,,3
20260627_024254,h=0.5,44977.0,44977.0,0.0,0.4789,0.0897,1.2825,10.2,60.0,"(32, 12)",40.0,128_16_2048,custom,gelu,0.7,0.2,0.1,cuda,Adam,"{'lr': 0.000334, 'betas': (0.9, 0.999), 'eps': 1e-08, 'weight_decay': 0, 'amsgrad': False, 'maximize': False, 'foreach': None, 'capturable': False, 'differentiable': False, 'fused': None, 'decoupled_weight_decay': False, 'initial_lr': 0.001}",MSELoss,True,0.7462,0.9667,0.5153,0.4805,0.0896,1.3217,0.5497,0.2293,0.9557,0.022,5.3198,0.0385,0.1247,True,,3
20260627_024254,h=0.5,98657.0,98657.0,0.0,0.5099,0.1028,1.3993,10.12,60.0,"(32, 12)",40.0,2048_32_64,custom,gelu,0.7,0.2,0.1,cuda,Adam,"{'lr': 0.000334, 'betas': (0.9, 0.999), 'eps': 1e-08, 'weight_decay': 0, 'amsgrad': False, 'maximize': False, 'foreach': None, 'capturable': False, 'differentiable': False, 'fused': None, 'decoupled_weight_decay': False, 'initial_lr': 0.001}",MSELoss,True,0.7314,0.9618,0.4895,0.5085,0.1028,1.392,0.593,0.2134,1.0829,0.0251,5.2846,0.031,0.2528,True,,3
20260627_024254,h=0.5,9506817.0,9506817.0,0.0,0.4397,0.0153,0.7292,19.79,60.0,"(32, 12)",40.0,4096_2048_512,custom,gelu,0.7,0.2,0.1,cuda,Adam,"{'lr': 0.000334, 'betas': (0.9, 0.999), 'eps': 1e-08, 'weight_decay': 0, 'amsgrad': False, 'maximize': False, 'foreach': None, 'capturable': False, 'differentiable': False, 'fused': None, 'decoupled_weight_decay': False, 'initial_lr': 0.001}",MSELoss,True,0.7675,0.9943,0.7349,0.4402,0.0152,0.723,0.5751,0.0961,0.8223,0.0145,5.4444,0.0173,0.0938,True,,3
20260627_024254,h=0.5,1059585.0,1059585.0,0.0,0.257,0.0202,0.9053,10.17,60.0,"(32, 12)",40.0,256_2048_256,custom,gelu,0.7,0.2,0.1,cuda,Adam,"{'lr': 0.000334, 'betas': (0.9, 0.999), 'eps': 1e-08, 'weight_decay': 0, 'amsgrad': False, 'maximize': False, 'foreach': None, 'capturable': False, 'differentiable': False, 'fused': None, 'decoupled_weight_decay': False, 'initial_lr': 0.001}",MSELoss,True,0.8626,0.9925,0.6672,0.2601,0.0202,0.9073,0.414,0.0976,0.8935,0.0152,5.4143,0.0211,0.1186,True,,3
20260627_024254,h=0.5,2545.0,2545.0,0.0,0.2004,0.017,0.4308,10.15,60.0,"(32, 12)",40.0,16_64_16,custom,gelu,0.7,0.2,0.1,cuda,Adam,"{'lr': 0.00099, 'betas': (0.9, 0.999), 'eps': 1e-08, 'weight_decay': 0, 'amsgrad': False, 'maximize': False, 'foreach': None, 'capturable': False, 'differentiable': False, 'fused': None, 'decoupled_weight_decay': False, 'initial_lr': 0.001}",MSELoss,True,0.8948,0.9937,0.8369,0.1992,0.017,0.4448,0.3701,0.0998,0.5917,0.0119,5.4364,0.0198,0.0467,True,,3
20260627_024254,h=0.5,104993.0,104993.0,0.0,13.4739,11.5397,6.8762,10.21,60.0,"(32, 12)",40.0,32_2048_16,custom,gelu,0.7,0.2,0.1,cuda,Adam,"{'lr': 0.000334, 'betas': (0.9, 0.999), 'eps': 1e-08, 'weight_decay': 0, 'amsgrad': False, 'maximize': False, 'foreach': None, 'capturable': False, 'differentiable': False, 'fused': None, 'decoupled_weight_decay': False, 'initial_lr': 0.001}",MSELoss,True,-6.1349,-3.2919,-1.5805,13.5071,11.5546,7.0364,3.4404,3.1004,2.3619,0.0571,3.8802,0.079,0.6225,True,,3
20260627_024254,h=0.5,324865.0,324865.0,0.0,11.4865,9.6052,5.8087,10.18,60.0,"(32, 12)",40.0,4096_64_16,custom,gelu,0.7,0.2,0.1,cuda,Adam,"{'lr': 0.000334, 'betas': (0.9, 0.999), 'eps': 1e-08, 'weight_decay': 0, 'amsgrad': False, 'maximize': False, 'foreach': None, 'capturable': False, 'differentiable': False, 'fused': None, 'decoupled_weight_decay': False, 'initial_lr': 0.001}",MSELoss,True,-5.0783,-2.5752,-1.13,11.5069,9.6253,5.8078,3.153,2.7712,2.1238,0.0565,4.1524,0.0791,0.6096,True,,3
20260627_024254,h=0.5,24737.0,24737.0,0.0,5.748,5.1709,3.385,10.23,60.0,"(32, 12)",40.0,512_32_16,custom,gelu,0.7,0.2,0.1,cuda,Adam,"{'lr': 0.000334, 'betas': (0.9, 0.999), 'eps': 1e-08, 'weight_decay': 0, 'amsgrad': False, 'maximize': False, 'foreach': None, 'capturable': False, 'differentiable': False, 'fused': None, 'decoupled_weight_decay': False, 'initial_lr': 0.001}",MSELoss,True,-2.0549,-0.9199,-0.1905,5.7833,5.1688,3.2461,2.1481,1.9949,1.5046,0.0569,3.8705,0.079,0.6141,True,,3
20260627_024254,h=0.5,104497.0,104497.0,0.0,0.6275,0.0145,1.7749,10.26,60.0,"(32, 12)",40.0,2048_16_2048,custom,gelu,0.7,0.2,0.1,cuda,Adam,"{'lr': 0.000334, 'betas': (0.9, 0.999), 'eps': 1e-08, 'weight_decay': 0, 'amsgrad': False, 'maximize': False, 'foreach': None, 'capturable': False, 'differentiable': False, 'fused': None, 'decoupled_weight_decay': False, 'initial_lr': 0.001}",MSELoss,True,0.6705,0.9946,0.358,0.6238,0.0145,1.7505,0.6624,0.0909,1.2632,0.0193,5.4132,0.0269,0.1453,True,,3
20260627_024254,h=0.5,32769.0,32769.0,0.0,2.5334,0.9648,8.7319,8.86,60.0,"(32, 12)",40.0,2048,custom,gelu,0.7,0.2,0.1,cuda,Adam,"{'lr': 0.000334, 'betas': (0.9, 0.999), 'eps': 1e-08, 'weight_decay': 0, 'amsgrad': False, 'maximize': False, 'foreach': None, 'capturable': False, 'differentiable': False, 'fused': None, 'decoupled_weight_decay': False, 'initial_lr': 0.001}",MSELoss,True,-0.3364,0.6424,-2.3067,2.53,0.9629,9.0163,1.0589,0.7235,2.3039,0.0578,4.7005,0.0893,0.692,True,,1
20260627_024254,h=0.5,3313.0,3313.0,0.0,0.5703,0.0085,1.4654,10.14,60.0,"(32, 12)",40.0,64_16_64,custom,gelu,0.7,0.2,0.1,cuda,Adam,"{'lr': 0.00099, 'betas': (0.9, 0.999), 'eps': 1e-08, 'weight_decay': 0, 'amsgrad': False, 'maximize': False, 'foreach': None, 'capturable': False, 'differentiable': False, 'fused': None, 'decoupled_weight_decay': False, 'initial_lr': 0.001}",MSELoss,True,0.698,0.9968,0.4702,0.5718,0.0085,1.4447,0.6497,0.0715,1.1591,0.0162,5.4469,0.0226,0.1288,True,,3
20260627_024254,h=0.5,8718849.0,8718849.0,0.0,0.38,0.0405,0.9351,18.06,60.0,"(32, 12)",40.0,4096_2048_128,custom,gelu,0.7,0.2,0.1,cuda,Adam,"{'lr': 0.000334, 'betas': (0.9, 0.999), 'eps': 1e-08, 'weight_decay': 0, 'amsgrad': False, 'maximize': False, 'foreach': None, 'capturable': False, 'differentiable': False, 'fused': None, 'decoupled_weight_decay': False, 'initial_lr': 0.001}",MSELoss,True,0.7979,0.9849,0.6508,0.3826,0.0407,0.9523,0.5144,0.121,0.9177,0.0192,5.3738,0.0231,0.1964,True,,3
20260627_024254,h=0.5,144513.0,144513.0,0.0,0.9225,0.1013,2.7565,10.2,60.0,"(32, 12)",40.0,64_64_2048,custom,gelu,0.7,0.2,0.1,cuda,Adam,"{'lr': 0.000334, 'betas': (0.9, 0.999), 'eps': 1e-08, 'weight_decay': 0, 'amsgrad': False, 'maximize': False, 'foreach': None, 'capturable': False, 'differentiable': False, 'fused': None, 'decoupled_weight_decay': False, 'initial_lr': 0.001}",MSELoss,True,0.5151,0.9624,0.0071,0.9179,0.1013,2.7075,0.7218,0.2464,1.4057,0.0319,5.3509,0.0464,0.2015,True,,3
20260627_024254,h=0.5,3681.0,3681.0,0.0,0.6602,0.0077,1.1447,10.1,60.0,"(32, 12)",40.0,64_32_16,custom,gelu,0.7,0.2,0.1,cuda,Adam,"{'lr': 0.00099, 'betas': (0.9, 0.999), 'eps': 1e-08, 'weight_decay': 0, 'amsgrad': False, 'maximize': False, 'foreach': None, 'capturable': False, 'differentiable': False, 'fused': None, 'decoupled_weight_decay': False, 'initial_lr': 0.001}",MSELoss,True,0.6567,0.9972,0.5816,0.65,0.0076,1.1408,0.678,0.0649,1.0436,0.0181,5.4441,0.0171,0.1448,True,,3
20260627_024254,h=0.5,796929.0,796929.0,0.0,0.4009,0.0652,1.1742,10.22,60.0,"(32, 12)",40.0,256_2048_128,custom,gelu,0.7,0.2,0.1,cuda,Adam,"{'lr': 0.000334, 'betas': (0.9, 0.999), 'eps': 1e-08, 'weight_decay': 0, 'amsgrad': False, 'maximize': False, 'foreach': None, 'capturable': False, 'differentiable': False, 'fused': None, 'decoupled_weight_decay': False, 'initial_lr': 0.001}",MSELoss,True,0.7869,0.9757,0.5619,0.4035,0.0653,1.1947,0.5377,0.1762,1.0052,0.021,5.3491,0.0282,0.2027,True,,3
20260627_024254,h=0.5,17201.0,17201.0,0.0,0.8135,0.3551,2.5413,10.21,60.0,"(32, 12)",40.0,512_16_64,custom,gelu,0.7,0.2,0.1,cuda,Adam,"{'lr': 0.000334, 'betas': (0.9, 0.999), 'eps': 1e-08, 'weight_decay': 0, 'amsgrad': False, 'maximize': False, 'foreach': None, 'capturable': False, 'differentiable': False, 'fused': None, 'decoupled_weight_decay': False, 'initial_lr': 0.001}",MSELoss,True,0.5663,0.8681,0.0434,0.821,0.355,2.6082,0.6742,0.4294,1.2863,0.0365,5.062,0.056,0.3428,True,,3
20260627_024254,h=0.5,63857.0,63857.0,0.0,9.2614,7.7839,4.7476,10.18,60.0,"(32, 12)",40.0,2048_16_16,custom,gelu,0.7,0.2,0.1,cuda,Adam,"{'lr': 0.000334, 'betas': (0.9, 0.999), 'eps': 1e-08, 'weight_decay': 0, 'amsgrad': False, 'maximize': False, 'foreach': None, 'capturable': False, 'differentiable': False, 'fused': None, 'decoupled_weight_decay': False, 'initial_lr': 0.001}",MSELoss,True,-3.8822,-1.8955,-0.7477,9.2424,7.7952,4.7655,2.794,2.4655,1.8809,0.0562,4.2678,0.0789,0.5978,True,,3
20260627_024254,h=0.5,1584897.0,1584897.0,0.0,0.6045,0.0076,1.8548,10.17,60.0,"(32, 12)",40.0,256_2048_512,custom,gelu,0.7,0.2,0.1,cuda,Adam,"{'lr': 0.000334, 'betas': (0.9, 0.999), 'eps': 1e-08, 'weight_decay': 0, 'amsgrad': False, 'maximize': False, 'foreach': None, 'capturable': False, 'differentiable': False, 'fused': None, 'decoupled_weight_decay': False, 'initial_lr': 0.001}",MSELoss,True,0.6827,0.9972,0.3173,0.6006,0.0076,1.8616,0.5658,0.068,1.2901,0.0248,5.4552,0.0268,0.1344,True,,3
20260627_024254,h=0.5,8981505.0,8981505.0,0.0,0.4103,0.0184,1.4256,18.94,60.0,"(32, 12)",40.0,4096_2048_256,custom,gelu,0.7,0.2,0.1,cuda,Adam,"{'lr': 0.000334, 'betas': (0.9, 0.999), 'eps': 1e-08, 'weight_decay': 0, 'amsgrad': False, 'maximize': False, 'foreach': None, 'capturable': False, 'differentiable': False, 'fused': None, 'decoupled_weight_decay': False, 'initial_lr': 0.001}",MSELoss,True,0.7849,0.9931,0.4828,0.4073,0.0185,1.4104,0.537,0.0912,1.1395,0.0161,5.4233,0.0235,0.1561,True,,3
20260627_024254,h=0.5,14657.0,14657.0,0.0,0.8448,0.0139,1.6378,10.11,60.0,"(32, 12)",40.0,128_64_64,custom,gelu,0.7,0.2,0.1,cuda,Adam,"{'lr': 0.00099, 'betas': (0.9, 0.999), 'eps': 1e-08, 'weight_decay': 0, 'amsgrad': False, 'maximize': False, 'foreach': None, 'capturable': False, 'differentiable': False, 'fused': None, 'decoupled_weight_decay': False, 'initial_lr': 0.001}",MSELoss,True,0.5518,0.9948,0.393,0.8485,0.0139,1.6551,0.6808,0.0877,1.242,0.0254,5.4479,0.0224,0.1734,True,,3
20260627_024254,h=0.5,208945.0,208945.0,0.0,0.3806,0.0087,0.956,10.07,60.0,"(32, 12)",40.0,4096_16_4096,custom,gelu,0.7,0.2,0.1,cuda,Adam,"{'lr': 0.000334, 'betas': (0.9, 0.999), 'eps': 1e-08, 'weight_decay': 0, 'amsgrad': False, 'maximize': False, 'foreach': None, 'capturable': False, 'differentiable': False, 'fused': None, 'decoupled_weight_decay': False, 'initial_lr': 0.001}",MSELoss,True,0.7994,0.9968,0.6487,0.3797,0.0087,0.9579,0.5306,0.0697,0.9407,0.0144,5.4273,0.0215,0.0815,True,,3
20260627_024254,h=0.5,15937.0,15937.0,0.0,7.8389,6.7901,4.009,9.52,60.0,"(32, 12)",40.0,512_16,custom,gelu,0.7,0.2,0.1,cuda,Adam,"{'lr': 0.000334, 'betas': (0.9, 0.999), 'eps': 1e-08, 'weight_decay': 0, 'amsgrad': False, 'maximize': False, 'foreach': None, 'capturable': False, 'differentiable': False, 'fused': None, 'decoupled_weight_decay': False, 'initial_lr': 0.001}",MSELoss,True,-3.1598,-1.5262,-0.4865,7.8748,6.801,4.0534,2.5546,2.3147,1.7216,0.057,3.8737,0.0791,0.6159,True,,2
20260627_024254,h=0.5,12636161.0,12636161.0,0.0,0.6387,0.0054,1.5446,26.21,60.0,"(32, 12)",40.0,2048_2048_4096,custom,gelu,0.7,0.2,0.1,cuda,Adam,"{'lr': 0.000334, 'betas': (0.9, 0.999), 'eps': 1e-08, 'weight_decay': 0, 'amsgrad': False, 'maximize': False, 'foreach': None, 'capturable': False, 'differentiable': False, 'fused': None, 'decoupled_weight_decay': False, 'initial_lr': 0.001}",MSELoss,True,0.6634,0.998,0.4373,0.6373,0.0054,1.5344,0.6865,0.0571,1.2111,0.0168,5.4476,0.0218,0.1424,True,,3
20260627_024254,h=0.5,1081345.0,1081345.0,0.0,0.2758,0.0074,0.6643,9.45,60.0,"(32, 12)",40.0,2048_512,custom,gelu,0.7,0.2,0.1,cuda,Adam,"{'lr': 0.000334, 'betas': (0.9, 0.999), 'eps': 1e-08, 'weight_decay': 0, 'amsgrad': False, 'maximize': False, 'foreach': None, 'capturable': False, 'differentiable': False, 'fused': None, 'decoupled_weight_decay': False, 'initial_lr': 0.001}",MSELoss,True,0.8535,0.9973,0.7534,0.2773,0.0074,0.6724,0.4185,0.0654,0.7773,0.0149,5.4339,0.0183,0.0592,True,,2
20260627_024254,h=0.5,77121.0,77121.0,0.0,0.4675,0.1266,1.368,10.17,60.0,"(32, 12)",40.0,64_128_512,custom,gelu,0.7,0.2,0.1,cuda,Adam,"{'lr': 0.000334, 'betas': (0.9, 0.999), 'eps': 1e-08, 'weight_decay': 0, 'amsgrad': False, 'maximize': False, 'foreach': None, 'capturable': False, 'differentiable': False, 'fused': None, 'decoupled_weight_decay': False, 'initial_lr': 0.001}",MSELoss,True,0.75,0.9528,0.4901,0.4733,0.127,1.3904,0.5291,0.2737,0.9495,0.0281,5.303,0.0405,0.1318,True,,3
20260627_024254,h=0.5,2673.0,2673.0,0.0,0.513,0.008,1.0487,10.11,60.0,"(32, 12)",40.0,64_16_32,custom,gelu,0.7,0.2,0.1,cuda,Adam,"{'lr': 0.00099, 'betas': (0.9, 0.999), 'eps': 1e-08, 'weight_decay': 0, 'amsgrad': False, 'maximize': False, 'foreach': None, 'capturable': False, 'differentiable': False, 'fused': None, 'decoupled_weight_decay': False, 'initial_lr': 0.001}",MSELoss,True,0.7298,0.997,0.6127,0.5115,0.008,1.0559,0.6006,0.0693,1.003,0.0167,5.4416,0.0184,0.1175,True,,3
20260627_024254,h=0.5,14257.0,14257.0,0.0,0.7207,0.2456,1.7047,10.15,60.0,"(32, 12)",40.0,128_16_512,custom,gelu,0.7,0.2,0.1,cuda,Adam,"{'lr': 0.000334, 'betas': (0.9, 0.999), 'eps': 1e-08, 'weight_decay': 0, 'amsgrad': False, 'maximize': False, 'foreach': None, 'capturable': False, 'differentiable': False, 'fused': None, 'decoupled_weight_decay': False, 'initial_lr': 0.001}",MSELoss,True,0.6218,0.9088,0.3473,0.7159,0.2455,1.7796,0.6462,0.3763,1.0687,0.0323,5.1844,0.0473,0.2417,True,,3
20260627_024254,h=0.5,2182529.0,2182529.0,0.0,0.5261,0.0078,1.145,10.34,60.0,"(32, 12)",40.0,128_512_4096,custom,gelu,0.7,0.2,0.1,cuda,Adam,"{'lr': 0.000334, 'betas': (0.9, 0.999), 'eps': 1e-08, 'weight_decay': 0, 'amsgrad': False, 'maximize': False, 'foreach': None, 'capturable': False, 'differentiable': False, 'fused': None, 'decoupled_weight_decay': False, 'initial_lr': 0.001}",MSELoss,True,0.723,0.9971,0.5704,0.5244,0.0078,1.1713,0.5354,0.0698,0.9858,0.0222,5.448,0.0265,0.0861,True,,3
20260627_024254,h=0.5,2384897.0,2384897.0,0.0,0.4348,0.0046,1.243,10.51,60.0,"(32, 12)",40.0,512_512_4096,custom,gelu,0.7,0.2,0.1,cuda,Adam,"{'lr': 0.000334, 'betas': (0.9, 0.999), 'eps': 1e-08, 'weight_decay': 0, 'amsgrad': False, 'maximize': False, 'foreach': None, 'capturable': False, 'differentiable': False, 'fused': None, 'decoupled_weight_decay': False, 'initial_lr': 0.001}",MSELoss,True,0.7705,0.9983,0.5392,0.4344,0.0046,1.2565,0.5298,0.0529,1.075,0.0167,5.4607,0.0225,0.0819,True,,3
20260627_024254,h=0.5,537585.0,537585.0,0.0,0.7127,0.1863,2.4862,10.16,60.0,"(32, 12)",40.0,16_256_2048,custom,gelu,0.7,0.2,0.1,cuda,Adam,"{'lr': 0.000334, 'betas': (0.9, 0.999), 'eps': 1e-08, 'weight_decay': 0, 'amsgrad': False, 'maximize': False, 'foreach': None, 'capturable': False, 'differentiable': False, 'fused': None, 'decoupled_weight_decay': False, 'initial_lr': 0.001}",MSELoss,True,0.6186,0.9307,0.0658,0.7219,0.1866,2.5473,0.6694,0.3388,1.3857,0.0303,5.3286,0.0423,0.2599,True,,3
20260627_024254,h=0.5,293377.0,293377.0,0.0,0.4513,0.0583,1.2206,9.45,60.0,"(32, 12)",40.0,2048_128,custom,gelu,0.7,0.2,0.1,cuda,Adam,"{'lr': 0.000334, 'betas': (0.9, 0.999), 'eps': 1e-08, 'weight_decay': 0, 'amsgrad': False, 'maximize': False, 'foreach': None, 'capturable': False, 'differentiable': False, 'fused': None, 'decoupled_weight_decay': False, 'initial_lr': 0.001}",MSELoss,True,0.7619,0.9784,0.5491,0.4508,0.0582,1.2296,0.5701,0.1626,1.0158,0.0219,5.3142,0.0292,0.2021,True,,2
20260627_024254,h=0.5,26433.0,26433.0,0.0,0.8327,0.0039,1.6301,10.14,60.0,"(32, 12)",40.0,64_128_128,custom,gelu,0.7,0.2,0.1,cuda,Adam,"{'lr': 0.00099, 'betas': (0.9, 0.999), 'eps': 1e-08, 'weight_decay': 0, 'amsgrad': False, 'maximize': False, 'foreach': None, 'capturable': False, 'differentiable': False, 'fused': None, 'decoupled_weight_decay': False, 'initial_lr': 0.001}",MSELoss,True,0.5646,0.9985,0.405,0.8243,0.0039,1.6224,0.7346,0.0474,1.2454,0.0222,5.454,0.0222,0.1532,True,,3
20260627_024254,h=0.5,39105.0,39105.0,0.0,0.5604,0.0028,1.4213,10.15,60.0,"(32, 12)",40.0,256_128_16,custom,gelu,0.7,0.2,0.1,cuda,Adam,"{'lr': 0.00099, 'betas': (0.9, 0.999), 'eps': 1e-08, 'weight_decay': 0, 'amsgrad': False, 'maximize': False, 'foreach': None, 'capturable': False, 'differentiable': False, 'fused': None, 'decoupled_weight_decay': False, 'initial_lr': 0.001}",MSELoss,True,0.7018,0.9989,0.4765,0.5646,0.0028,1.4273,0.6122,0.0406,1.1644,0.0177,5.4542,0.0206,0.1231,True,,3
20260627_024254,h=0.5,6577.0,6577.0,0.0,0.5965,0.0047,1.4881,10.16,60.0,"(32, 12)",40.0,128_16_128,custom,gelu,0.7,0.2,0.1,cuda,Adam,"{'lr': 0.00099, 'betas': (0.9, 0.999), 'eps': 1e-08, 'weight_decay': 0, 'amsgrad': False, 'maximize': False, 'foreach': None, 'capturable': False, 'differentiable': False, 'fused': None, 'decoupled_weight_decay': False, 'initial_lr': 0.001}",MSELoss,True,0.6815,0.9983,0.4528,0.6029,0.0047,1.4921,0.5987,0.0533,1.1803,0.0211,5.452,0.0236,0.1155,True,,3
20260627_024254,h=0.5,97505.0,97505.0,0.0,1.8741,1.3121,3.0489,10.06,60.0,"(32, 12)",40.0,2048_32_32,custom,gelu,0.7,0.2,0.1,cuda,Adam,"{'lr': 0.000334, 'betas': (0.9, 0.999), 'eps': 1e-08, 'weight_decay': 0, 'amsgrad': False, 'maximize': False, 'foreach': None, 'capturable': False, 'differentiable': False, 'fused': None, 'decoupled_weight_decay': False, 'initial_lr': 0.001}",MSELoss,True,0.0013,0.512,-0.1241,1.8907,1.3139,3.0652,1.1275,0.8571,1.2787,0.0519,4.7763,0.0782,0.5201,True,,3
20260627_024254,h=0.5,12481.0,12481.0,0.0,0.8249,0.0054,1.672,10.1,60.0,"(32, 12)",40.0,128_64_32,custom,gelu,0.7,0.2,0.1,cuda,Adam,"{'lr': 0.00099, 'betas': (0.9, 0.999), 'eps': 1e-08, 'weight_decay': 0, 'amsgrad': False, 'maximize': False, 'foreach': None, 'capturable': False, 'differentiable': False, 'fused': None, 'decoupled_weight_decay': False, 'initial_lr': 0.001}",MSELoss,True,0.5655,0.998,0.3899,0.8225,0.0054,1.6637,0.7585,0.0567,1.2657,0.0202,5.4481,0.0203,0.1689,True,,3
20260627_024254,h=0.5,56881.0,56881.0,0.0,0.8806,0.0215,2.2623,10.21,60.0,"(32, 12)",40.0,512_16_2048,custom,gelu,0.7,0.2,0.1,cuda,Adam,"{'lr': 0.000334, 'betas': (0.9, 0.999), 'eps': 1e-08, 'weight_decay': 0, 'amsgrad': False, 'maximize': False, 'foreach': None, 'capturable': False, 'differentiable': False, 'fused': None, 'decoupled_weight_decay': False, 'initial_lr': 0.001}",MSELoss,True,0.5355,0.992,0.1681,0.8793,0.0215,2.2685,0.801,0.1104,1.4619,0.0212,5.3989,0.0255,0.2035,True,,3
20260627_024254,h=0.5,74305.0,74305.0,0.0,0.6215,0.004,1.171,10.11,60.0,"(32, 12)",40.0,256_256_16,custom,gelu,0.7,0.2,0.1,cuda,Adam,"{'lr': 0.00099, 'betas': (0.9, 0.999), 'eps': 1e-08, 'weight_decay': 0, 'amsgrad': False, 'maximize': False, 'foreach': None, 'capturable': False, 'differentiable': False, 'fused': None, 'decoupled_weight_decay': False, 'initial_lr': 0.001}",MSELoss,True,0.6728,0.9985,0.5698,0.6193,0.004,1.1731,0.6571,0.0484,1.072,0.0182,5.4558,0.015,0.1366,True,,3
20260627_024254,h=0.5,2148801.0,2148801.0,0.0,0.3469,0.0139,1.2473,10.32,60.0,"(32, 12)",40.0,64_512_4096,custom,gelu,0.7,0.2,0.1,cuda,Adam,"{'lr': 0.000334, 'betas': (0.9, 0.999), 'eps': 1e-08, 'weight_decay': 0, 'amsgrad': False, 'maximize': False, 'foreach': None, 'capturable': False, 'differentiable': False, 'fused': None, 'decoupled_weight_decay': False, 'initial_lr': 0.001}",MSELoss,True,0.8167,0.9948,0.5397,0.347,0.0139,1.255,0.4871,0.0928,1.049,0.0156,5.4495,0.0246,0.0712,True,,3
20260627_024254,h=0.5,9137.0,9137.0,0.0,0.557,0.0079,1.1496,10.19,60.0,"(32, 12)",40.0,128_16_256,custom,gelu,0.7,0.2,0.1,cuda,Adam,"{'lr': 0.00099, 'betas': (0.9, 0.999), 'eps': 1e-08, 'weight_decay': 0, 'amsgrad': False, 'maximize': False, 'foreach': None, 'capturable': False, 'differentiable': False, 'fused': None, 'decoupled_weight_decay': False, 'initial_lr': 0.001}",MSELoss,True,0.7032,0.9971,0.577,0.5618,0.0079,1.1533,0.6527,0.0681,1.0552,0.0165,5.4491,0.0171,0.1306,True,,3
20260627_024254,h=0.5,159585.0,159585.0,0.0,0.3739,0.0277,1.6467,10.23,60.0,"(32, 12)",40.0,256_32_4096,custom,gelu,0.7,0.2,0.1,cuda,Adam,"{'lr': 0.000334, 'betas': (0.9, 0.999), 'eps': 1e-08, 'weight_decay': 0, 'amsgrad': False, 'maximize': False, 'foreach': None, 'capturable': False, 'differentiable': False, 'fused': None, 'decoupled_weight_decay': False, 'initial_lr': 0.001}",MSELoss,True,0.8028,0.9897,0.3881,0.3733,0.0277,1.6685,0.4942,0.1294,1.1904,0.0183,5.3978,0.0281,0.1139,True,,3
20260627_024254,h=0.5,25225217.0,25225217.0,0.0,0.6992,0.0118,1.5535,46.68,60.0,"(32, 12)",40.0,2048_4096_4096,custom,gelu,0.7,0.2,0.1,cuda,Adam,"{'lr': 0.000334, 'betas': (0.9, 0.999), 'eps': 1e-08, 'weight_decay': 0, 'amsgrad': False, 'maximize': False, 'foreach': None, 'capturable': False, 'differentiable': False, 'fused': None, 'decoupled_weight_decay': False, 'initial_lr': 0.001}",MSELoss,True,0.6321,0.9956,0.4247,0.6964,0.0118,1.5688,0.7307,0.0809,1.2106,0.0174,5.4462,0.025,0.1593,True,,3
20260627_024254,h=0.5,43329.0,43329.0,0.0,0.6954,0.0055,1.6714,10.22,60.0,"(32, 12)",40.0,64_128_256,custom,gelu,0.7,0.2,0.1,cuda,Adam,"{'lr': 0.00099, 'betas': (0.9, 0.999), 'eps': 1e-08, 'weight_decay': 0, 'amsgrad': False, 'maximize': False, 'foreach': None, 'capturable': False, 'differentiable': False, 'fused': None, 'decoupled_weight_decay': False, 'initial_lr': 0.001}",MSELoss,True,0.6332,0.9979,0.3896,0.6943,0.0055,1.6645,0.7285,0.0563,1.2661,0.0166,5.4546,0.0199,0.1536,True,,3
20260627_024254,h=0.5,556033.0,556033.0,0.0,0.3873,0.0231,0.9443,9.54,60.0,"(32, 12)",40.0,2048_256,custom,gelu,0.7,0.2,0.1,cuda,Adam,"{'lr': 0.000334, 'betas': (0.9, 0.999), 'eps': 1e-08, 'weight_decay': 0, 'amsgrad': False, 'maximize': False, 'foreach': None, 'capturable': False, 'differentiable': False, 'fused': None, 'decoupled_weight_decay': False, 'initial_lr': 0.001}",MSELoss,True,0.7969,0.9915,0.6633,0.3845,0.0229,0.9181,0.5057,0.1028,0.9084,0.0173,5.3951,0.0214,0.1376,True,,2
20260627_024254,h=0.5,16561.0,16561.0,0.0,1.4436,0.9667,2.4987,10.19,60.0,"(32, 12)",40.0,512_16_32,custom,gelu,0.7,0.2,0.1,cuda,Adam,"{'lr': 0.000334, 'betas': (0.9, 0.999), 'eps': 1e-08, 'weight_decay': 0, 'amsgrad': False, 'maximize': False, 'foreach': None, 'capturable': False, 'differentiable': False, 'fused': None, 'decoupled_weight_decay': False, 'initial_lr': 0.001}",MSELoss,True,0.2406,0.6417,0.0601,1.4375,0.9645,2.5629,0.9355,0.7298,1.1884,0.0469,4.8877,0.0704,0.4643,True,,3
20260627_024254,h=0.5,27713.0,27713.0,0.0,0.4259,0.0035,0.9293,10.2,60.0,"(32, 12)",40.0,128_64_256,custom,gelu,0.7,0.2,0.1,cuda,Adam,"{'lr': 0.00099, 'betas': (0.9, 0.999), 'eps': 1e-08, 'weight_decay': 0, 'amsgrad': False, 'maximize': False, 'foreach': None, 'capturable': False, 'differentiable': False, 'fused': None, 'decoupled_weight_decay': False, 'initial_lr': 0.001}",MSELoss,True,0.7757,0.9987,0.6567,0.4246,0.0035,0.9361,0.5272,0.0451,0.9375,0.0168,5.4518,0.0184,0.0763,True,,3
20260627_024254,h=0.5,136705.0,136705.0,0.0,0.4522,0.0107,1.1836,10.21,60.0,"(32, 12)",40.0,256_256_256,custom,gelu,0.7,0.2,0.1,cuda,Adam,"{'lr': 0.00099, 'betas': (0.9, 0.999), 'eps': 1e-08, 'weight_decay': 0, 'amsgrad': False, 'maximize': False, 'foreach': None, 'capturable': False, 'differentiable': False, 'fused': None, 'decoupled_weight_decay': False, 'initial_lr': 0.001}",MSELoss,True,0.762,0.996,0.5743,0.4505,0.0107,1.1608,0.5475,0.0808,1.0375,0.016,5.4518,0.0213,0.0956,True,,3
20260627_024254,h=0.5,297473.0,297473.0,0.0,2.4904,1.869,2.7778,10.09,60.0,"(32, 12)",40.0,2048_128_32,custom,gelu,0.7,0.2,0.1,cuda,Adam,"{'lr': 0.000334, 'betas': (0.9, 0.999), 'eps': 1e-08, 'weight_decay': 0, 'amsgrad': False, 'maximize': False, 'foreach': None, 'capturable': False, 'differentiable': False, 'fused': None, 'decoupled_weight_decay': False, 'initial_lr': 0.001}",MSELoss,True,-0.3157,0.306,-0.0018,2.4908,1.8685,2.7316,1.3431,1.052,1.2674,0.0526,4.6471,0.0775,0.545,True,,3
20260627_024254,h=0.5,577665.0,577665.0,0.0,0.4417,0.0109,0.6106,10.16,60.0,"(32, 12)",40.0,256_128_4096,custom,gelu,0.7,0.2,0.1,cuda,Adam,"{'lr': 0.000334, 'betas': (0.9, 0.999), 'eps': 1e-08, 'weight_decay': 0, 'amsgrad': False, 'maximize': False, 'foreach': None, 'capturable': False, 'differentiable': False, 'fused': None, 'decoupled_weight_decay': False, 'initial_lr': 0.001}",MSELoss,True,0.7692,0.996,0.7817,0.4369,0.0108,0.5951,0.5302,0.0831,0.6656,0.0273,5.4488,0.0269,0.0472,True,,3
20260627_024254,h=0.5,1130305.0,1130305.0,0.0,18.4448,15.9357,10.3666,10.17,60.0,"(32, 12)",40.0,256_4096_16,custom,gelu,0.7,0.2,0.1,cuda,Adam,"{'lr': 0.000334, 'betas': (0.9, 0.999), 'eps': 1e-08, 'weight_decay': 0, 'amsgrad': False, 'maximize': False, 'foreach': None, 'capturable': False, 'differentiable': False, 'fused': None, 'decoupled_weight_decay': False, 'initial_lr': 0.001}",MSELoss,True,-8.756,-4.9245,-2.7602,18.4691,15.9501,10.2531,4.0841,3.7112,2.8777,0.0571,3.8846,0.0791,0.6204,True,,3
20260627_024254,h=0.5,406593.0,406593.0,0.0,3.5645,2.8617,2.7121,10.12,60.0,"(32, 12)",40.0,64_4096_32,custom,gelu,0.7,0.2,0.1,cuda,Adam,"{'lr': 0.000334, 'betas': (0.9, 0.999), 'eps': 1e-08, 'weight_decay': 0, 'amsgrad': False, 'maximize': False, 'foreach': None, 'capturable': False, 'differentiable': False, 'fused': None, 'decoupled_weight_decay': False, 'initial_lr': 0.001}",MSELoss,True,-0.8907,-0.0634,-0.002,3.5793,2.8628,2.732,1.64,1.3947,1.3231,0.0546,4.5846,0.079,0.5655,True,,3
20260627_024254,h=0.5,74209.0,74209.0,0.0,1.3503,0.5966,5.2203,9.5,60.0,"(32, 12)",40.0,32_2048,custom,gelu,0.7,0.2,0.1,cuda,Adam,"{'lr': 0.000334, 'betas': (0.9, 0.999), 'eps': 1e-08, 'weight_decay': 0, 'amsgrad': False, 'maximize': False, 'foreach': None, 'capturable': False, 'differentiable': False, 'fused': None, 'decoupled_weight_decay': False, 'initial_lr': 0.001}",MSELoss,True,0.2904,0.7789,-0.9322,1.3434,0.5953,5.2686,0.8445,0.571,1.8006,0.0446,5.2559,0.0716,0.3782,True,,2
20260627_024254,h=0.5,1126785.0,1126785.0,0.0,0.4117,0.0055,0.8399,10.16,60.0,"(32, 12)",40.0,4096_128_4096,custom,gelu,0.7,0.2,0.1,cuda,Adam,"{'lr': 0.000334, 'betas': (0.9, 0.999), 'eps': 1e-08, 'weight_decay': 0, 'amsgrad': False, 'maximize': False, 'foreach': None, 'capturable': False, 'differentiable': False, 'fused': None, 'decoupled_weight_decay': False, 'initial_lr': 0.001}",MSELoss,True,0.7834,0.9979,0.6938,0.4101,0.0055,0.835,0.5245,0.0579,0.8942,0.0163,5.4487,0.0154,0.0935,True,,3
20260627_024254,h=0.5,103425.0,103425.0,0.0,0.6402,0.0052,1.7701,10.13,60.0,"(32, 12)",40.0,256_256_128,custom,gelu,0.7,0.2,0.1,cuda,Adam,"{'lr': 0.00099, 'betas': (0.9, 0.999), 'eps': 1e-08, 'weight_decay': 0, 'amsgrad': False, 'maximize': False, 'foreach': None, 'capturable': False, 'differentiable': False, 'fused': None, 'decoupled_weight_decay': False, 'initial_lr': 0.001}",MSELoss,True,0.6639,0.9981,0.3567,0.6363,0.0052,1.754,0.6115,0.0549,1.2698,0.0228,5.4544,0.0236,0.1455,True,,3
20260627_024254,h=0.5,19009.0,19009.0,0.0,0.4823,0.0043,0.7661,10.12,60.0,"(32, 12)",40.0,128_64_128,custom,gelu,0.7,0.2,0.1,cuda,Adam,"{'lr': 0.00099, 'betas': (0.9, 0.999), 'eps': 1e-08, 'weight_decay': 0, 'amsgrad': False, 'maximize': False, 'foreach': None, 'capturable': False, 'differentiable': False, 'fused': None, 'decoupled_weight_decay': False, 'initial_lr': 0.001}",MSELoss,True,0.7449,0.9984,0.7198,0.4829,0.0043,0.7641,0.6006,0.0513,0.8533,0.0148,5.4479,0.016,0.0948,True,,3
20260627_024254,h=0.5,564097.0,564097.0,0.0,2.7573,2.0923,2.5907,10.12,60.0,"(32, 12)",40.0,2048_256_32,custom,gelu,0.7,0.2,0.1,cuda,Adam,"{'lr': 0.000334, 'betas': (0.9, 0.999), 'eps': 1e-08, 'weight_decay': 0, 'amsgrad': False, 'maximize': False, 'foreach': None, 'capturable': False, 'differentiable': False, 'fused': None, 'decoupled_weight_decay': False, 'initial_lr': 0.001}",MSELoss,True,-0.4576,0.2214,-0.0064,2.7593,2.0962,2.7442,1.4159,1.1234,1.2859,0.0526,4.6075,0.0785,0.5535,True,,3
20260627_024254,h=0.5,203265.0,203265.0,0.0,0.4046,0.0172,1.089,10.19,60.0,"(32, 12)",40.0,256_256_512,custom,gelu,0.7,0.2,0.1,cuda,Adam,"{'lr': 0.000334, 'betas': (0.9, 0.999), 'eps': 1e-08, 'weight_decay': 0, 'amsgrad': False, 'maximize': False, 'foreach': None, 'capturable': False, 'differentiable': False, 'fused': None, 'decoupled_weight_decay': False, 'initial_lr': 0.001}",MSELoss,True,0.7862,0.9936,0.5938,0.4047,0.0172,1.1075,0.5374,0.0996,0.9856,0.0156,5.406,0.0246,0.0791,True,,3
20260627_024254,h=0.5,8587521.0,8587521.0,0.0,0.6717,0.3789,1.3808,17.92,60.0,"(32, 12)",40.0,4096_2048_64,custom,gelu,0.7,0.2,0.1,cuda,Adam,"{'lr': 0.000334, 'betas': (0.9, 0.999), 'eps': 1e-08, 'weight_decay': 0, 'amsgrad': False, 'maximize': False, 'foreach': None, 'capturable': False, 'differentiable': False, 'fused': None, 'decoupled_weight_decay': False, 'initial_lr': 0.001}",MSELoss,True,0.6494,0.8591,0.507,0.6637,0.3793,1.3443,0.644,0.4501,0.9632,0.0328,5.1518,0.0402,0.3671,True,,3
20260627_024254,h=0.5,45121.0,45121.0,0.0,0.469,0.0917,1.4828,10.14,60.0,"(32, 12)",40.0,128_64_512,custom,gelu,0.7,0.2,0.1,cuda,Adam,"{'lr': 0.000334, 'betas': (0.9, 0.999), 'eps': 1e-08, 'weight_decay': 0, 'amsgrad': False, 'maximize': False, 'foreach': None, 'capturable': False, 'differentiable': False, 'fused': None, 'decoupled_weight_decay': False, 'initial_lr': 0.001}",MSELoss,True,0.7514,0.9659,0.449,0.4706,0.0918,1.5023,0.5204,0.2338,1.0207,0.0258,5.3204,0.0392,0.1222,True,,3
20260627_024254,h=0.5,26481.0,26481.0,0.0,3.4736,3.3365,2.6395,10.15,60.0,"(32, 12)",40.0,16_512_32,custom,gelu,0.7,0.2,0.1,cuda,Adam,"{'lr': 0.000334, 'betas': (0.9, 0.999), 'eps': 1e-08, 'weight_decay': 0, 'amsgrad': False, 'maximize': False, 'foreach': None, 'capturable': False, 'differentiable': False, 'fused': None, 'decoupled_weight_decay': False, 'initial_lr': 0.001}",MSELoss,True,-0.8292,-0.2399,0.0041,3.4629,3.3381,2.7156,1.6129,1.5489,1.3226,0.0569,3.8848,0.0788,0.5939,True,,3
