config,amplitude,probability
000000000000,-0.999999999999625,0.9999999999992499
100000000000,-2.5000000003485857e-7,6.250000001742928e-14
010000000000,-2.499999999999375e-7,6.249999999996876e-14
110000000000,-6.250000000872248e-14,3.9062500010903095e-27
001000000000,-2.499999999999373e-7,6.249999999996866e-14
101000000000,-6.250000000872243e-14,3.906250001090304e-27
011000000000,-6.249999999999216e-14,3.9062499999990204e-27
111000000000,-1.5625000002182546e-20,2.4414062506820455e-40
000100000000,-2.499999999999375e-7,6.249999999996876e-14
100100000000,-6.250000000872248e-14,3.9062500010903095e-27
010100000000,-6.249999999999221e-14,3.906249999999026e-27
110100000000,-1.562500000218256e-20,2.4414062506820504e-40
001100000000,-6.249999999999216e-14,3.9062499999990204e-27
101100000000,-1.562500000218255e-20,2.4414062506820467e-40
011100000000,-1.5624999999999983e-20,2.4414062499999946e-40
111100000000,-3.906250000546128e-27,1.5258789066766625e-53
000010000000,-2.4999999999993726e-7,6.249999999996863e-14
100010000000,-6.250000000872241e-14,3.9062500010903016e-27
010010000000,-6.249999999999215e-14,3.906249999999018e-27
110010000000,-1.5625000002182546e-20,2.4414062506820455e-40
001010000000,-6.24999999999921e-14,3.9062499999990125e-27
101010000000,-1.5625000002182534e-20,2.441406250682042e-40
011010000000,-1.5624999999999968e-20,2.44140624999999e-40
111010000000,-3.906250000546124e-27,1.5258789066766593e-53
000110000000,-6.249999999999215e-14,3.906249999999018e-27
100110000000,-1.5625000002182546e-20,2.4414062506820455e-40
010110000000,-1.562499999999998e-20,2.4414062499999937e-40
110110000000,-3.9062500005461275e-27,1.525878906676662e-53
001110000000,-1.5624999999999968e-20,2.44140624999999e-40
101110000000,-3.9062500005461246e-27,1.5258789066766597e-53
011110000000,-3.9062500000004826e-27,1.525878906250377e-53
111110000000,-9.765625001366527e-34,9.536743166731498e-67
000001000000,-2.4999999999993726e-7,6.249999999996863e-14
100001000000,-6.25000000087224e-14,3.9062500010903e-27
010001000000,-6.249999999999215e-14,3.906249999999018e-27
110001000000,-1.562500000218255e-20,2.4414062506820467e-40
001001000000,-6.24999999999921e-14,3.9062499999990125e-27
101001000000,-1.5625000002182534e-20,2.441406250682042e-40
011001000000,-1.5624999999999968e-20,2.44140624999999e-40
111001000000,-3.906250000546123e-27,1.5258789066766588e-53
000101000000,-6.249999999999215e-14,3.906249999999018e-27
100101000000,-1.562500000218255e-20,2.4414062506820467e-40
010101000000,-1.562499999999998e-20,2.4414062499999937e-40
110101000000,-3.906250000546127e-27,1.5258789066766616e-53
001101000000,-1.5624999999999968e-20,2.44140624999999e-40
101101000000,-3.906250000546124e-27,1.5258789066766593e-53
011101000000,-3.9062500000004826e-27,1.525878906250377e-53
111101000000,-9.765625001366529e-34,9.536743166731501e-67
000011000000,-6.249999999999208e-14,3.90624999999901e-27
100011000000,-1.562500000218253e-20,2.441406250682041e-40
010011000000,-1.5624999999999965e-20,2.4414062499999893e-40
110011000000,-3.906250000546123e-27,1.5258789066766588e-53
001011000000,-1.5624999999999953e-20,2.441406249999985e-40
101011000000,-3.90625000054612e-27,1.5258789066766565e-53
011011000000,-3.906250000000478e-27,1.5258789062503737e-53
111011000000,-9.765625001366518e-34,9.536743166731481e-67
000111000000,-1.5624999999999965e-20,2.4414062499999893e-40
100111000000,-3.906250000546123e-27,1.5258789066766588e-53
010111000000,-3.906250000000481e-27,1.525878906250376e-53
110111000000,-9.765625001366527e-34,9.536743166731498e-67
001111000000,-3.906250000000478e-27,1.5258789062503737e-53
101111000000,-9.76562500136652e-34,9.536743166731484e-67
011111000000,-9.765625000002414e-34,9.536743164067216e-67
111111000000,-2.441406250341935e-40,5.960464479208668e-80
000000100000,-2.4999999999993757e-7,6.249999999996879e-14
100000100000,-6.250000000872249e-14,3.9062500010903116e-27
010000100000,-6.249999999999222e-14,3.906249999999028e-27
110000100000,-1.562500000218257e-20,2.4414062506820532e-40
001000100000,-6.249999999999217e-14,3.906249999999022e-27
101000100000,-1.5625000002182558e-20,2.4414062506820496e-40
011000100000,-1.562499999999999e-20,2.4414062499999966e-40
111000100000,-3.9062500005461275e-27,1.525878906676662e-53
000100100000,-6.249999999999222e-14,3.906249999999028e-27
100100100000,-1.562500000218257e-20,2.4414062506820532e-40
010100100000,-1.5625000000000004e-20,2.4414062500000015e-40
110100100000,-3.906250000546131e-27,1.5258789066766648e-53
001100100000,-1.562499999999999e-20,2.4414062499999966e-40
101100100000,-3.906250000546128e-27,1.5258789066766625e-53
011100100000,-3.906250000000487e-27,1.5258789062503804e-53
111100100000,-9.765625001366542e-34,9.536743166731527e-67
000010100000,-6.249999999999216e-14,3.9062499999990204e-27
100010100000,-1.5625000002182552e-20,2.4414062506820475e-40
010010100000,-1.5624999999999986e-20,2.4414062499999958e-40
110010100000,-3.9062500005461275e-27,1.525878906676662e-53
001010100000,-1.5624999999999974e-20,2.4414062499999917e-40
101010100000,-3.9062500005461246e-27,1.5258789066766597e-53
011010100000,-3.9062500000004826e-27,1.525878906250377e-53
111010100000,-9.765625001366532e-34,9.536743166731508e-67
000110100000,-1.5624999999999986e-20,2.4414062499999958e-40
100110100000,-3.9062500005461275e-27,1.525878906676662e-53
010110100000,-3.9062500000004854e-27,1.5258789062503792e-53
110110100000,-9.76562500136654e-34,9.536743166731525e-67
001110100000,-3.9062500000004826e-27,1.525878906250377e-53
101110100000,-9.765625001366534e-34,9.536743166731511e-67
011110100000,-9.765625000002428e-34,9.536743164067242e-67
111110100000,-2.4414062503419376e-40,5.96046447920868e-80
000001100000,-6.249999999999216e-14,3.9062499999990204e-27
100001100000,-1.562500000218255e-20,2.4414062506820467e-40
010001100000,-1.5624999999999986e-20,2.4414062499999958e-40
110001100000,-3.906250000546128e-27,1.5258789066766625e-53
001001100000,-1.5624999999999974e-20,2.4414062499999917e-40
101001100000,-3.9062500005461246e-27,1.5258789066766597e-53
011001100000,-3.9062500000004826e-27,1.525878906250377e-53
111001100000,-9.765625001366529e-34,9.536743166731501e-67
000101100000,-1.5624999999999986e-20,2.4414062499999958e-40
100101100000,-3.906250000546128e-27,1.5258789066766625e-53
010101100000,-3.9062500000004854e-27,1.5258789062503792e-53
110101100000,-9.765625001366539e-34,9.536743166731521e-67
001101100000,-3.9062500000004826e-27,1.525878906250377e-53
101101100000,-9.765625001366532e-34,9.536743166731508e-67
011101100000,-9.765625000002428e-34,9.536743164067242e-67
111101100000,-2.441406250341938e-40,5.960464479208682e-80
000011100000,-1.562499999999997e-20,2.441406249999991e-40
100011100000,-3.906250000546124e-27,1.5258789066766593e-53
010011100000,-3.906250000000482e-27,1.5258789062503764e-53
110011100000,-9.765625001366529e-34,9.536743166731501e-67
001011100000,-3.906250000000479e-27,1.5258789062503741e-53
101011100000,-9.765625001366522e-34,9.536743166731488e-67
011011100000,-9.765625000002418e-34,9.536743164067223e-67
111011100000,-2.4414062503419356e-40,5.96046447920867e-80
000111100000,-3.906250000000482e-27,1.5258789062503764e-53
100111100000,-9.765625001366529e-34,9.536743166731501e-67
010111100000,-9.765625000002425e-34,9.536743164067236e-67
110111100000,-2.4414062503419376e-40,5.96046447920868e-80
001111100000,-9.765625000002418e-34,9.536743164067223e-67
101111100000,-2.441406250341936e-40,5.960464479208672e-80
011111100000,-2.4414062500009097e-40,5.960464477543504e-80
111111100000,-6.103515625855601e-47,3.7252902995063483e-93
000000010000,-2.499999999999377e-7,6.249999999996884e-14
100000010000,-6.250000000872249e-14,3.9062500010903116e-27
010000010000,-6.249999999999224e-14,3.90624999999903e-27
110000010000,-1.5625000002182573e-20,2.441406250682054e-40
001000010000,-6.249999999999219e-14,3.906249999999023e-27
101000010000,-1.562500000218256e-20,2.4414062506820504e-40
011000010000,-1.5624999999999995e-20,2.4414062499999986e-40
111000010000,-3.906250000546128e-27,1.5258789066766625e-53
000100010000,-6.249999999999224e-14,3.90624999999903e-27
100100010000,-1.5625000002182573e-20,2.441406250682054e-40
010100010000,-1.5625000000000007e-20,2.4414062500000023e-40
110100010000,-3.906250000546132e-27,1.5258789066766655e-53
001100010000,-1.5624999999999995e-20,2.4414062499999986e-40
101100010000,-3.906250000546129e-27,1.5258789066766632e-53
011100010000,-3.9062500000004876e-27,1.5258789062503809e-53
111100010000,-9.765625001366546e-34,9.536743166731534e-67
000010010000,-6.249999999999217e-14,3.906249999999022e-27
100010010000,-1.5625000002182558e-20,2.4414062506820496e-40
010010010000,-1.5624999999999992e-20,2.4414062499999974e-40
110010010000,-3.906250000546128e-27,1.5258789066766625e-53
001010010000,-1.562499999999998e-20,2.4414062499999937e-40
101010010000,-3.906250000546125e-27,1.5258789066766604e-53
011010010000,-3.906250000000484e-27,1.525878906250378e-53
111010010000,-9.765625001366535e-34,9.536743166731514e-67
000110010000,-1.5624999999999992e-20,2.4414062499999974e-40
100110010000,-3.906250000546128e-27,1.5258789066766625e-53
010110010000,-3.906250000000487e-27,1.5258789062503804e-53
110110010000,-9.765625001366544e-34,9.536743166731531e-67
001110010000,-3.906250000000484e-27,1.525878906250378e-53
101110010000,-9.765625001366537e-34,9.536743166731518e-67
011110010000,-9.765625000002432e-34,9.536743164067249e-67
111110010000,-2.4414062503419385e-40,5.960464479208684e-80
000001010000,-6.249999999999217e-14,3.906249999999022e-27
100001010000,-1.5625000002182555e-20,2.4414062506820483e-40
010001010000,-1.5624999999999992e-20,2.4414062499999974e-40
110001010000,-3.906250000546129e-27,1.5258789066766632e-53
001001010000,-1.562499999999998e-20,2.4414062499999937e-40
101001010000,-3.906250000546125e-27,1.5258789066766604e-53
011001010000,-3.906250000000484e-27,1.525878906250378e-53
111001010000,-9.765625001366534e-34,9.536743166731511e-67
000101010000,-1.5624999999999992e-20,2.4414062499999974e-40
100101010000,-3.906250000546129e-27,1.5258789066766632e-53
010101010000,-3.906250000000487e-27,1.5258789062503804e-53
110101010000,-9.765625001366542e-34,9.536743166731527e-67
001101010000,-3.906250000000484e-27,1.525878906250378e-53
101101010000,-9.765625001366535e-34,9.536743166731514e-67
011101010000,-9.765625000002432e-34,9.536743164067249e-67
111101010000,-2.441406250341939e-40,5.960464479208686e-80
000011010000,-1.5624999999999977e-20,2.441406249999993e-40
100011010000,-3.9062500005461246e-27,1.5258789066766597e-53
010011010000,-3.906250000000483e-27,1.5258789062503776e-53
110011010000,-9.765625001366534e-34,9.536743166731511e-67
001011010000,-3.90625000000048e-27,1.5258789062503748e-53
101011010000,-9.765625001366525e-34,9.536743166731494e-67
011011010000,-9.765625000002421e-34,9.536743164067229e-67
111011010000,-2.4414062503419364e-40,5.960464479208674e-80
000111010000,-3.906250000000483e-27,1.5258789062503776e-53
100111010000,-9.765625001366534e-34,9.536743166731511e-67
010111010000,-9.765625000002428e-34,9.536743164067242e-67
110111010000,-2.4414062503419385e-40,5.960464479208684e-80
001111010000,-9.765625000002421e-34,9.536743164067229e-67
101111010000,-2.441406250341937e-40,5.960464479208676e-80
011111010000,-2.4414062500009105e-40,5.960464477543509e-80
111111010000,-6.103515625855604e-47,3.725290299506352e-93
000000110000,-6.249999999999225e-14,3.906249999999031e-27
100000110000,-1.5625000002182576e-20,2.4414062506820553e-40
010000110000,-1.562500000000001e-20,2.441406250000003e-40
110000110000,-3.9062500005461346e-27,1.5258789066766676e-53
001000110000,-1.5624999999999998e-20,2.4414062499999994e-40
101000110000,-3.906250000546131e-27,1.5258789066766648e-53
011000110000,-3.906250000000489e-27,1.525878906250382e-53
111000110000,-9.765625001366544e-34,9.536743166731531e-67
000100110000,-1.562500000000001e-20,2.441406250000003e-40
100100110000,-3.9062500005461346e-27,1.5258789066766676e-53
010100110000,-3.9062500000004926e-27,1.5258789062503848e-53
110100110000,-9.765625001366552e-34,9.536743166731548e-67
001100110000,-3.906250000000489e-27,1.525878906250382e-53
101100110000,-9.765625001366546e-34,9.536743166731534e-67
011100110000,-9.765625000002442e-34,9.536743164067269e-67
111100110000,-2.4414062503419425e-40,5.960464479208704e-80
000010110000,-1.5624999999999995e-20,2.4414062499999986e-40
100010110000,-3.9062500005461296e-27,1.5258789066766637e-53
010010110000,-3.906250000000488e-27,1.5258789062503815e-53
110010110000,-9.765625001366544e-34,9.536743166731531e-67
001010110000,-3.9062500000004854e-27,1.5258789062503792e-53
101010110000,-9.765625001366537e-34,9.536743166731518e-67
011010110000,-9.765625000002432e-34,9.536743164067249e-67
111010110000,-2.4414062503419397e-40,5.96046447920869e-80
000110110000,-3.906250000000488e-27,1.5258789062503815e-53
100110110000,-9.765625001366544e-34,9.536743166731531e-67
010110110000,-9.765625000002438e-34,9.536743164067262e-67
110110110000,-2.441406250341942e-40,5.960464479208702e-80
001110110000,-9.765625000002432e-34,9.536743164067249e-67
101110110000,-2.44140625034194e-40,5.960464479208692e-80
011110110000,-2.441406250000914e-40,5.9604644775435245e-80
111110110000,-6.103515625855609e-47,3.725290299506359e-93
000001110000,-1.5624999999999995e-20,2.4414062499999986e-40
100001110000,-3.906250000546129e-27,1.5258789066766632e-53
010001110000,-3.906250000000488e-27,1.5258789062503815e-53
110001110000,-9.765625001366546e-34,9.536743166731534e-67
001001110000,-3.9062500000004854e-27,1.5258789062503792e-53
101001110000,-9.765625001366537e-34,9.536743166731518e-67
011001110000,-9.765625000002432e-34,9.536743164067249e-67
111001110000,-2.441406250341939e-40,5.960464479208686e-80
000101110000,-3.906250000000488e-27,1.5258789062503815e-53
100101110000,-9.765625001366546e-34,9.536743166731534e-67
010101110000,-9.765625000002438e-34,9.536743164067262e-67
110101110000,-2.4414062503419417e-40,5.9604644792087e-80
001101110000,-9.765625000002432e-34,9.536743164067249e-67
101101110000,-2.4414062503419397e-40,5.96046447920869e-80
011101110000,-2.441406250000914e-40,5.9604644775435245e-80
111101110000,-6.10351562585561e-47,3.7252902995063602e-93
000011110000,-3.906250000000485e-27,1.5258789062503788e-53
100011110000,-9.765625001366535e-34,9.536743166731514e-67
010011110000,-9.76562500000243e-34,9.536743164067246e-67
110011110000,-2.441406250341939e-40,5.960464479208686e-80
001011110000,-9.765625000002423e-34,9.536743164067232e-67
101011110000,-2.4414062503419372e-40,5.960464479208678e-80
011011110000,-2.4414062500009114e-40,5.9604644775435125e-80
111011110000,-6.103515625855605e-47,3.725290299506353e-93
000111110000,-9.76562500000243e-34,9.536743164067246e-67
100111110000,-2.441406250341939e-40,5.960464479208686e-80
010111110000,-2.441406250000913e-40,5.960464477543521e-80
110111110000,-6.103515625855609e-47,3.725290299506359e-93
001111110000,-2.4414062500009114e-40,5.9604644775435125e-80
101111110000,-6.103515625855606e-47,3.7252902995063543e-93
011111110000,-6.10351562500304e-47,3.7252902984656246e-93
111111110000,-1.5258789064640923e-53,2.328306437192054e-106
000000001000,-2.499999999999376e-7,6.249999999996881e-14
100000001000,-6.250000000872249e-14,3.9062500010903116e-27
010000001000,-6.249999999999224e-14,3.90624999999903e-27
110000001000,-1.5625000002182576e-20,2.4414062506820553e-40
001000001000,-6.249999999999217e-14,3.906249999999022e-27
101000001000,-1.5625000002182564e-20,2.441406250682051e-40
011000001000,-1.5624999999999998e-20,2.4414062499999994e-40
111000001000,-3.906250000546128e-27,1.5258789066766625e-53
000100001000,-6.249999999999224e-14,3.90624999999903e-27
100100001000,-1.5625000002182576e-20,2.4414062506820553e-40
010100001000,-1.562500000000001e-20,2.441406250000003e-40
110100001000,-3.9062500005461325e-27,1.525878906676666e-53
001100001000,-1.5624999999999998e-20,2.4414062499999994e-40
101100001000,-3.906250000546129e-27,1.5258789066766632e-53
011100001000,-3.9062500000004876e-27,1.5258789062503809e-53
111100001000,-9.765625001366546e-34,9.536743166731534e-67
000010001000,-6.249999999999216e-14,3.9062499999990204e-27
100010001000,-1.562500000218256e-20,2.4414062506820504e-40
010010001000,-1.5624999999999992e-20,2.4414062499999974e-40
110010001000,-3.906250000546128e-27,1.5258789066766625e-53
001010001000,-1.562499999999998e-20,2.4414062499999937e-40
101010001000,-3.906250000546125e-27,1.5258789066766604e-53
011010001000,-3.906250000000484e-27,1.525878906250378e-53
111010001000,-9.765625001366534e-34,9.536743166731511e-67
000110001000,-1.5624999999999992e-20,2.4414062499999974e-40
100110001000,-3.906250000546128e-27,1.5258789066766625e-53
010110001000,-3.906250000000487e-27,1.5258789062503804e-53
110110001000,-9.765625001366544e-34,9.536743166731531e-67
001110001000,-3.906250000000484e-27,1.525878906250378e-53
101110001000,-9.765625001366535e-34,9.536743166731514e-67
011110001000,-9.765625000002432e-34,9.536743164067249e-67
111110001000,-2.441406250341939e-40,5.960464479208686e-80
000001001000,-6.249999999999216e-14,3.9062499999990204e-27
100001001000,-1.5625000002182558e-20,2.4414062506820496e-40
010001001000,-1.5624999999999992e-20,2.4414062499999974e-40
110001001000,-3.906250000546129e-27,1.5258789066766632e-53
001001001000,-1.562499999999998e-20,2.4414062499999937e-40
101001001000,-3.906250000546125e-27,1.5258789066766604e-53
011001001000,-3.906250000000484e-27,1.525878906250378e-53
111001001000,-9.765625001366532e-34,9.536743166731508e-67
000101001000,-1.5624999999999992e-20,2.4414062499999974e-40
100101001000,-3.906250000546129e-27,1.5258789066766632e-53
010101001000,-3.906250000000487e-27,1.5258789062503804e-53
110101001000,-9.765625001366542e-34,9.536743166731527e-67
001101001000,-3.906250000000484e-27,1.525878906250378e-53
101101001000,-9.765625001366534e-34,9.536743166731511e-67
011101001000,-9.765625000002432e-34,9.536743164067249e-67
111101001000,-2.4414062503419393e-40,5.960464479208688e-80
000011001000,-1.5624999999999977e-20,2.441406249999993e-40
100011001000,-3.9062500005461246e-27,1.5258789066766597e-53
010011001000,-3.906250000000483e-27,1.5258789062503776e-53
110011001000,-9.765625001366532e-34,9.536743166731508e-67
001011001000,-3.9062500000004804e-27,1.5258789062503753e-53
101011001000,-9.765625001366525e-34,9.536743166731494e-67
011011001000,-9.76562500000242e-34,9.536743164067225e-67
111011001000,-2.4414062503419364e-40,5.960464479208674e-80
000111001000,-3.906250000000483e-27,1.5258789062503776e-53
100111001000,-9.765625001366532e-34,9.536743166731508e-67
010111001000,-9.765625000002428e-34,9.536743164067242e-67
110111001000,-2.441406250341939e-40,5.960464479208686e-80
001111001000,-9.76562500000242e-34,9.536743164067225e-67
101111001000,-2.441406250341937e-40,5.960464479208676e-80
011111001000,-2.4414062500009105e-40,5.960464477543509e-80
111111001000,-6.103515625855604e-47,3.725290299506352e-93
000000101000,-6.249999999999225e-14,3.906249999999031e-27
100000101000,-1.562500000218258e-20,2.441406250682056e-40
010000101000,-1.5625000000000013e-20,2.441406250000004e-40
110000101000,-3.9062500005461346e-27,1.5258789066766676e-53
001000101000,-1.5625e-20,2.4414062500000003e-40
101000101000,-3.906250000546131e-27,1.5258789066766648e-53
011000101000,-3.906250000000489e-27,1.525878906250382e-53
111000101000,-9.765625001366544e-34,9.536743166731531e-67
000100101000,-1.5625000000000013e-20,2.441406250000004e-40
100100101000,-3.9062500005461346e-27,1.5258789066766676e-53
010100101000,-3.9062500000004926e-27,1.5258789062503848e-53
110100101000,-9.765625001366552e-34,9.536743166731548e-67
001100101000,-3.906250000000489e-27,1.525878906250382e-53
101100101000,-9.765625001366546e-34,9.536743166731534e-67
011100101000,-9.765625000002442e-34,9.536743164067269e-67
111100101000,-2.4414062503419425e-40,5.960464479208704e-80
000010101000,-1.5624999999999998e-20,2.4414062499999994e-40
100010101000,-3.9062500005461296e-27,1.5258789066766637e-53
010010101000,-3.906250000000488e-27,1.5258789062503815e-53
110010101000,-9.765625001366544e-34,9.536743166731531e-67
001010101000,-3.9062500000004854e-27,1.5258789062503792e-53
101010101000,-9.765625001366535e-34,9.536743166731514e-67
011010101000,-9.765625000002432e-34,9.536743164067249e-67
111010101000,-2.44140625034194e-40,5.960464479208692e-80
000110101000,-3.906250000000488e-27,1.5258789062503815e-53
100110101000,-9.765625001366544e-34,9.536743166731531e-67
010110101000,-9.765625000002438e-34,9.536743164067262e-67
110110101000,-2.441406250341942e-40,5.960464479208702e-80
001110101000,-9.765625000002432e-34,9.536743164067249e-67
101110101000,-2.4414062503419405e-40,5.960464479208694e-80
011110101000,-2.4414062500009142e-40,5.960464477543527e-80
111110101000,-6.103515625855609e-47,3.725290299506359e-93
000001101000,-1.5624999999999998e-20,2.4414062499999994e-40
100001101000,-3.906250000546129e-27,1.5258789066766632e-53
010001101000,-3.906250000000488e-27,1.5258789062503815e-53
110001101000,-9.765625001366546e-34,9.536743166731534e-67
001001101000,-3.9062500000004854e-27,1.5258789062503792e-53
101001101000,-9.765625001366535e-34,9.536743166731514e-67
011001101000,-9.765625000002432e-34,9.536743164067249e-67
111001101000,-2.4414062503419393e-40,5.960464479208688e-80
000101101000,-3.906250000000488e-27,1.5258789062503815e-53
100101101000,-9.765625001366546e-34,9.536743166731534e-67
010101101000,-9.765625000002438e-34,9.536743164067262e-67
110101101000,-2.4414062503419417e-40,5.9604644792087e-80
001101101000,-9.765625000002432e-34,9.536743164067249e-67
101101101000,-2.44140625034194e-40,5.960464479208692e-80
011101101000,-2.4414062500009142e-40,5.960464477543527e-80
111101101000,-6.10351562585561e-47,3.7252902995063602e-93
000011101000,-3.906250000000485e-27,1.5258789062503788e-53
100011101000,-9.765625001366534e-34,9.536743166731511e-67
010011101000,-9.76562500000243e-34,9.536743164067246e-67
110011101000,-2.4414062503419393e-40,5.960464479208688e-80
001011101000,-9.765625000002421e-34,9.536743164067229e-67
101011101000,-2.4414062503419372e-40,5.960464479208678e-80
011011101000,-2.4414062500009114e-40,5.9604644775435125e-80
111011101000,-6.103515625855605e-47,3.725290299506353e-93
000111101000,-9.76562500000243e-34,9.536743164067246e-67
100111101000,-2.4414062503419393e-40,5.960464479208688e-80
010111101000,-2.441406250000913e-40,5.960464477543521e-80
110111101000,-6.103515625855609e-47,3.725290299506359e-93
001111101000,-2.4414062500009114e-40,5.9604644775435125e-80
101111101000,-6.103515625855606e-47,3.7252902995063543e-93
011111101000,-6.10351562500304e-47,3.7252902984656246e-93
111111101000,-1.5258789064640923e-53,2.328306437192054e-106
000000011000,-6.249999999999227e-14,3.906249999999034e-27
100000011000,-1.562500000218258e-20,2.441406250682056e-40
010000011000,-1.5625000000000016e-20,2.441406250000005e-40
110000011000,-3.906250000546135e-27,1.5258789066766683e-53
001000011000,-1.5625000000000004e-20,2.4414062500000015e-40
101000011000,-3.9062500005461325e-27,1.525878906676666e-53
011000011000,-3.9062500000004904e-27,1.5258789062503832e-53
111000011000,-9.765625001366546e-34,9.536743166731534e-67
000100011000,-1.5625000000000016e-20,2.441406250000005e-40
100100011000,-3.906250000546135e-27,1.5258789066766683e-53
010100011000,-3.906250000000493e-27,1.5258789062503855e-53
110100011000,-9.765625001366554e-34,9.536743166731551e-67
001100011000,-3.9062500000004904e-27,1.5258789062503832e-53
101100011000,-9.765625001366547e-34,9.536743166731538e-67
011100011000,-9.765625000002444e-34,9.536743164067273e-67
111100011000,-2.4414062503419433e-40,5.960464479208708e-80
000010011000,-1.5625e-20,2.4414062500000003e-40
100010011000,-3.906250000546131e-27,1.5258789066766648e-53
010010011000,-3.90625000000049e-27,1.5258789062503827e-53
110010011000,-9.765625001366546e-34,9.536743166731534e-67
001010011000,-3.906250000000487e-27,1.5258789062503804e-53
101010011000,-9.765625001366539e-34,9.536743166731521e-67
011010011000,-9.765625000002435e-34,9.536743164067256e-67
111010011000,-2.441406250341941e-40,5.960464479208696e-80
000110011000,-3.90625000000049e-27,1.5258789062503827e-53
100110011000,-9.765625001366546e-34,9.536743166731534e-67
010110011000,-9.765625000002442e-34,9.536743164067269e-67
110110011000,-2.441406250341943e-40,5.9604644792087054e-80
001110011000,-9.765625000002435e-34,9.536743164067256e-67
101110011000,-2.4414062503419413e-40,5.960464479208698e-80
011110011000,-2.441406250000915e-40,5.9604644775435305e-80
111110011000,-6.103515625855611e-47,3.7252902995063615e-93
000001011000,-1.5625e-20,2.4414062500000003e-40
100001011000,-3.90625000054613e-27,1.5258789066766644e-53
010001011000,-3.90625000000049e-27,1.5258789062503827e-53
110001011000,-9.765625001366547e-34,9.536743166731538e-67
001001011000,-3.906250000000487e-27,1.5258789062503804e-53
101001011000,-9.765625001366539e-34,9.536743166731521e-67
011001011000,-9.765625000002435e-34,9.536743164067256e-67
111001011000,-2.4414062503419405e-40,5.960464479208694e-80
000101011000,-3.90625000000049e-27,1.5258789062503827e-53
100101011000,-9.765625001366547e-34,9.536743166731538e-67
010101011000,-9.765625000002442e-34,9.536743164067269e-67
110101011000,-2.4414062503419425e-40,5.960464479208704e-80
001101011000,-9.765625000002435e-34,9.536743164067256e-67
101101011000,-2.441406250341941e-40,5.960464479208696e-80
011101011000,-2.441406250000915e-40,5.9604644775435305e-80
111101011000,-6.103515625855612e-47,3.7252902995063628e-93
000011011000,-3.906250000000486e-27,1.5258789062503797e-53
100011011000,-9.765625001366535e-34,9.536743166731514e-67
010011011000,-9.765625000002433e-34,9.536743164067253e-67
110011011000,-2.4414062503419405e-40,5.960464479208694e-80
001011011000,-9.765625000002425e-34,9.536743164067236e-67
101011011000,-2.4414062503419385e-40,5.960464479208684e-80
011011011000,-2.441406250000912e-40,5.960464477543516e-80
111011011000,-6.1035156258556065e-47,3.7252902995063555e-93
000111011000,-9.765625000002433e-34,9.536743164067253e-67
100111011000,-2.4414062503419405e-40,5.960464479208694e-80
010111011000,-2.4414062500009142e-40,5.960464477543527e-80
110111011000,-6.103515625855611e-47,3.7252902995063615e-93
001111011000,-2.441406250000912e-40,5.960464477543516e-80
101111011000,-6.103515625855607e-47,3.725290299506357e-93
011111011000,-6.103515625003042e-47,3.725290298465627e-93
111111011000,-1.525878906464093e-53,2.3283064371920565e-106
000000111000,-1.562500000000002e-20,2.441406250000006e-40
100000111000,-3.906250000546136e-27,1.5258789066766688e-53
010000111000,-3.906250000000494e-27,1.525878906250386e-53
110000111000,-9.765625001366561e-34,9.536743166731564e-67
001000111000,-3.906250000000491e-27,1.5258789062503836e-53
101000111000,-9.765625001366552e-34,9.536743166731548e-67
011000111000,-9.765625000002447e-34,9.536743164067279e-67
111000111000,-2.441406250341943e-40,5.9604644792087054e-80
000100111000,-3.906250000000494e-27,1.525878906250386e-53
100100111000,-9.765625001366561e-34,9.536743166731564e-67
010100111000,-9.765625000002455e-34,9.536743164067296e-67
110100111000,-2.441406250341945e-40,5.960464479208716e-80
001100111000,-9.765625000002447e-34,9.536743164067279e-67
101100111000,-2.4414062503419433e-40,5.960464479208708e-80
011100111000,-2.4414062500009175e-40,5.9604644775435425e-80
111100111000,-6.103515625855621e-47,3.7252902995063734e-93
000010111000,-3.9062500000004904e-27,1.5258789062503832e-53
100010111000,-9.765625001366549e-34,9.536743166731542e-67
010010111000,-9.765625000002445e-34,9.536743164067275e-67
110010111000,-2.441406250341943e-40,5.9604644792087054e-80
001010111000,-9.765625000002438e-34,9.536743164067262e-67
101010111000,-2.4414062503419413e-40,5.960464479208698e-80
011010111000,-2.441406250000915e-40,5.9604644775435305e-80
111010111000,-6.103515625855614e-47,3.725290299506365e-93
000110111000,-9.765625000002445e-34,9.536743164067275e-67
100110111000,-2.441406250341943e-40,5.9604644792087054e-80
010110111000,-2.4414062500009167e-40,5.960464477543539e-80
110110111000,-6.10351562585562e-47,3.725290299506372e-93
001110111000,-2.441406250000915e-40,5.9604644775435305e-80
101110111000,-6.103515625855615e-47,3.725290299506366e-93
011110111000,-6.1035156250030495e-47,3.7252902984656365e-93
111110111000,-1.5258789064640944e-53,2.3283064371920604e-106
000001111000,-3.9062500000004904e-27,1.5258789062503832e-53
100001111000,-9.765625001366547e-34,9.536743166731538e-67
010001111000,-9.765625000002445e-34,9.536743164067275e-67
110001111000,-2.4414062503419433e-40,5.960464479208708e-80
001001111000,-9.765625000002438e-34,9.536743164067262e-67
101001111000,-2.4414062503419413e-40,5.960464479208698e-80
011001111000,-2.441406250000915e-40,5.9604644775435305e-80
111001111000,-6.103515625855612e-47,3.7252902995063628e-93
000101111000,-9.765625000002445e-34,9.536743164067275e-67
100101111000,-2.4414062503419433e-40,5.960464479208708e-80
010101111000,-2.4414062500009167e-40,5.960464477543539e-80
110101111000,-6.103515625855619e-47,3.725290299506371e-93
001101111000,-2.441406250000915e-40,5.9604644775435305e-80
101101111000,-6.103515625855614e-47,3.725290299506365e-93
011101111000,-6.1035156250030495e-47,3.7252902984656365e-93
111101111000,-1.5258789064640946e-53,2.3283064371920614e-106
000011111000,-9.765625000002437e-34,9.53674316406726e-67
100011111000,-2.441406250341941e-40,5.960464479208696e-80
010011111000,-2.4414062500009146e-40,5.960464477543528e-80
110011111000,-6.103515625855612e-47,3.7252902995063628e-93
001011111000,-2.4414062500009126e-40,5.9604644775435185e-80
101011111000,-6.103515625855608e-47,3.725290299506358e-93
011011111000,-6.103515625003044e-47,3.7252902984656297e-93
111011111000,-1.5258789064640933e-53,2.328306437192057e-106
000111111000,-2.4414062500009146e-40,5.960464477543528e-80
100111111000,-6.103515625855612e-47,3.7252902995063628e-93
010111111000,-6.103515625003048e-47,3.7252902984656344e-93
110111111000,-1.5258789064640944e-53,2.3283064371920604e-106
001111111000,-6.103515625003044e-47,3.7252902984656297e-93
101111111000,-1.5258789064640935e-53,2.328306437192058e-106
011111111000,-1.525878906250952e-53,2.328306436541602e-106
111111111000,-3.8146972661607095e-60,1.455191523245399e-119
000000000100,-2.499999999999375e-7,6.249999999996876e-14
100000000100,-6.250000000872247e-14,3.906250001090308e-27
010000000100,-6.24999999999922e-14,3.906249999999025e-27
110000000100,-1.562500000218257e-20,2.4414062506820532e-40
001000000100,-6.249999999999215e-14,3.906249999999018e-27
101000000100,-1.5625000002182558e-20,2.4414062506820496e-40
011000000100,-1.5624999999999992e-20,2.4414062499999974e-40
111000000100,-3.906250000546126e-27,1.525878906676661e-53
000100000100,-6.24999999999922e-14,3.906249999999025e-27
100100000100,-1.562500000218257e-20,2.4414062506820532e-40
010100000100,-1.5625000000000004e-20,2.4414062500000015e-40
110100000100,-3.9062500005461296e-27,1.5258789066766637e-53
001100000100,-1.5624999999999992e-20,2.4414062499999974e-40
101100000100,-3.906250000546127e-27,1.5258789066766616e-53
011100000100,-3.9062500000004854e-27,1.5258789062503792e-53
111100000100,-9.76562500136654e-34,9.536743166731525e-67
000010000100,-6.249999999999214e-14,3.906249999999017e-27
100010000100,-1.5625000002182555e-20,2.4414062506820483e-40
010010000100,-1.562499999999999e-20,2.4414062499999966e-40
110010000100,-3.906250000546126e-27,1.525878906676661e-53
001010000100,-1.5624999999999977e-20,2.441406249999993e-40
101010000100,-3.906250000546123e-27,1.5258789066766588e-53
011010000100,-3.906250000000481e-27,1.525878906250376e-53
111010000100,-9.76562500136653e-34,9.536743166731505e-67
000110000100,-1.562499999999999e-20,2.4414062499999966e-40
100110000100,-3.906250000546126e-27,1.525878906676661e-53
010110000100,-3.906250000000485e-27,1.5258789062503788e-53
110110000100,-9.765625001366539e-34,9.536743166731521e-67
001110000100,-3.906250000000481e-27,1.525878906250376e-53
101110000100,-9.765625001366532e-34,9.536743166731508e-67
011110000100,-9.765625000002426e-34,9.536743164067238e-67
111110000100,-2.4414062503419372e-40,5.960464479208678e-80
000001000100,-6.249999999999214e-14,3.906249999999017e-27
100001000100,-1.5625000002182552e-20,2.4414062506820475e-40
010001000100,-1.562499999999999e-20,2.4414062499999966e-40
110001000100,-3.906250000546127e-27,1.5258789066766616e-53
001001000100,-1.5624999999999977e-20,2.441406249999993e-40
101001000100,-3.906250000546123e-27,1.5258789066766588e-53
011001000100,-3.906250000000481e-27,1.525878906250376e-53
111001000100,-9.765625001366527e-34,9.536743166731498e-67
000101000100,-1.562499999999999e-20,2.4414062499999966e-40
100101000100,-3.906250000546127e-27,1.5258789066766616e-53
010101000100,-3.906250000000485e-27,1.5258789062503788e-53
110101000100,-9.765625001366537e-34,9.536743166731518e-67
001101000100,-3.906250000000481e-27,1.525878906250376e-53
101101000100,-9.76562500136653e-34,9.536743166731505e-67
011101000100,-9.765625000002426e-34,9.536743164067238e-67
111101000100,-2.4414062503419376e-40,5.96046447920868e-80
000011000100,-1.562499999999997e-20,2.441406249999991e-40
100011000100,-3.9062500005461224e-27,1.5258789066766581e-53
010011000100,-3.9062500000004804e-27,1.5258789062503753e-53
110011000100,-9.765625001366527e-34,9.536743166731498e-67
001011000100,-3.9062500000004775e-27,1.525878906250373e-53
101011000100,-9.76562500136652e-34,9.536743166731484e-67
011011000100,-9.765625000002416e-34,9.536743164067219e-67
111011000100,-2.441406250341935e-40,5.960464479208668e-80
000111000100,-3.9062500000004804e-27,1.5258789062503753e-53
100111000100,-9.765625001366527e-34,9.536743166731498e-67
010111000100,-9.765625000002423e-34,9.536743164067232e-67
110111000100,-2.4414062503419372e-40,5.960464479208678e-80
001111000100,-9.765625000002416e-34,9.536743164067219e-67
101111000100,-2.4414062503419356e-40,5.96046447920867e-80
011111000100,-2.4414062500009093e-40,5.960464477543503e-80
111111000100,-6.1035156258556e-47,3.7252902995063475e-93
000000100100,-6.249999999999221e-14,3.906249999999026e-27
100000100100,-1.5625000002182573e-20,2.441406250682054e-40
010000100100,-1.5625000000000007e-20,2.4414062500000023e-40
110000100100,-3.906250000546132e-27,1.5258789066766655e-53
001000100100,-1.5624999999999995e-20,2.4414062499999986e-40
101000100100,-3.906250000546129e-27,1.5258789066766632e-53
011000100100,-3.906250000000487e-27,1.5258789062503804e-53
111000100100,-9.765625001366539e-34,9.536743166731521e-67
000100100100,-1.5625000000000007e-20,2.4414062500000023e-40
100100100100,-3.906250000546132e-27,1.5258789066766655e-53
010100100100,-3.9062500000004904e-27,1.5258789062503832e-53
110100100100,-9.765625001366547e-34,9.536743166731538e-67
001100100100,-3.906250000000487e-27,1.5258789062503804e-53
101100100100,-9.76562500136654e-34,9.536743166731525e-67
011100100100,-9.765625000002437e-34,9.53674316406726e-67
111100100100,-2.4414062503419413e-40,5.960464479208698e-80
000010100100,-1.5624999999999992e-20,2.4414062499999974e-40
100010100100,-3.9062500005461275e-27,1.525878906676662e-53
010010100100,-3.906250000000486e-27,1.5258789062503797e-53
110010100100,-9.765625001366539e-34,9.536743166731521e-67
001010100100,-3.906250000000483e-27,1.5258789062503776e-53
101010100100,-9.765625001366532e-34,9.536743166731508e-67
011010100100,-9.765625000002426e-34,9.536743164067238e-67
111010100100,-2.4414062503419385e-40,5.960464479208684e-80
000110100100,-3.906250000000486e-27,1.5258789062503797e-53
100110100100,-9.765625001366539e-34,9.536743166731521e-67
010110100100,-9.765625000002433e-34,9.536743164067253e-67
110110100100,-2.441406250341941e-40,5.960464479208696e-80
001110100100,-9.765625000002426e-34,9.536743164067238e-67
101110100100,-2.441406250341939e-40,5.960464479208686e-80
011110100100,-2.4414062500009126e-40,5.9604644775435185e-80
111110100100,-6.1035156258556065e-47,3.7252902995063555e-93
000001100100,-1.5624999999999992e-20,2.4414062499999974e-40
100001100100,-3.906250000546127e-27,1.5258789066766616e-53
010001100100,-3.906250000000486e-27,1.5258789062503797e-53
110001100100,-9.76562500136654e-34,9.536743166731525e-67
001001100100,-3.906250000000483e-27,1.5258789062503776e-53
101001100100,-9.765625001366532e-34,9.536743166731508e-67
011001100100,-9.765625000002426e-34,9.536743164067238e-67
111001100100,-2.4414062503419376e-40,5.96046447920868e-80
000101100100,-3.906250000000486e-27,1.5258789062503797e-53
100101100100,-9.76562500136654e-34,9.536743166731525e-67
010101100100,-9.765625000002433e-34,9.536743164067253e-67
110101100100,-2.4414062503419405e-40,5.960464479208694e-80
001101100100,-9.765625000002426e-34,9.536743164067238e-67
101101100100,-2.4414062503419385e-40,5.960464479208684e-80
011101100100,-2.4414062500009126e-40,5.9604644775435185e-80
111101100100,-6.103515625855607e-47,3.725290299506357e-93
000011100100,-3.9062500000004826e-27,1.525878906250377e-53
100011100100,-9.76562500136653e-34,9.536743166731505e-67
010011100100,-9.765625000002425e-34,9.536743164067236e-67
110011100100,-2.4414062503419376e-40,5.96046447920868e-80
001011100100,-9.765625000002418e-34,9.536743164067223e-67
101011100100,-2.441406250341936e-40,5.960464479208672e-80
011011100100,-2.44140625000091e-40,5.9604644775435065e-80
111011100100,-6.103515625855601e-47,3.7252902995063483e-93
000111100100,-9.765625000002425e-34,9.536743164067236e-67
100111100100,-2.4414062503419376e-40,5.96046447920868e-80
010111100100,-2.4414062500009118e-40,5.960464477543515e-80
110111100100,-6.1035156258556065e-47,3.7252902995063555e-93
001111100100,-2.44140625000091e-40,5.9604644775435065e-80
101111100100,-6.103515625855603e-47,3.725290299506351e-93
011111100100,-6.103515625003037e-47,3.725290298465621e-93
111111100100,-1.5258789064640914e-53,2.328306437192051e-106
000000010100,-6.249999999999225e-14,3.906249999999031e-27
100000010100,-1.5625000002182573e-20,2.441406250682054e-40
010000010100,-1.562500000000001e-20,2.441406250000003e-40
110000010100,-3.9062500005461325e-27,1.525878906676666e-53
001000010100,-1.5624999999999998e-20,2.4414062499999994e-40
101000010100,-3.9062500005461296e-27,1.5258789066766637e-53
011000010100,-3.906250000000488e-27,1.5258789062503815e-53
111000010100,-9.76562500136654e-34,9.536743166731525e-67
000100010100,-1.562500000000001e-20,2.441406250000003e-40
100100010100,-3.9062500005461325e-27,1.525878906676666e-53
010100010100,-3.906250000000491e-27,1.5258789062503836e-53
110100010100,-9.765625001366549e-34,9.536743166731542e-67
001100010100,-3.906250000000488e-27,1.5258789062503815e-53
101100010100,-9.765625001366542e-34,9.536743166731527e-67
011100010100,-9.765625000002438e-34,9.536743164067262e-67
111100010100,-2.441406250341942e-40,5.960464479208702e-80
000010010100,-1.5624999999999995e-20,2.4414062499999986e-40
100010010100,-3.906250000546129e-27,1.5258789066766632e-53
010010010100,-3.9062500000004876e-27,1.5258789062503809e-53
110010010100,-9.76562500136654e-34,9.536743166731525e-67
001010010100,-3.906250000000485e-27,1.5258789062503788e-53
101010010100,-9.765625001366534e-34,9.536743166731511e-67
011010010100,-9.76562500000243e-34,9.536743164067246e-67
111010010100,-2.4414062503419393e-40,5.960464479208688e-80
000110010100,-3.9062500000004876e-27,1.5258789062503809e-53
100110010100,-9.76562500136654e-34,9.536743166731525e-67
010110010100,-9.765625000002437e-34,9.53674316406726e-67
110110010100,-2.4414062503419417e-40,5.9604644792087e-80
001110010100,-9.76562500000243e-34,9.536743164067246e-67
101110010100,-2.4414062503419397e-40,5.96046447920869e-80
011110010100,-2.4414062500009134e-40,5.960464477543522e-80
111110010100,-6.103515625855608e-47,3.725290299506358e-93
000001010100,-1.5624999999999995e-20,2.4414062499999986e-40
100001010100,-3.906250000546128e-27,1.5258789066766625e-53
010001010100,-3.9062500000004876e-27,1.5258789062503809e-53
110001010100,-9.765625001366542e-34,9.536743166731527e-67
001001010100,-3.906250000000485e-27,1.5258789062503788e-53
101001010100,-9.765625001366534e-34,9.536743166731511e-67
011001010100,-9.76562500000243e-34,9.536743164067246e-67
111001010100,-2.441406250341939e-40,5.960464479208686e-80
000101010100,-3.9062500000004876e-27,1.5258789062503809e-53
100101010100,-9.765625001366542e-34,9.536743166731527e-67
010101010100,-9.765625000002437e-34,9.53674316406726e-67
110101010100,-2.4414062503419413e-40,5.960464479208698e-80
001101010100,-9.76562500000243e-34,9.536743164067246e-67
101101010100,-2.4414062503419393e-40,5.960464479208688e-80
011101010100,-2.4414062500009134e-40,5.960464477543522e-80
111101010100,-6.103515625855609e-47,3.725290299506359e-93
000011010100,-3.906250000000484e-27,1.525878906250378e-53
100011010100,-9.765625001366532e-34,9.536743166731508e-67
010011010100,-9.765625000002428e-34,9.536743164067242e-67
110011010100,-2.441406250341939e-40,5.960464479208686e-80
001011010100,-9.76562500000242e-34,9.536743164067225e-67
101011010100,-2.441406250341937e-40,5.960464479208676e-80
011011010100,-2.441406250000911e-40,5.96046447754351e-80
111011010100,-6.103515625855604e-47,3.725290299506352e-93
000111010100,-9.765625000002428e-34,9.536743164067242e-67
100111010100,-2.441406250341939e-40,5.960464479208686e-80
010111010100,-2.4414062500009126e-40,5.9604644775435185e-80
110111010100,-6.103515625855608e-47,3.725290299506358e-93
001111010100,-2.441406250000911e-40,5.96046447754351e-80
101111010100,-6.103515625855605e-47,3.725290299506353e-93
011111010100,-6.103515625003039e-47,3.7252902984656237e-93
111111010100,-1.525878906464092e-53,2.3283064371920536e-106
000000110100,-1.5625000000000013e-20,2.441406250000004e-40
100000110100,-3.906250000546133e-27,1.5258789066766665e-53
010000110100,-3.906250000000492e-27,1.5258789062503843e-53
110000110100,-9.765625001366556e-34,9.536743166731555e-67
001000110100,-3.906250000000489e-27,1.525878906250382e-53
101000110100,-9.765625001366547e-34,9.536743166731538e-67
011000110100,-9.765625000002442e-34,9.536743164067269e-67
111000110100,-2.4414062503419417e-40,5.9604644792087e-80
000100110100,-3.906250000000492e-27,1.5258789062503843e-53
100100110100,-9.765625001366556e-34,9.536743166731555e-67
010100110100,-9.765625000002452e-34,9.53674316406729e-67
110100110100,-2.4414062503419438e-40,5.96046447920871e-80
001100110100,-9.765625000002442e-34,9.536743164067269e-67
101100110100,-2.441406250341942e-40,5.960464479208702e-80
011100110100,-2.4414062500009163e-40,5.9604644775435365e-80
111100110100,-6.103515625855618e-47,3.72529029950637e-93
000010110100,-3.906250000000488e-27,1.5258789062503815e-53
100010110100,-9.765625001366544e-34,9.536743166731531e-67
010010110100,-9.76562500000244e-34,9.536743164067266e-67
110010110100,-2.4414062503419417e-40,5.9604644792087e-80
001010110100,-9.765625000002433e-34,9.536743164067253e-67
101010110100,-2.4414062503419397e-40,5.96046447920869e-80
011010110100,-2.4414062500009134e-40,5.960464477543522e-80
111010110100,-6.103515625855611e-47,3.7252902995063615e-93
000110110100,-9.76562500000244e-34,9.536743164067266e-67
100110110100,-2.4414062503419417e-40,5.9604644792087e-80
010110110100,-2.441406250000915e-40,5.9604644775435305e-80
110110110100,-6.103515625855617e-47,3.7252902995063687e-93
001110110100,-2.4414062500009134e-40,5.960464477543522e-80
101110110100,-6.103515625855612e-47,3.7252902995063628e-93
011110110100,-6.103515625003047e-47,3.725290298465633e-93
111110110100,-1.5258789064640935e-53,2.328306437192058e-106
000001110100,-3.906250000000488e-27,1.5258789062503815e-53
100001110100,-9.765625001366542e-34,9.536743166731527e-67
010001110100,-9.76562500000244e-34,9.536743164067266e-67
110001110100,-2.441406250341942e-40,5.960464479208702e-80
001001110100,-9.765625000002433e-34,9.536743164067253e-67
101001110100,-2.4414062503419397e-40,5.96046447920869e-80
011001110100,-2.4414062500009134e-40,5.960464477543522e-80
111001110100,-6.103515625855609e-47,3.725290299506359e-93
000101110100,-9.76562500000244e-34,9.536743164067266e-67
100101110100,-2.441406250341942e-40,5.960464479208702e-80
010101110100,-2.441406250000915e-40,5.9604644775435305e-80
110101110100,-6.103515625855616e-47,3.7252902995063675e-93
001101110100,-2.4414062500009134e-40,5.960464477543522e-80
101101110100,-6.103515625855611e-47,3.7252902995063615e-93
011101110100,-6.103515625003047e-47,3.725290298465633e-93
111101110100,-1.5258789064640937e-53,2.3283064371920585e-106
000011110100,-9.765625000002432e-34,9.536743164067249e-67
100011110100,-2.4414062503419393e-40,5.960464479208688e-80
010011110100,-2.441406250000913e-40,5.960464477543521e-80
110011110100,-6.103515625855609e-47,3.725290299506359e-93
001011110100,-2.4414062500009114e-40,5.9604644775435125e-80
101011110100,-6.103515625855606e-47,3.7252902995063543e-93
011011110100,-6.103515625003041e-47,3.725290298465626e-93
111011110100,-1.5258789064640923e-53,2.328306437192054e-106
000111110100,-2.441406250000913e-40,5.960464477543521e-80
100111110100,-6.103515625855609e-47,3.725290299506359e-93
010111110100,-6.103515625003045e-47,3.7252902984656305e-93
110111110100,-1.5258789064640935e-53,2.328306437192058e-106
001111110100,-6.103515625003041e-47,3.725290298465626e-93
101111110100,-1.5258789064640926e-53,2.328306437192055e-106
011111110100,-1.5258789062509511e-53,2.328306436541599e-106
111111110100,-3.814697266160708e-60,1.455191523245398e-119
000000001100,-6.249999999999222e-14,3.906249999999028e-27
100000001100,-1.5625000002182573e-20,2.441406250682054e-40
010000001100,-1.562500000000001e-20,2.441406250000003e-40
110000001100,-3.906250000546133e-27,1.5258789066766665e-53
001000001100,-1.5624999999999995e-20,2.4414062499999986e-40
101000001100,-3.90625000054613e-27,1.5258789066766644e-53
011000001100,-3.906250000000489e-27,1.525878906250382e-53
111000001100,-9.76562500136654e-34,9.536743166731525e-67
000100001100,-1.562500000000001e-20,2.441406250000003e-40
100100001100,-3.906250000546133e-27,1.5258789066766665e-53
010100001100,-3.906250000000492e-27,1.5258789062503843e-53
110100001100,-9.76562500136655e-34,9.536743166731544e-67
001100001100,-3.906250000000489e-27,1.525878906250382e-53
101100001100,-9.765625001366542e-34,9.536743166731527e-67
011100001100,-9.765625000002438e-34,9.536743164067262e-67
111100001100,-2.441406250341942e-40,5.960464479208702e-80
000010001100,-1.5624999999999992e-20,2.4414062499999974e-40
100010001100,-3.9062500005461296e-27,1.5258789066766637e-53
010010001100,-3.9062500000004876e-27,1.5258789062503809e-53
110010001100,-9.76562500136654e-34,9.536743166731525e-67
001010001100,-3.906250000000485e-27,1.5258789062503788e-53
101010001100,-9.765625001366534e-34,9.536743166731511e-67
011010001100,-9.76562500000243e-34,9.536743164067246e-67
111010001100,-2.441406250341939e-40,5.960464479208686e-80
000110001100,-3.9062500000004876e-27,1.5258789062503809e-53
100110001100,-9.76562500136654e-34,9.536743166731525e-67
010110001100,-9.765625000002437e-34,9.53674316406726e-67
110110001100,-2.4414062503419417e-40,5.9604644792087e-80
001110001100,-9.76562500000243e-34,9.536743164067246e-67
101110001100,-2.4414062503419393e-40,5.960464479208688e-80
011110001100,-2.4414062500009134e-40,5.960464477543522e-80
111110001100,-6.103515625855609e-47,3.725290299506359e-93
000001001100,-1.5624999999999992e-20,2.4414062499999974e-40
100001001100,-3.906250000546129e-27,1.5258789066766632e-53
010001001100,-3.9062500000004876e-27,1.5258789062503809e-53
110001001100,-9.765625001366542e-34,9.536743166731527e-67
001001001100,-3.906250000000485e-27,1.5258789062503788e-53
101001001100,-9.765625001366534e-34,9.536743166731511e-67
011001001100,-9.76562500000243e-34,9.536743164067246e-67
111001001100,-2.4414062503419385e-40,5.960464479208684e-80
000101001100,-3.9062500000004876e-27,1.5258789062503809e-53
100101001100,-9.765625001366542e-34,9.536743166731527e-67
010101001100,-9.765625000002437e-34,9.53674316406726e-67
110101001100,-2.4414062503419413e-40,5.960464479208698e-80
001101001100,-9.76562500000243e-34,9.536743164067246e-67
101101001100,-2.441406250341939e-40,5.960464479208686e-80
011101001100,-2.4414062500009134e-40,5.960464477543522e-80
111101001100,-6.10351562585561e-47,3.7252902995063602e-93
000011001100,-3.906250000000484e-27,1.525878906250378e-53
100011001100,-9.765625001366532e-34,9.536743166731508e-67
010011001100,-9.765625000002428e-34,9.536743164067242e-67
110011001100,-2.4414062503419385e-40,5.960464479208684e-80
001011001100,-9.765625000002421e-34,9.536743164067229e-67
101011001100,-2.441406250341937e-40,5.960464479208676e-80
011011001100,-2.4414062500009105e-40,5.960464477543509e-80
111011001100,-6.103515625855604e-47,3.725290299506352e-93
000111001100,-9.765625000002428e-34,9.536743164067242e-67
100111001100,-2.4414062503419385e-40,5.960464479208684e-80
010111001100,-2.4414062500009126e-40,5.9604644775435185e-80
110111001100,-6.103515625855609e-47,3.725290299506359e-93
001111001100,-2.4414062500009105e-40,5.960464477543509e-80
101111001100,-6.103515625855605e-47,3.725290299506353e-93
011111001100,-6.103515625003039e-47,3.7252902984656237e-93
111111001100,-1.525878906464092e-53,2.3283064371920536e-106
000000101100,-1.5625000000000013e-20,2.441406250000004e-40
100000101100,-3.9062500005461346e-27,1.5258789066766676e-53
010000101100,-3.9062500000004926e-27,1.5258789062503848e-53
110000101100,-9.765625001366556e-34,9.536743166731555e-67
001000101100,-3.90625000000049e-27,1.5258789062503827e-53
101000101100,-9.765625001366547e-34,9.536743166731538e-67
011000101100,-9.765625000002442e-34,9.536743164067269e-67
111000101100,-2.4414062503419417e-40,5.9604644792087e-80
000100101100,-3.9062500000004926e-27,1.5258789062503848e-53
100100101100,-9.765625001366556e-34,9.536743166731555e-67
010100101100,-9.765625000002452e-34,9.53674316406729e-67
110100101100,-2.4414062503419438e-40,5.96046447920871e-80
001100101100,-9.765625000002442e-34,9.536743164067269e-67
101100101100,-2.441406250341942e-40,5.960464479208702e-80
011100101100,-2.4414062500009163e-40,5.9604644775435365e-80
111100101100,-6.103515625855618e-47,3.72529029950637e-93
000010101100,-3.906250000000489e-27,1.525878906250382e-53
100010101100,-9.765625001366544e-34,9.536743166731531e-67
010010101100,-9.76562500000244e-34,9.536743164067266e-67
110010101100,-2.4414062503419417e-40,5.9604644792087e-80
001010101100,-9.765625000002433e-34,9.536743164067253e-67
101010101100,-2.4414062503419393e-40,5.960464479208688e-80
011010101100,-2.4414062500009134e-40,5.960464477543522e-80
111010101100,-6.103515625855612e-47,3.7252902995063628e-93
000110101100,-9.76562500000244e-34,9.536743164067266e-67
100110101100,-2.4414062503419417e-40,5.9604644792087e-80
010110101100,-2.441406250000915e-40,5.9604644775435305e-80
110110101100,-6.103515625855617e-47,3.7252902995063687e-93
001110101100,-2.4414062500009134e-40,5.960464477543522e-80
101110101100,-6.103515625855613e-47,3.725290299506364e-93
011110101100,-6.103515625003048e-47,3.7252902984656344e-93
111110101100,-1.5258789064640935e-53,2.328306437192058e-106
000001101100,-3.906250000000489e-27,1.525878906250382e-53
100001101100,-9.765625001366542e-34,9.536743166731527e-67
010001101100,-9.76562500000244e-34,9.536743164067266e-67
110001101100,-2.441406250341942e-40,5.960464479208702e-80
001001101100,-9.765625000002433e-34,9.536743164067253e-67
101001101100,-2.4414062503419393e-40,5.960464479208688e-80
011001101100,-2.4414062500009134e-40,5.960464477543522e-80
111001101100,-6.10351562585561e-47,3.7252902995063602e-93
000101101100,-9.76562500000244e-34,9.536743164067266e-67
100101101100,-2.441406250341942e-40,5.960464479208702e-80
010101101100,-2.441406250000915e-40,5.9604644775435305e-80
110101101100,-6.103515625855616e-47,3.7252902995063675e-93
001101101100,-2.4414062500009134e-40,5.960464477543522e-80
101101101100,-6.103515625855612e-47,3.7252902995063628e-93
011101101100,-6.103515625003048e-47,3.7252902984656344e-93
111101101100,-1.5258789064640937e-53,2.3283064371920585e-106
000011101100,-9.765625000002432e-34,9.536743164067249e-67
100011101100,-2.441406250341939e-40,5.960464479208686e-80
010011101100,-2.441406250000913e-40,5.960464477543521e-80
110011101100,-6.10351562585561e-47,3.7252902995063602e-93
001011101100,-2.441406250000911e-40,5.96046447754351e-80
101011101100,-6.103515625855606e-47,3.7252902995063543e-93
011011101100,-6.103515625003041e-47,3.725290298465626e-93
111011101100,-1.5258789064640923e-53,2.328306437192054e-106
000111101100,-2.441406250000913e-40,5.960464477543521e-80
100111101100,-6.10351562585561e-47,3.7252902995063602e-93
010111101100,-6.103515625003045e-47,3.7252902984656305e-93
110111101100,-1.5258789064640935e-53,2.328306437192058e-106
001111101100,-6.103515625003041e-47,3.725290298465626e-93
101111101100,-1.5258789064640926e-53,2.328306437192055e-106
011111101100,-1.5258789062509511e-53,2.328306436541599e-106
111111101100,-3.814697266160708e-60,1.455191523245398e-119
000000011100,-1.562500000000002e-20,2.441406250000006e-40
100000011100,-3.9062500005461346e-27,1.5258789066766676e-53
010000011100,-3.906250000000493e-27,1.5258789062503855e-53
110000011100,-9.765625001366558e-34,9.536743166731558e-67
001000011100,-3.9062500000004904e-27,1.5258789062503832e-53
101000011100,-9.76562500136655e-34,9.536743166731544e-67
011000011100,-9.765625000002445e-34,9.536743164067275e-67
111000011100,-2.441406250341942e-40,5.960464479208702e-80
000100011100,-3.906250000000493e-27,1.5258789062503855e-53
100100011100,-9.765625001366558e-34,9.536743166731558e-67
010100011100,-9.765625000002454e-34,9.536743164067292e-67
110100011100,-2.441406250341944e-40,5.9604644792087114e-80
001100011100,-9.765625000002445e-34,9.536743164067275e-67
101100011100,-2.4414062503419425e-40,5.960464479208704e-80
011100011100,-2.4414062500009167e-40,5.960464477543539e-80
111100011100,-6.10351562585562e-47,3.725290299506372e-93
000010011100,-3.90625000000049e-27,1.5258789062503827e-53
100010011100,-9.765625001366547e-34,9.536743166731538e-67
010010011100,-9.765625000002444e-34,9.536743164067273e-67
110010011100,-2.441406250341942e-40,5.960464479208702e-80
001010011100,-9.765625000002437e-34,9.53674316406726e-67
101010011100,-2.4414062503419405e-40,5.960464479208694e-80
011010011100,-2.4414062500009142e-40,5.960464477543527e-80
111010011100,-6.103515625855614e-47,3.725290299506365e-93
000110011100,-9.765625000002444e-34,9.536743164067273e-67
100110011100,-2.441406250341942e-40,5.960464479208702e-80
010110011100,-2.4414062500009163e-40,5.9604644775435365e-80
110110011100,-6.103515625855619e-47,3.725290299506371e-93
001110011100,-2.4414062500009142e-40,5.960464477543527e-80
101110011100,-6.103515625855615e-47,3.725290299506366e-93
011110011100,-6.1035156250030495e-47,3.7252902984656365e-93
111110011100,-1.525878906464094e-53,2.328306437192059e-106
000001011100,-3.90625000000049e-27,1.5258789062503827e-53
100001011100,-9.765625001366546e-34,9.536743166731534e-67
010001011100,-9.765625000002444e-34,9.536743164067273e-67
110001011100,-2.4414062503419425e-40,5.960464479208704e-80
001001011100,-9.765625000002437e-34,9.53674316406726e-67
101001011100,-2.4414062503419405e-40,5.960464479208694e-80
011001011100,-2.4414062500009142e-40,5.960464477543527e-80
111001011100,-6.103515625855613e-47,3.725290299506364e-93
000101011100,-9.765625000002444e-34,9.536743164067273e-67
100101011100,-2.4414062503419425e-40,5.960464479208704e-80
010101011100,-2.4414062500009163e-40,5.9604644775435365e-80
110101011100,-6.103515625855618e-47,3.72529029950637e-93
001101011100,-2.4414062500009142e-40,5.960464477543527e-80
101101011100,-6.103515625855614e-47,3.725290299506365e-93
011101011100,-6.1035156250030495e-47,3.7252902984656365e-93
111101011100,-1.5258789064640942e-53,2.32830643719206e-106
000011011100,-9.765625000002435e-34,9.536743164067256e-67
100011011100,-2.4414062503419393e-40,5.960464479208688e-80
010011011100,-2.441406250000914e-40,5.9604644775435245e-80
110011011100,-6.103515625855613e-47,3.725290299506364e-93
001011011100,-2.4414062500009118e-40,5.960464477543515e-80
101011011100,-6.103515625855608e-47,3.725290299506358e-93
011011011100,-6.103515625003043e-47,3.7252902984656284e-93
111011011100,-1.5258789064640928e-53,2.3283064371920556e-106
000111011100,-2.441406250000914e-40,5.9604644775435245e-80
100111011100,-6.103515625855613e-47,3.725290299506364e-93
010111011100,-6.103515625003048e-47,3.7252902984656344e-93
110111011100,-1.525878906464094e-53,2.328306437192059e-106
001111011100,-6.103515625003043e-47,3.7252902984656284e-93
101111011100,-1.525878906464093e-53,2.3283064371920565e-106
011111011100,-1.5258789062509516e-53,2.3283064365416005e-106
111111011100,-3.8146972661607095e-60,1.455191523245399e-119
000000111100,-3.906250000000494e-27,1.525878906250386e-53
100000111100,-9.76562500136656e-34,9.536743166731562e-67
010000111100,-9.765625000002455e-34,9.536743164067296e-67
110000111100,-2.4414062503419458e-40,5.9604644792087196e-80
001000111100,-9.765625000002447e-34,9.536743164067279e-67
101000111100,-2.4414062503419438e-40,5.96046447920871e-80
011000111100,-2.4414062500009175e-40,5.9604644775435425e-80
111000111100,-6.103515625855619e-47,3.725290299506371e-93
000100111100,-9.765625000002455e-34,9.536743164067296e-67
100100111100,-2.4414062503419458e-40,5.9604644792087196e-80
010100111100,-2.4414062500009195e-40,5.960464477543552e-80
110100111100,-6.103515625855625e-47,3.725290299506378e-93
001100111100,-2.4414062500009175e-40,5.9604644775435425e-80
101100111100,-6.10351562585562e-47,3.725290299506372e-93
011100111100,-6.103515625003056e-47,3.725290298465645e-93
111100111100,-1.5258789064640965e-53,2.328306437192067e-106
000010111100,-9.765625000002445e-34,9.536743164067275e-67
100010111100,-2.441406250341943e-40,5.9604644792087054e-80
010010111100,-2.441406250000917e-40,5.96046447754354e-80
110010111100,-6.103515625855619e-47,3.725290299506371e-93
001010111100,-2.441406250000915e-40,5.9604644775435305e-80
101010111100,-6.103515625855615e-47,3.725290299506366e-93
011010111100,-6.1035156250030495e-47,3.7252902984656365e-93
111010111100,-1.5258789064640949e-53,2.328306437192062e-106
000110111100,-2.441406250000917e-40,5.96046447754354e-80
100110111100,-6.103515625855619e-47,3.725290299506371e-93
010110111100,-6.103515625003053e-47,3.725290298465641e-93
110110111100,-1.5258789064640963e-53,2.328306437192066e-106
001110111100,-6.1035156250030495e-47,3.7252902984656365e-93
101110111100,-1.525878906464095e-53,2.328306437192063e-106
011110111100,-1.5258789062509537e-53,2.328306436541607e-106
111110111100,-3.814697266160713e-60,1.4551915232454018e-119
000001111100,-9.765625000002445e-34,9.536743164067275e-67
100001111100,-2.4414062503419425e-40,5.960464479208704e-80
010001111100,-2.441406250000917e-40,5.96046447754354e-80
110001111100,-6.10351562585562e-47,3.725290299506372e-93
001001111100,-2.441406250000915e-40,5.9604644775435305e-80
101001111100,-6.103515625855615e-47,3.725290299506366e-93
011001111100,-6.1035156250030495e-47,3.7252902984656365e-93
111001111100,-1.5258789064640942e-53,2.32830643719206e-106
000101111100,-2.441406250000917e-40,5.96046447754354e-80
100101111100,-6.10351562585562e-47,3.725290299506372e-93
010101111100,-6.103515625003053e-47,3.725290298465641e-93
110101111100,-1.525878906464096e-53,2.3283064371920657e-106
001101111100,-6.1035156250030495e-47,3.7252902984656365e-93
101101111100,-1.5258789064640949e-53,2.328306437192062e-106
011101111100,-1.5258789062509537e-53,2.328306436541607e-106
111101111100,-3.8146972661607134e-60,1.455191523245402e-119
000011111100,-2.4414062500009146e-40,5.960464477543528e-80
100011111100,-6.103515625855614e-47,3.725290299506365e-93
010011111100,-6.103515625003049e-47,3.7252902984656352e-93
110011111100,-1.5258789064640942e-53,2.32830643719206e-106
001011111100,-6.103515625003044e-47,3.7252902984656297e-93
101011111100,-1.5258789064640933e-53,2.328306437192057e-106
011011111100,-1.525878906250952e-53,2.328306436541602e-106
111011111100,-3.81469726616071e-60,1.4551915232453996e-119
000111111100,-6.103515625003049e-47,3.7252902984656352e-93
100111111100,-1.5258789064640942e-53,2.32830643719206e-106
010111111100,-1.525878906250953e-53,2.3283064365416044e-106
110111111100,-3.814697266160713e-60,1.4551915232454018e-119
001111111100,-1.525878906250952e-53,2.328306436541602e-106
101111111100,-3.8146972661607106e-60,1.4551915232453998e-119
011111111100,-3.814697265627857e-60,1.455191522838865e-119
111111111100,-9.536743165402965e-67,9.094947020286017e-133
000000000010,-2.499999999999375e-7,6.249999999996876e-14
100000000010,-6.250000000872247e-14,3.906250001090308e-27
010000000010,-6.24999999999922e-14,3.906249999999025e-27
110000000010,-1.5625000002182573e-20,2.441406250682054e-40
001000000010,-6.249999999999215e-14,3.906249999999018e-27
101000000010,-1.5625000002182558e-20,2.4414062506820496e-40
011000000010,-1.5624999999999992e-20,2.4414062499999974e-40
111000000010,-3.906250000546125e-27,1.5258789066766604e-53
000100000010,-6.24999999999922e-14,3.906249999999025e-27
100100000010,-1.5625000002182573e-20,2.441406250682054e-40
010100000010,-1.5625000000000004e-20,2.4414062500000015e-40
110100000010,-3.906250000546129e-27,1.5258789066766632e-53
001100000010,-1.5624999999999992e-20,2.4414062499999974e-40
101100000010,-3.906250000546126e-27,1.525878906676661e-53
011100000010,-3.906250000000485e-27,1.5258789062503788e-53
111100000010,-9.765625001366542e-34,9.536743166731527e-67
000010000010,-6.249999999999214e-14,3.906249999999017e-27
100010000010,-1.5625000002182555e-20,2.4414062506820483e-40
010010000010,-1.562499999999999e-20,2.4414062499999966e-40
110010000010,-3.906250000546125e-27,1.5258789066766604e-53
001010000010,-1.5624999999999977e-20,2.441406249999993e-40
101010000010,-3.9062500005461224e-27,1.5258789066766581e-53
011010000010,-3.906250000000481e-27,1.525878906250376e-53
111010000010,-9.76562500136653e-34,9.536743166731505e-67
000110000010,-1.562499999999999e-20,2.4414062499999966e-40
100110000010,-3.906250000546125e-27,1.5258789066766604e-53
010110000010,-3.906250000000484e-27,1.525878906250378e-53
110110000010,-9.76562500136654e-34,9.536743166731525e-67
001110000010,-3.906250000000481e-27,1.525878906250376e-53
101110000010,-9.765625001366532e-34,9.536743166731508e-67
011110000010,-9.765625000002428e-34,9.536743164067242e-67
111110000010,-2.441406250341937e-40,5.960464479208676e-80
000001000010,-6.249999999999214e-14,3.906249999999017e-27
100001000010,-1.5625000002182552e-20,2.4414062506820475e-40
010001000010,-1.562499999999999e-20,2.4414062499999966e-40
110001000010,-3.906250000546126e-27,1.525878906676661e-53
001001000010,-1.5624999999999977e-20,2.441406249999993e-40
101001000010,-3.9062500005461224e-27,1.5258789066766581e-53
011001000010,-3.906250000000481e-27,1.525878906250376e-53
111001000010,-9.765625001366529e-34,9.536743166731501e-67
000101000010,-1.562499999999999e-20,2.4414062499999966e-40
100101000010,-3.906250000546126e-27,1.525878906676661e-53
010101000010,-3.906250000000484e-27,1.525878906250378e-53
110101000010,-9.765625001366537e-34,9.536743166731518e-67
001101000010,-3.906250000000481e-27,1.525878906250376e-53
101101000010,-9.76562500136653e-34,9.536743166731505e-67
011101000010,-9.765625000002428e-34,9.536743164067242e-67
111101000010,-2.4414062503419376e-40,5.96046447920868e-80
000011000010,-1.5624999999999974e-20,2.4414062499999917e-40
100011000010,-3.906250000546122e-27,1.5258789066766577e-53
010011000010,-3.9062500000004804e-27,1.5258789062503753e-53
110011000010,-9.765625001366529e-34,9.536743166731501e-67
001011000010,-3.906250000000477e-27,1.5258789062503725e-53
101011000010,-9.765625001366522e-34,9.536743166731488e-67
011011000010,-9.765625000002416e-34,9.536743164067219e-67
111011000010,-2.4414062503419348e-40,5.960464479208666e-80
000111000010,-3.9062500000004804e-27,1.5258789062503753e-53
100111000010,-9.765625001366529e-34,9.536743166731501e-67
010111000010,-9.765625000002423e-34,9.536743164067232e-67
110111000010,-2.441406250341937e-40,5.960464479208676e-80
001111000010,-9.765625000002416e-34,9.536743164067219e-67
101111000010,-2.441406250341935e-40,5.960464479208668e-80
011111000010,-2.441406250000909e-40,5.9604644775435005e-80
111111000010,-6.103515625855601e-47,3.7252902995063483e-93
000000100010,-6.249999999999221e-14,3.906249999999026e-27
100000100010,-1.5625000002182576e-20,2.4414062506820553e-40
010000100010,-1.5625000000000007e-20,2.4414062500000023e-40
110000100010,-3.906250000546131e-27,1.5258789066766648e-53
001000100010,-1.5624999999999995e-20,2.4414062499999986e-40
101000100010,-3.906250000546128e-27,1.5258789066766625e-53
011000100010,-3.906250000000486e-27,1.5258789062503797e-53
111000100010,-9.76562500136654e-34,9.536743166731525e-67
000100100010,-1.5625000000000007e-20,2.4414062500000023e-40
100100100010,-3.906250000546131e-27,1.5258789066766648e-53
010100100010,-3.90625000000049e-27,1.5258789062503827e-53
110100100010,-9.765625001366549e-34,9.536743166731542e-67
001100100010,-3.906250000000486e-27,1.5258789062503797e-53
101100100010,-9.765625001366542e-34,9.536743166731527e-67
011100100010,-9.765625000002438e-34,9.536743164067262e-67
111100100010,-2.441406250341941e-40,5.960464479208696e-80
000010100010,-1.5624999999999992e-20,2.4414062499999974e-40
100010100010,-3.906250000546127e-27,1.5258789066766616e-53
010010100010,-3.9062500000004854e-27,1.5258789062503792e-53
110010100010,-9.76562500136654e-34,9.536743166731525e-67
001010100010,-3.9062500000004826e-27,1.525878906250377e-53
101010100010,-9.765625001366532e-34,9.536743166731508e-67
011010100010,-9.765625000002428e-34,9.536743164067242e-67
111010100010,-2.4414062503419385e-40,5.960464479208684e-80
000110100010,-3.9062500000004854e-27,1.5258789062503792e-53
100110100010,-9.76562500136654e-34,9.536743166731525e-67
010110100010,-9.765625000002435e-34,9.536743164067256e-67
110110100010,-2.4414062503419405e-40,5.960464479208694e-80
001110100010,-9.765625000002428e-34,9.536743164067242e-67
101110100010,-2.441406250341939e-40,5.960464479208686e-80
011110100010,-2.441406250000912e-40,5.960464477543516e-80
111110100010,-6.103515625855607e-47,3.725290299506357e-93
000001100010,-1.5624999999999992e-20,2.4414062499999974e-40
100001100010,-3.906250000546126e-27,1.525878906676661e-53
010001100010,-3.9062500000004854e-27,1.5258789062503792e-53
110001100010,-9.765625001366542e-34,9.536743166731527e-67
001001100010,-3.9062500000004826e-27,1.525878906250377e-53
101001100010,-9.765625001366532e-34,9.536743166731508e-67
011001100010,-9.765625000002428e-34,9.536743164067242e-67
111001100010,-2.4414062503419376e-40,5.96046447920868e-80
000101100010,-3.9062500000004854e-27,1.5258789062503792e-53
100101100010,-9.765625001366542e-34,9.536743166731527e-67
010101100010,-9.765625000002435e-34,9.536743164067256e-67
110101100010,-2.44140625034194e-40,5.960464479208692e-80
001101100010,-9.765625000002428e-34,9.536743164067242e-67
101101100010,-2.4414062503419385e-40,5.960464479208684e-80
011101100010,-2.441406250000912e-40,5.960464477543516e-80
111101100010,-6.103515625855608e-47,3.725290299506358e-93
000011100010,-3.906250000000482e-27,1.5258789062503764e-53
100011100010,-9.76562500136653e-34,9.536743166731505e-67
010011100010,-9.765625000002426e-34,9.536743164067238e-67
110011100010,-2.4414062503419376e-40,5.96046447920868e-80
001011100010,-9.765625000002418e-34,9.536743164067223e-67
101011100010,-2.4414062503419356e-40,5.96046447920867e-80
011011100010,-2.4414062500009097e-40,5.960464477543504e-80
111011100010,-6.103515625855602e-47,3.7252902995063496e-93
000111100010,-9.765625000002426e-34,9.536743164067238e-67
100111100010,-2.4414062503419376e-40,5.96046447920868e-80
010111100010,-2.4414062500009114e-40,5.9604644775435125e-80
110111100010,-6.103515625855607e-47,3.725290299506357e-93
001111100010,-2.4414062500009097e-40,5.960464477543504e-80
101111100010,-6.103515625855603e-47,3.725290299506351e-93
011111100010,-6.103515625003037e-47,3.725290298465621e-93
111111100010,-1.5258789064640912e-53,2.3283064371920507e-106
000000010010,-6.249999999999224e-14,3.90624999999903e-27
100000010010,-1.5625000002182576e-20,2.4414062506820553e-40
010000010010,-1.5625000000000013e-20,2.441406250000004e-40
110000010010,-3.906250000546132e-27,1.5258789066766655e-53
001000010010,-1.5624999999999998e-20,2.4414062499999994e-40
101000010010,-3.906250000546129e-27,1.5258789066766632e-53
011000010010,-3.9062500000004876e-27,1.5258789062503809e-53
111000010010,-9.765625001366542e-34,9.536743166731527e-67
000100010010,-1.5625000000000013e-20,2.441406250000004e-40
100100010010,-3.906250000546132e-27,1.5258789066766655e-53
010100010010,-3.9062500000004904e-27,1.5258789062503832e-53
110100010010,-9.76562500136655e-34,9.536743166731544e-67
001100010010,-3.9062500000004876e-27,1.5258789062503809e-53
101100010010,-9.765625001366544e-34,9.536743166731531e-67
011100010010,-9.76562500000244e-34,9.536743164067266e-67
111100010010,-2.4414062503419417e-40,5.9604644792087e-80
000010010010,-1.5624999999999995e-20,2.4414062499999986e-40
100010010010,-3.906250000546128e-27,1.5258789066766625e-53
010010010010,-3.906250000000487e-27,1.5258789062503804e-53
110010010010,-9.765625001366542e-34,9.536743166731527e-67
001010010010,-3.906250000000484e-27,1.525878906250378e-53
101010010010,-9.765625001366534e-34,9.536743166731511e-67
011010010010,-9.765625000002432e-34,9.536743164067249e-67
111010010010,-2.4414062503419393e-40,5.960464479208688e-80
000110010010,-3.906250000000487e-27,1.5258789062503804e-53
100110010010,-9.765625001366542e-34,9.536743166731527e-67
010110010010,-9.765625000002438e-34,9.536743164067262e-67
110110010010,-2.4414062503419413e-40,5.960464479208698e-80
001110010010,-9.765625000002432e-34,9.536743164067249e-67
101110010010,-2.4414062503419397e-40,5.96046447920869e-80
011110010010,-2.4414062500009134e-40,5.960464477543522e-80
111110010010,-6.103515625855609e-47,3.725290299506359e-93
000001010010,-1.5624999999999995e-20,2.4414062499999986e-40
100001010010,-3.9062500005461275e-27,1.525878906676662e-53
010001010010,-3.906250000000487e-27,1.5258789062503804e-53
110001010010,-9.765625001366544e-34,9.536743166731531e-67
001001010010,-3.906250000000484e-27,1.525878906250378e-53
101001010010,-9.765625001366534e-34,9.536743166731511e-67
011001010010,-9.765625000002432e-34,9.536743164067249e-67
111001010010,-2.441406250341939e-40,5.960464479208686e-80
000101010010,-3.906250000000487e-27,1.5258789062503804e-53
100101010010,-9.765625001366544e-34,9.536743166731531e-67
010101010010,-9.765625000002438e-34,9.536743164067262e-67
110101010010,-2.441406250341941e-40,5.960464479208696e-80
001101010010,-9.765625000002432e-34,9.536743164067249e-67
101101010010,-2.4414062503419393e-40,5.960464479208688e-80
011101010010,-2.4414062500009134e-40,5.960464477543522e-80
111101010010,-6.10351562585561e-47,3.7252902995063602e-93
000011010010,-3.906250000000483e-27,1.5258789062503776e-53
100011010010,-9.765625001366532e-34,9.536743166731508e-67
010011010010,-9.76562500000243e-34,9.536743164067246e-67
110011010010,-2.441406250341939e-40,5.960464479208686e-80
001011010010,-9.76562500000242e-34,9.536743164067225e-67
101011010010,-2.4414062503419364e-40,5.960464479208674e-80
011011010010,-2.4414062500009105e-40,5.960464477543509e-80
111011010010,-6.103515625855605e-47,3.725290299506353e-93
000111010010,-9.76562500000243e-34,9.536743164067246e-67
100111010010,-2.441406250341939e-40,5.960464479208686e-80
010111010010,-2.441406250000912e-40,5.960464477543516e-80
110111010010,-6.103515625855609e-47,3.725290299506359e-93
001111010010,-2.4414062500009105e-40,5.960464477543509e-80
101111010010,-6.103515625855606e-47,3.7252902995063543e-93
011111010010,-6.10351562500304e-47,3.7252902984656246e-93
111111010010,-1.5258789064640919e-53,2.3283064371920527e-106
000000110010,-1.5625000000000016e-20,2.441406250000005e-40
100000110010,-3.906250000546133e-27,1.5258789066766665e-53
010000110010,-3.906250000000491e-27,1.5258789062503836e-53
110000110010,-9.765625001366558e-34,9.536743166731558e-67
001000110010,-3.906250000000488e-27,1.5258789062503815e-53
101000110010,-9.765625001366549e-34,9.536743166731542e-67
011000110010,-9.765625000002444e-34,9.536743164067273e-67
111000110010,-2.4414062503419413e-40,5.960464479208698e-80
000100110010,-3.906250000000491e-27,1.5258789062503836e-53
100100110010,-9.765625001366558e-34,9.536743166731558e-67
010100110010,-9.765625000002452e-34,9.53674316406729e-67
110100110010,-2.4414062503419433e-40,5.960464479208708e-80
001100110010,-9.765625000002444e-34,9.536743164067273e-67
101100110010,-2.4414062503419417e-40,5.9604644792087e-80
011100110010,-2.441406250000916e-40,5.960464477543534e-80
111100110010,-6.103515625855619e-47,3.725290299506371e-93
000010110010,-3.9062500000004876e-27,1.5258789062503809e-53
100010110010,-9.765625001366546e-34,9.536743166731534e-67
010010110010,-9.765625000002442e-34,9.536743164067269e-67
110010110010,-2.4414062503419413e-40,5.960464479208698e-80
001010110010,-9.765625000002435e-34,9.536743164067256e-67
101010110010,-2.4414062503419397e-40,5.96046447920869e-80
011010110010,-2.4414062500009134e-40,5.960464477543522e-80
111010110010,-6.103515625855612e-47,3.7252902995063628e-93
000110110010,-9.765625000002442e-34,9.536743164067269e-67
100110110010,-2.4414062503419413e-40,5.960464479208698e-80
010110110010,-2.441406250000915e-40,5.9604644775435305e-80
110110110010,-6.103515625855618e-47,3.72529029950637e-93
001110110010,-2.4414062500009134e-40,5.960464477543522e-80
101110110010,-6.103515625855613e-47,3.725290299506364e-93
011110110010,-6.103515625003048e-47,3.7252902984656344e-93
111110110010,-1.5258789064640935e-53,2.328306437192058e-106
000001110010,-3.9062500000004876e-27,1.5258789062503809e-53
100001110010,-9.765625001366544e-34,9.536743166731531e-67
010001110010,-9.765625000002442e-34,9.536743164067269e-67
110001110010,-2.4414062503419417e-40,5.9604644792087e-80
001001110010,-9.765625000002435e-34,9.536743164067256e-67
101001110010,-2.4414062503419397e-40,5.96046447920869e-80
011001110010,-2.4414062500009134e-40,5.960464477543522e-80
111001110010,-6.10351562585561e-47,3.7252902995063602e-93
000101110010,-9.765625000002442e-34,9.536743164067269e-67
100101110010,-2.4414062503419417e-40,5.9604644792087e-80
010101110010,-2.441406250000915e-40,5.9604644775435305e-80
110101110010,-6.103515625855617e-47,3.7252902995063687e-93
001101110010,-2.4414062500009134e-40,5.960464477543522e-80
101101110010,-6.103515625855612e-47,3.7252902995063628e-93
011101110010,-6.103515625003048e-47,3.7252902984656344e-93
111101110010,-1.5258789064640937e-53,2.3283064371920585e-106
000011110010,-9.765625000002433e-34,9.536743164067253e-67
100011110010,-2.4414062503419393e-40,5.960464479208688e-80
010011110010,-2.4414062500009126e-40,5.9604644775435185e-80
110011110010,-6.10351562585561e-47,3.7252902995063602e-93
001011110010,-2.441406250000911e-40,5.96046447754351e-80
101011110010,-6.1035156258556065e-47,3.7252902995063555e-93
011011110010,-6.103515625003042e-47,3.725290298465627e-93
111011110010,-1.5258789064640923e-53,2.328306437192054e-106
000111110010,-2.4414062500009126e-40,5.9604644775435185e-80
100111110010,-6.10351562585561e-47,3.7252902995063602e-93
010111110010,-6.103515625003046e-47,3.725290298465632e-93
110111110010,-1.5258789064640935e-53,2.328306437192058e-106
001111110010,-6.103515625003042e-47,3.725290298465627e-93
101111110010,-1.5258789064640926e-53,2.328306437192055e-106
011111110010,-1.5258789062509511e-53,2.328306436541599e-106
111111110010,-3.814697266160708e-60,1.455191523245398e-119
000000001010,-6.249999999999222e-14,3.906249999999028e-27
100000001010,-1.5625000002182576e-20,2.4414062506820553e-40
010000001010,-1.5625000000000013e-20,2.441406250000004e-40
110000001010,-3.906250000546133e-27,1.5258789066766665e-53
001000001010,-1.5624999999999995e-20,2.4414062499999986e-40
101000001010,-3.9062500005461296e-27,1.5258789066766637e-53
011000001010,-3.906250000000488e-27,1.5258789062503815e-53
111000001010,-9.765625001366542e-34,9.536743166731527e-67
000100001010,-1.5625000000000013e-20,2.441406250000004e-40
100100001010,-3.906250000546133e-27,1.5258789066766665e-53
010100001010,-3.906250000000491e-27,1.5258789062503836e-53
110100001010,-9.765625001366552e-34,9.536743166731548e-67
001100001010,-3.906250000000488e-27,1.5258789062503815e-53
101100001010,-9.765625001366544e-34,9.536743166731531e-67
011100001010,-9.76562500000244e-34,9.536743164067266e-67
111100001010,-2.4414062503419417e-40,5.9604644792087e-80
000010001010,-1.5624999999999992e-20,2.4414062499999974e-40
100010001010,-3.906250000546129e-27,1.5258789066766632e-53
010010001010,-3.906250000000487e-27,1.5258789062503804e-53
110010001010,-9.765625001366542e-34,9.536743166731527e-67
001010001010,-3.906250000000484e-27,1.525878906250378e-53
101010001010,-9.765625001366534e-34,9.536743166731511e-67
011010001010,-9.765625000002432e-34,9.536743164067249e-67
111010001010,-2.441406250341939e-40,5.960464479208686e-80
000110001010,-3.906250000000487e-27,1.5258789062503804e-53
100110001010,-9.765625001366542e-34,9.536743166731527e-67
010110001010,-9.765625000002438e-34,9.536743164067262e-67
110110001010,-2.4414062503419413e-40,5.960464479208698e-80
001110001010,-9.765625000002432e-34,9.536743164067249e-67
101110001010,-2.4414062503419393e-40,5.960464479208688e-80
011110001010,-2.4414062500009134e-40,5.960464477543522e-80
111110001010,-6.10351562585561e-47,3.7252902995063602e-93
000001001010,-1.5624999999999992e-20,2.4414062499999974e-40
100001001010,-3.906250000546128e-27,1.5258789066766625e-53
010001001010,-3.906250000000487e-27,1.5258789062503804e-53
110001001010,-9.765625001366544e-34,9.536743166731531e-67
001001001010,-3.906250000000484e-27,1.525878906250378e-53
101001001010,-9.765625001366534e-34,9.536743166731511e-67
011001001010,-9.765625000002432e-34,9.536743164067249e-67
111001001010,-2.4414062503419385e-40,5.960464479208684e-80
000101001010,-3.906250000000487e-27,1.5258789062503804e-53
100101001010,-9.765625001366544e-34,9.536743166731531e-67
010101001010,-9.765625000002438e-34,9.536743164067262e-67
110101001010,-2.441406250341941e-40,5.960464479208696e-80
001101001010,-9.765625000002432e-34,9.536743164067249e-67
101101001010,-2.441406250341939e-40,5.960464479208686e-80
011101001010,-2.4414062500009134e-40,5.960464477543522e-80
111101001010,-6.103515625855611e-47,3.7252902995063615e-93
000011001010,-3.906250000000483e-27,1.5258789062503776e-53
100011001010,-9.765625001366532e-34,9.536743166731508e-67
010011001010,-9.76562500000243e-34,9.536743164067246e-67
110011001010,-2.4414062503419385e-40,5.960464479208684e-80
001011001010,-9.765625000002421e-34,9.536743164067229e-67
101011001010,-2.4414062503419364e-40,5.960464479208674e-80
011011001010,-2.44140625000091e-40,5.9604644775435065e-80
111011001010,-6.103515625855605e-47,3.725290299506353e-93
000111001010,-9.76562500000243e-34,9.536743164067246e-67
100111001010,-2.4414062503419385e-40,5.960464479208684e-80
010111001010,-2.441406250000912e-40,5.960464477543516e-80
110111001010,-6.10351562585561e-47,3.7252902995063602e-93
001111001010,-2.44140625000091e-40,5.9604644775435065e-80
101111001010,-6.103515625855606e-47,3.7252902995063543e-93
011111001010,-6.10351562500304e-47,3.7252902984656246e-93
111111001010,-1.5258789064640919e-53,2.3283064371920527e-106
000000101010,-1.5625000000000016e-20,2.441406250000005e-40
100000101010,-3.906250000546134e-27,1.5258789066766672e-53
010000101010,-3.906250000000492e-27,1.5258789062503843e-53
110000101010,-9.765625001366558e-34,9.536743166731558e-67
001000101010,-3.906250000000489e-27,1.525878906250382e-53
101000101010,-9.765625001366549e-34,9.536743166731542e-67
011000101010,-9.765625000002444e-34,9.536743164067273e-67
111000101010,-2.4414062503419413e-40,5.960464479208698e-80
000100101010,-3.906250000000492e-27,1.5258789062503843e-53
100100101010,-9.765625001366558e-34,9.536743166731558e-67
010100101010,-9.765625000002452e-34,9.53674316406729e-67
110100101010,-2.4414062503419433e-40,5.960464479208708e-80
001100101010,-9.765625000002444e-34,9.536743164067273e-67
101100101010,-2.4414062503419417e-40,5.9604644792087e-80
011100101010,-2.441406250000916e-40,5.960464477543534e-80
111100101010,-6.103515625855619e-47,3.725290299506371e-93
000010101010,-3.906250000000488e-27,1.5258789062503815e-53
100010101010,-9.765625001366546e-34,9.536743166731534e-67
010010101010,-9.765625000002442e-34,9.536743164067269e-67
110010101010,-2.4414062503419413e-40,5.960464479208698e-80
001010101010,-9.765625000002435e-34,9.536743164067256e-67
101010101010,-2.4414062503419393e-40,5.960464479208688e-80
011010101010,-2.4414062500009134e-40,5.960464477543522e-80
111010101010,-6.103515625855613e-47,3.725290299506364e-93
000110101010,-9.765625000002442e-34,9.536743164067269e-67
100110101010,-2.4414062503419413e-40,5.960464479208698e-80
010110101010,-2.441406250000915e-40,5.9604644775435305e-80
110110101010,-6.103515625855618e-47,3.72529029950637e-93
001110101010,-2.4414062500009134e-40,5.960464477543522e-80
101110101010,-6.103515625855614e-47,3.725290299506365e-93
011110101010,-6.103515625003049e-47,3.7252902984656352e-93
111110101010,-1.5258789064640935e-53,2.328306437192058e-106
000001101010,-3.906250000000488e-27,1.5258789062503815e-53
100001101010,-9.765625001366544e-34,9.536743166731531e-67
010001101010,-9.765625000002442e-34,9.536743164067269e-67
110001101010,-2.4414062503419417e-40,5.9604644792087e-80
001001101010,-9.765625000002435e-34,9.536743164067256e-67
101001101010,-2.4414062503419393e-40,5.960464479208688e-80
011001101010,-2.4414062500009134e-40,5.960464477543522e-80
111001101010,-6.103515625855611e-47,3.7252902995063615e-93
000101101010,-9.765625000002442e-34,9.536743164067269e-67
100101101010,-2.4414062503419417e-40,5.9604644792087e-80
010101101010,-2.441406250000915e-40,5.9604644775435305e-80
110101101010,-6.103515625855617e-47,3.7252902995063687e-93
001101101010,-2.4414062500009134e-40,5.960464477543522e-80
101101101010,-6.103515625855613e-47,3.725290299506364e-93
011101101010,-6.103515625003049e-47,3.7252902984656352e-93
111101101010,-1.5258789064640937e-53,2.3283064371920585e-106
000011101010,-9.765625000002433e-34,9.536743164067253e-67
100011101010,-2.441406250341939e-40,5.960464479208686e-80
010011101010,-2.4414062500009126e-40,5.9604644775435185e-80
110011101010,-6.103515625855611e-47,3.7252902995063615e-93
001011101010,-2.4414062500009105e-40,5.960464477543509e-80
101011101010,-6.1035156258556065e-47,3.7252902995063555e-93
011011101010,-6.103515625003042e-47,3.725290298465627e-93
111011101010,-1.5258789064640923e-53,2.328306437192054e-106
000111101010,-2.4414062500009126e-40,5.9604644775435185e-80
100111101010,-6.103515625855611e-47,3.7252902995063615e-93
010111101010,-6.103515625003046e-47,3.725290298465632e-93
110111101010,-1.5258789064640935e-53,2.328306437192058e-106
001111101010,-6.103515625003042e-47,3.725290298465627e-93
101111101010,-1.5258789064640926e-53,2.328306437192055e-106
011111101010,-1.5258789062509511e-53,2.328306436541599e-106
111111101010,-3.814697266160708e-60,1.455191523245398e-119
000000011010,-1.5625000000000022e-20,2.4414062500000068e-40
100000011010,-3.906250000546134e-27,1.5258789066766672e-53
010000011010,-3.9062500000004926e-27,1.5258789062503848e-53
110000011010,-9.76562500136656e-34,9.536743166731562e-67
001000011010,-3.90625000000049e-27,1.5258789062503827e-53
101000011010,-9.765625001366552e-34,9.536743166731548e-67
011000011010,-9.765625000002447e-34,9.536743164067279e-67
111000011010,-2.4414062503419417e-40,5.9604644792087e-80
000100011010,-3.9062500000004926e-27,1.5258789062503848e-53
100100011010,-9.76562500136656e-34,9.536743166731562e-67
010100011010,-9.765625000002454e-34,9.536743164067292e-67
110100011010,-2.4414062503419438e-40,5.96046447920871e-80
001100011010,-9.765625000002447e-34,9.536743164067279e-67
101100011010,-2.441406250341942e-40,5.960464479208702e-80
011100011010,-2.4414062500009163e-40,5.9604644775435365e-80
111100011010,-6.103515625855621e-47,3.7252902995063734e-93
000010011010,-3.906250000000489e-27,1.525878906250382e-53
100010011010,-9.765625001366549e-34,9.536743166731542e-67
010010011010,-9.765625000002445e-34,9.536743164067275e-67
110010011010,-2.4414062503419417e-40,5.9604644792087e-80
001010011010,-9.765625000002438e-34,9.536743164067262e-67
101010011010,-2.44140625034194e-40,5.960464479208692e-80
011010011010,-2.4414062500009142e-40,5.960464477543527e-80
111010011010,-6.103515625855615e-47,3.725290299506366e-93
000110011010,-9.765625000002445e-34,9.536743164067275e-67
100110011010,-2.4414062503419417e-40,5.9604644792087e-80
010110011010,-2.441406250000916e-40,5.960464477543534e-80
110110011010,-6.10351562585562e-47,3.725290299506372e-93
001110011010,-2.4414062500009142e-40,5.960464477543527e-80
101110011010,-6.103515625855616e-47,3.7252902995063675e-93
011110011010,-6.10351562500305e-47,3.7252902984656378e-93
111110011010,-1.525878906464094e-53,2.328306437192059e-106
000001011010,-3.906250000000489e-27,1.525878906250382e-53
100001011010,-9.765625001366547e-34,9.536743166731538e-67
010001011010,-9.765625000002445e-34,9.536743164067275e-67
110001011010,-2.441406250341942e-40,5.960464479208702e-80
001001011010,-9.765625000002438e-34,9.536743164067262e-67
101001011010,-2.44140625034194e-40,5.960464479208692e-80
011001011010,-2.4414062500009142e-40,5.960464477543527e-80
111001011010,-6.103515625855614e-47,3.725290299506365e-93
000101011010,-9.765625000002445e-34,9.536743164067275e-67
100101011010,-2.441406250341942e-40,5.960464479208702e-80
010101011010,-2.441406250000916e-40,5.960464477543534e-80
110101011010,-6.103515625855619e-47,3.725290299506371e-93
001101011010,-2.4414062500009142e-40,5.960464477543527e-80
101101011010,-6.103515625855615e-47,3.725290299506366e-93
011101011010,-6.10351562500305e-47,3.7252902984656378e-93
111101011010,-1.5258789064640942e-53,2.32830643719206e-106
000011011010,-9.765625000002437e-34,9.53674316406726e-67
100011011010,-2.4414062503419393e-40,5.960464479208688e-80
010011011010,-2.441406250000914e-40,5.9604644775435245e-80
110011011010,-6.103515625855614e-47,3.725290299506365e-93
001011011010,-2.4414062500009114e-40,5.9604644775435125e-80
101011011010,-6.103515625855609e-47,3.725290299506359e-93
011011011010,-6.103515625003044e-47,3.7252902984656297e-93
111011011010,-1.5258789064640928e-53,2.3283064371920556e-106
000111011010,-2.441406250000914e-40,5.9604644775435245e-80
100111011010,-6.103515625855614e-47,3.725290299506365e-93
010111011010,-6.103515625003049e-47,3.7252902984656352e-93
110111011010,-1.525878906464094e-53,2.328306437192059e-106
001111011010,-6.103515625003044e-47,3.7252902984656297e-93
101111011010,-1.525878906464093e-53,2.3283064371920565e-106
011111011010,-1.5258789062509516e-53,2.3283064365416005e-106
111111011010,-3.8146972661607095e-60,1.455191523245399e-119
000000111010,-3.906250000000493e-27,1.5258789062503855e-53
100000111010,-9.765625001366561e-34,9.536743166731564e-67
010000111010,-9.765625000002455e-34,9.536743164067296e-67
110000111010,-2.4414062503419454e-40,5.960464479208717e-80
001000111010,-9.765625000002449e-34,9.536743164067282e-67
101000111010,-2.4414062503419433e-40,5.960464479208708e-80
011000111010,-2.441406250000917e-40,5.96046447754354e-80
111000111010,-6.10351562585562e-47,3.725290299506372e-93
000100111010,-9.765625000002455e-34,9.536743164067296e-67
100100111010,-2.4414062503419454e-40,5.960464479208717e-80
010100111010,-2.441406250000919e-40,5.96046447754355e-80
110100111010,-6.103515625855626e-47,3.7252902995063794e-93
001100111010,-2.441406250000917e-40,5.96046447754354e-80
101100111010,-6.103515625855621e-47,3.7252902995063734e-93
011100111010,-6.103515625003056e-47,3.725290298465645e-93
111100111010,-1.5258789064640963e-53,2.328306437192066e-106
000010111010,-9.765625000002447e-34,9.536743164067279e-67
100010111010,-2.4414062503419425e-40,5.960464479208704e-80
010010111010,-2.4414062500009167e-40,5.960464477543539e-80
110010111010,-6.10351562585562e-47,3.725290299506372e-93
001010111010,-2.441406250000915e-40,5.9604644775435305e-80
101010111010,-6.103515625855616e-47,3.7252902995063675e-93
011010111010,-6.10351562500305e-47,3.7252902984656378e-93
111010111010,-1.5258789064640946e-53,2.3283064371920614e-106
000110111010,-2.4414062500009167e-40,5.960464477543539e-80
100110111010,-6.10351562585562e-47,3.725290299506372e-93
010110111010,-6.103515625003054e-47,3.7252902984656425e-93
110110111010,-1.525878906464096e-53,2.3283064371920657e-106
001110111010,-6.10351562500305e-47,3.7252902984656378e-93
101110111010,-1.5258789064640949e-53,2.328306437192062e-106
011110111010,-1.5258789062509535e-53,2.328306436541606e-106
111110111010,-3.814697266160713e-60,1.4551915232454018e-119
000001111010,-9.765625000002447e-34,9.536743164067279e-67
100001111010,-2.441406250341942e-40,5.960464479208702e-80
010001111010,-2.4414062500009167e-40,5.960464477543539e-80
110001111010,-6.103515625855621e-47,3.7252902995063734e-93
001001111010,-2.441406250000915e-40,5.9604644775435305e-80
101001111010,-6.103515625855616e-47,3.7252902995063675e-93
011001111010,-6.10351562500305e-47,3.7252902984656378e-93
111001111010,-1.5258789064640942e-53,2.32830643719206e-106
000101111010,-2.4414062500009167e-40,5.960464477543539e-80
100101111010,-6.103515625855621e-47,3.7252902995063734e-93
010101111010,-6.103515625003054e-47,3.7252902984656425e-93
110101111010,-1.5258789064640958e-53,2.328306437192065e-106
001101111010,-6.10351562500305e-47,3.7252902984656378e-93
101101111010,-1.5258789064640946e-53,2.3283064371920614e-106
011101111010,-1.5258789062509535e-53,2.328306436541606e-106
111101111010,-3.8146972661607134e-60,1.455191523245402e-119
000011111010,-2.4414062500009146e-40,5.960464477543528e-80
100011111010,-6.103515625855615e-47,3.725290299506366e-93
010011111010,-6.1035156250030495e-47,3.7252902984656365e-93
110011111010,-1.5258789064640942e-53,2.32830643719206e-106
001011111010,-6.103515625003045e-47,3.7252902984656305e-93
101011111010,-1.5258789064640933e-53,2.328306437192057e-106
011011111010,-1.525878906250952e-53,2.328306436541602e-106
111011111010,-3.81469726616071e-60,1.4551915232453996e-119
000111111010,-6.1035156250030495e-47,3.7252902984656365e-93
100111111010,-1.5258789064640942e-53,2.32830643719206e-106
010111111010,-1.525878906250953e-53,2.3283064365416044e-106
110111111010,-3.814697266160713e-60,1.4551915232454018e-119
001111111010,-1.525878906250952e-53,2.328306436541602e-106
101111111010,-3.8146972661607106e-60,1.4551915232453998e-119
011111111010,-3.814697265627857e-60,1.455191522838865e-119
111111111010,-9.536743165402965e-67,9.094947020286017e-133
000000000110,-6.24999999999922e-14,3.906249999999025e-27
100000000110,-1.562500000218257e-20,2.4414062506820532e-40
010000000110,-1.5625e-20,2.4414062500000003e-40
110000000110,-3.906250000546131e-27,1.5258789066766648e-53
001000000110,-1.562499999999999e-20,2.4414062499999966e-40
101000000110,-3.906250000546128e-27,1.5258789066766625e-53
011000000110,-3.906250000000487e-27,1.5258789062503804e-53
111000000110,-9.765625001366535e-34,9.536743166731514e-67
000100000110,-1.5625e-20,2.4414062500000003e-40
100100000110,-3.906250000546131e-27,1.5258789066766648e-53
010100000110,-3.90625000000049e-27,1.5258789062503827e-53
110100000110,-9.765625001366546e-34,9.536743166731534e-67
001100000110,-3.906250000000487e-27,1.5258789062503804e-53
101100000110,-9.765625001366537e-34,9.536743166731518e-67
011100000110,-9.765625000002435e-34,9.536743164067256e-67
111100000110,-2.4414062503419405e-40,5.960464479208694e-80
000010000110,-1.5624999999999986e-20,2.4414062499999958e-40
100010000110,-3.9062500005461275e-27,1.525878906676662e-53
010010000110,-3.906250000000486e-27,1.5258789062503797e-53
110010000110,-9.765625001366535e-34,9.536743166731514e-67
001010000110,-3.906250000000483e-27,1.5258789062503776e-53
101010000110,-9.765625001366529e-34,9.536743166731501e-67
011010000110,-9.765625000002423e-34,9.536743164067232e-67
111010000110,-2.441406250341938e-40,5.960464479208682e-80
000110000110,-3.906250000000486e-27,1.5258789062503797e-53
100110000110,-9.765625001366535e-34,9.536743166731514e-67
010110000110,-9.765625000002433e-34,9.536743164067253e-67
110110000110,-2.44140625034194e-40,5.960464479208692e-80
001110000110,-9.765625000002423e-34,9.536743164067232e-67
101110000110,-2.4414062503419385e-40,5.960464479208684e-80
011110000110,-2.4414062500009118e-40,5.960464477543515e-80
111110000110,-6.1035156258556065e-47,3.7252902995063555e-93
000001000110,-1.5624999999999986e-20,2.4414062499999958e-40
100001000110,-3.906250000546127e-27,1.5258789066766616e-53
010001000110,-3.906250000000486e-27,1.5258789062503797e-53
110001000110,-9.765625001366537e-34,9.536743166731518e-67
001001000110,-3.906250000000483e-27,1.5258789062503776e-53
101001000110,-9.765625001366529e-34,9.536743166731501e-67
011001000110,-9.765625000002423e-34,9.536743164067232e-67
111001000110,-2.441406250341937e-40,5.960464479208676e-80
000101000110,-3.906250000000486e-27,1.5258789062503797e-53
100101000110,-9.765625001366537e-34,9.536743166731518e-67
010101000110,-9.765625000002433e-34,9.536743164067253e-67
110101000110,-2.4414062503419397e-40,5.96046447920869e-80
001101000110,-9.765625000002423e-34,9.536743164067232e-67
101101000110,-2.441406250341938e-40,5.960464479208682e-80
011101000110,-2.4414062500009118e-40,5.960464477543515e-80
111101000110,-6.103515625855607e-47,3.725290299506357e-93
000011000110,-3.906250000000482e-27,1.5258789062503764e-53
100011000110,-9.765625001366527e-34,9.536743166731498e-67
010011000110,-9.765625000002421e-34,9.536743164067229e-67
110011000110,-2.441406250341937e-40,5.960464479208676e-80
001011000110,-9.765625000002414e-34,9.536743164067216e-67
101011000110,-2.441406250341935e-40,5.960464479208668e-80
011011000110,-2.4414062500009093e-40,5.960464477543503e-80
111011000110,-6.103515625855601e-47,3.7252902995063483e-93
000111000110,-9.765625000002421e-34,9.536743164067229e-67
100111000110,-2.441406250341937e-40,5.960464479208676e-80
010111000110,-2.441406250000911e-40,5.96046447754351e-80
110111000110,-6.1035156258556065e-47,3.7252902995063555e-93
001111000110,-2.4414062500009093e-40,5.960464477543503e-80
101111000110,-6.103515625855602e-47,3.7252902995063496e-93
011111000110,-6.103515625003036e-47,3.72529029846562e-93
111111000110,-1.525878906464091e-53,2.32830643719205e-106
000000100110,-1.5625000000000004e-20,2.4414062500000015e-40
100000100110,-3.906250000546132e-27,1.5258789066766655e-53
010000100110,-3.9062500000004904e-27,1.5258789062503832e-53
110000100110,-9.76562500136655e-34,9.536743166731544e-67
001000100110,-3.9062500000004876e-27,1.5258789062503809e-53
101000100110,-9.765625001366544e-34,9.536743166731531e-67
011000100110,-9.765625000002438e-34,9.536743164067262e-67
111000100110,-2.44140625034194e-40,5.960464479208692e-80
000100100110,-3.9062500000004904e-27,1.5258789062503832e-53
100100100110,-9.76562500136655e-34,9.536743166731544e-67
010100100110,-9.765625000002447e-34,9.536743164067279e-67
110100100110,-2.441406250341942e-40,5.960464479208702e-80
001100100110,-9.765625000002438e-34,9.536743164067262e-67
101100100110,-2.4414062503419405e-40,5.960464479208694e-80
011100100110,-2.4414062500009146e-40,5.960464477543528e-80
111100100110,-6.103515625855616e-47,3.7252902995063675e-93
000010100110,-3.906250000000487e-27,1.5258789062503804e-53
100010100110,-9.76562500136654e-34,9.536743166731525e-67
010010100110,-9.765625000002437e-34,9.53674316406726e-67
110010100110,-2.44140625034194e-40,5.960464479208692e-80
001010100110,-9.76562500000243e-34,9.536743164067246e-67
101010100110,-2.4414062503419385e-40,5.960464479208684e-80
011010100110,-2.4414062500009118e-40,5.960464477543515e-80
111010100110,-6.103515625855609e-47,3.725290299506359e-93
000110100110,-9.765625000002437e-34,9.53674316406726e-67
100110100110,-2.44140625034194e-40,5.960464479208692e-80
010110100110,-2.441406250000914e-40,5.9604644775435245e-80
110110100110,-6.103515625855615e-47,3.725290299506366e-93
001110100110,-2.4414062500009118e-40,5.960464477543515e-80
101110100110,-6.10351562585561e-47,3.7252902995063602e-93
011110100110,-6.103515625003045e-47,3.7252902984656305e-93
111110100110,-1.5258789064640928e-53,2.3283064371920556e-106
000001100110,-3.906250000000487e-27,1.5258789062503804e-53
100001100110,-9.765625001366537e-34,9.536743166731518e-67
010001100110,-9.765625000002437e-34,9.53674316406726e-67
110001100110,-2.4414062503419405e-40,5.960464479208694e-80
001001100110,-9.76562500000243e-34,9.536743164067246e-67
101001100110,-2.4414062503419385e-40,5.960464479208684e-80
011001100110,-2.4414062500009118e-40,5.960464477543515e-80
111001100110,-6.103515625855607e-47,3.725290299506357e-93
000101100110,-9.765625000002437e-34,9.53674316406726e-67
100101100110,-2.4414062503419405e-40,5.960464479208694e-80
010101100110,-2.441406250000914e-40,5.9604644775435245e-80
110101100110,-6.103515625855614e-47,3.725290299506365e-93
001101100110,-2.4414062500009118e-40,5.960464477543515e-80
101101100110,-6.103515625855609e-47,3.725290299506359e-93
011101100110,-6.103515625003045e-47,3.7252902984656305e-93
111101100110,-1.525878906464093e-53,2.3283064371920565e-106
000011100110,-9.765625000002428e-34,9.536743164067242e-67
100011100110,-2.441406250341938e-40,5.960464479208682e-80
010011100110,-2.4414062500009114e-40,5.9604644775435125e-80
110011100110,-6.103515625855607e-47,3.725290299506357e-93
001011100110,-2.4414062500009097e-40,5.960464477543504e-80
101011100110,-6.103515625855603e-47,3.725290299506351e-93
011011100110,-6.103515625003039e-47,3.7252902984656237e-93
111011100110,-1.5258789064640912e-53,2.3283064371920507e-106
000111100110,-2.4414062500009114e-40,5.9604644775435125e-80
100111100110,-6.103515625855607e-47,3.725290299506357e-93
010111100110,-6.103515625003043e-47,3.7252902984656284e-93
110111100110,-1.5258789064640928e-53,2.3283064371920556e-106
001111100110,-6.103515625003039e-47,3.7252902984656237e-93
101111100110,-1.5258789064640916e-53,2.328306437192052e-106
011111100110,-1.5258789062509502e-53,2.328306436541596e-106
111111100110,-3.8146972661607057e-60,1.4551915232453963e-119
000000010110,-1.5625000000000016e-20,2.441406250000005e-40
100000010110,-3.906250000546132e-27,1.5258789066766655e-53
010000010110,-3.906250000000491e-27,1.5258789062503836e-53
110000010110,-9.765625001366552e-34,9.536743166731548e-67
001000010110,-3.906250000000488e-27,1.5258789062503815e-53
101000010110,-9.765625001366546e-34,9.536743166731534e-67
011000010110,-9.765625000002442e-34,9.536743164067269e-67
111000010110,-2.4414062503419405e-40,5.960464479208694e-80
000100010110,-3.906250000000491e-27,1.5258789062503836e-53
100100010110,-9.765625001366552e-34,9.536743166731548e-67
010100010110,-9.765625000002449e-34,9.536743164067282e-67
110100010110,-2.4414062503419425e-40,5.960464479208704e-80
001100010110,-9.765625000002442e-34,9.536743164067269e-67
101100010110,-2.441406250341941e-40,5.960464479208696e-80
011100010110,-2.441406250000915e-40,5.9604644775435305e-80
111100010110,-6.103515625855618e-47,3.72529029950637e-93
000010010110,-3.9062500000004876e-27,1.5258789062503809e-53
100010010110,-9.765625001366544e-34,9.536743166731531e-67
010010010110,-9.76562500000244e-34,9.536743164067266e-67
110010010110,-2.4414062503419405e-40,5.960464479208694e-80
001010010110,-9.765625000002433e-34,9.536743164067253e-67
101010010110,-2.441406250341939e-40,5.960464479208686e-80
011010010110,-2.4414062500009126e-40,5.9604644775435185e-80
111010010110,-6.103515625855611e-47,3.7252902995063615e-93
000110010110,-9.76562500000244e-34,9.536743164067266e-67
100110010110,-2.4414062503419405e-40,5.960464479208694e-80
010110010110,-2.4414062500009146e-40,5.960464477543528e-80
110110010110,-6.103515625855617e-47,3.7252902995063687e-93
001110010110,-2.4414062500009126e-40,5.9604644775435185e-80
101110010110,-6.103515625855612e-47,3.7252902995063628e-93
011110010110,-6.103515625003047e-47,3.725290298465633e-93
111110010110,-1.5258789064640933e-53,2.328306437192057e-106
000001010110,-3.9062500000004876e-27,1.5258789062503809e-53
100001010110,-9.765625001366542e-34,9.536743166731527e-67
010001010110,-9.76562500000244e-34,9.536743164067266e-67
110001010110,-2.441406250341941e-40,5.960464479208696e-80
001001010110,-9.765625000002433e-34,9.536743164067253e-67
101001010110,-2.441406250341939e-40,5.960464479208686e-80
011001010110,-2.4414062500009126e-40,5.9604644775435185e-80
111001010110,-6.10351562585561e-47,3.7252902995063602e-93
000101010110,-9.76562500000244e-34,9.536743164067266e-67
100101010110,-2.441406250341941e-40,5.960464479208696e-80
010101010110,-2.4414062500009146e-40,5.960464477543528e-80
110101010110,-6.103515625855616e-47,3.7252902995063675e-93
001101010110,-2.4414062500009126e-40,5.9604644775435185e-80
101101010110,-6.103515625855611e-47,3.7252902995063615e-93
011101010110,-6.103515625003047e-47,3.725290298465633e-93
111101010110,-1.5258789064640935e-53,2.328306437192058e-106
000011010110,-9.765625000002432e-34,9.536743164067249e-67
100011010110,-2.4414062503419385e-40,5.960464479208684e-80
010011010110,-2.441406250000912e-40,5.960464477543516e-80
110011010110,-6.10351562585561e-47,3.7252902995063602e-93
001011010110,-2.44140625000091e-40,5.9604644775435065e-80
101011010110,-6.103515625855606e-47,3.7252902995063543e-93
011011010110,-6.103515625003041e-47,3.725290298465626e-93
111011010110,-1.5258789064640919e-53,2.3283064371920527e-106
000111010110,-2.441406250000912e-40,5.960464477543516e-80
100111010110,-6.10351562585561e-47,3.7252902995063602e-93
010111010110,-6.103515625003045e-47,3.7252902984656305e-93
110111010110,-1.5258789064640933e-53,2.328306437192057e-106
001111010110,-6.103515625003041e-47,3.725290298465626e-93
101111010110,-1.5258789064640923e-53,2.328306437192054e-106
011111010110,-1.5258789062509507e-53,2.3283064365415976e-106
111111010110,-3.8146972661607073e-60,1.4551915232453974e-119
000000110110,-3.906250000000492e-27,1.5258789062503843e-53
100000110110,-9.765625001366554e-34,9.536743166731551e-67
010000110110,-9.76562500000245e-34,9.536743164067286e-67
110000110110,-2.441406250341944e-40,5.9604644792087114e-80
001000110110,-9.765625000002444e-34,9.536743164067273e-67
101000110110,-2.441406250341942e-40,5.960464479208702e-80
011000110110,-2.441406250000916e-40,5.960464477543534e-80
111000110110,-6.103515625855617e-47,3.7252902995063687e-93
000100110110,-9.76562500000245e-34,9.536743164067286e-67
100100110110,-2.441406250341944e-40,5.9604644792087114e-80
010100110110,-2.4414062500009183e-40,5.960464477543546e-80
110100110110,-6.103515625855622e-47,3.7252902995063747e-93
001100110110,-2.441406250000916e-40,5.960464477543534e-80
101100110110,-6.103515625855618e-47,3.72529029950637e-93
011100110110,-6.103515625003053e-47,3.725290298465641e-93
111100110110,-1.5258789064640956e-53,2.3283064371920643e-106
000010110110,-9.765625000002442e-34,9.536743164067269e-67
100010110110,-2.4414062503419413e-40,5.960464479208698e-80
010010110110,-2.4414062500009154e-40,5.960464477543533e-80
110010110110,-6.103515625855617e-47,3.7252902995063687e-93
001010110110,-2.441406250000914e-40,5.9604644775435245e-80
101010110110,-6.103515625855612e-47,3.7252902995063628e-93
011010110110,-6.103515625003047e-47,3.725290298465633e-93
111010110110,-1.525878906464094e-53,2.328306437192059e-106
000110110110,-2.4414062500009154e-40,5.960464477543533e-80
100110110110,-6.103515625855617e-47,3.7252902995063687e-93
010110110110,-6.10351562500305e-47,3.7252902984656378e-93
110110110110,-1.5258789064640953e-53,2.3283064371920633e-106
001110110110,-6.103515625003047e-47,3.725290298465633e-93
101110110110,-1.5258789064640942e-53,2.32830643719206e-106
011110110110,-1.5258789062509528e-53,2.328306436541604e-106
111110110110,-3.8146972661607106e-60,1.4551915232453998e-119
000001110110,-9.765625000002442e-34,9.536743164067269e-67
100001110110,-2.441406250341941e-40,5.960464479208696e-80
010001110110,-2.4414062500009154e-40,5.960464477543533e-80
110001110110,-6.103515625855618e-47,3.72529029950637e-93
001001110110,-2.441406250000914e-40,5.9604644775435245e-80
101001110110,-6.103515625855612e-47,3.7252902995063628e-93
011001110110,-6.103515625003047e-47,3.725290298465633e-93
111001110110,-1.5258789064640935e-53,2.328306437192058e-106
000101110110,-2.4414062500009154e-40,5.960464477543533e-80
100101110110,-6.103515625855618e-47,3.72529029950637e-93
010101110110,-6.10351562500305e-47,3.7252902984656378e-93
110101110110,-1.525878906464095e-53,2.328306437192063e-106
001101110110,-6.103515625003047e-47,3.725290298465633e-93
101101110110,-1.525878906464094e-53,2.328306437192059e-106
011101110110,-1.5258789062509528e-53,2.328306436541604e-106
111101110110,-3.814697266160711e-60,1.4551915232454004e-119
000011110110,-2.4414062500009134e-40,5.960464477543522e-80
100011110110,-6.103515625855611e-47,3.7252902995063615e-93
010011110110,-6.103515625003046e-47,3.725290298465632e-93
110011110110,-1.5258789064640935e-53,2.328306437192058e-106
001011110110,-6.103515625003042e-47,3.725290298465627e-93
101011110110,-1.5258789064640926e-53,2.328306437192055e-106
011011110110,-1.5258789062509514e-53,2.3283064365415995e-106
111011110110,-3.814697266160708e-60,1.455191523245398e-119
000111110110,-6.103515625003046e-47,3.725290298465632e-93
100111110110,-1.5258789064640935e-53,2.328306437192058e-106
010111110110,-1.5258789062509523e-53,2.3283064365416025e-106
110111110110,-3.8146972661607106e-60,1.4551915232453998e-119
001111110110,-1.5258789062509514e-53,2.3283064365415995e-106
101111110110,-3.8146972661607084e-60,1.4551915232453982e-119
011111110110,-3.814697265627855e-60,1.4551915228388632e-119
111111110110,-9.536743165402961e-67,9.09494702028601e-133
000000001110,-1.5625000000000007e-20,2.4414062500000023e-40
100000001110,-3.906250000546132e-27,1.5258789066766655e-53
010000001110,-3.906250000000491e-27,1.5258789062503836e-53
110000001110,-9.765625001366554e-34,9.536743166731551e-67
001000001110,-3.9062500000004876e-27,1.5258789062503809e-53
101000001110,-9.765625001366547e-34,9.536743166731538e-67
011000001110,-9.765625000002444e-34,9.536743164067273e-67
111000001110,-2.4414062503419405e-40,5.960464479208694e-80
000100001110,-3.906250000000491e-27,1.5258789062503836e-53
100100001110,-9.765625001366554e-34,9.536743166731551e-67
010100001110,-9.76562500000245e-34,9.536743164067286e-67
110100001110,-2.441406250341943e-40,5.9604644792087054e-80
001100001110,-9.765625000002444e-34,9.536743164067273e-67
101100001110,-2.441406250341941e-40,5.960464479208696e-80
011100001110,-2.441406250000915e-40,5.9604644775435305e-80
111100001110,-6.103515625855618e-47,3.72529029950637e-93
000010001110,-3.906250000000487e-27,1.5258789062503804e-53
100010001110,-9.765625001366546e-34,9.536743166731534e-67
010010001110,-9.76562500000244e-34,9.536743164067266e-67
110010001110,-2.4414062503419405e-40,5.960464479208694e-80
001010001110,-9.765625000002433e-34,9.536743164067253e-67
101010001110,-2.441406250341939e-40,5.960464479208686e-80
011010001110,-2.4414062500009126e-40,5.9604644775435185e-80
111010001110,-6.10351562585561e-47,3.7252902995063602e-93
000110001110,-9.76562500000244e-34,9.536743164067266e-67
100110001110,-2.4414062503419405e-40,5.960464479208694e-80
010110001110,-2.4414062500009146e-40,5.960464477543528e-80
110110001110,-6.103515625855617e-47,3.7252902995063687e-93
001110001110,-2.4414062500009126e-40,5.9604644775435185e-80
101110001110,-6.103515625855611e-47,3.7252902995063615e-93
011110001110,-6.103515625003047e-47,3.725290298465633e-93
111110001110,-1.5258789064640935e-53,2.328306437192058e-106
000001001110,-3.906250000000487e-27,1.5258789062503804e-53
100001001110,-9.765625001366544e-34,9.536743166731531e-67
010001001110,-9.76562500000244e-34,9.536743164067266e-67
110001001110,-2.441406250341941e-40,5.960464479208696e-80
001001001110,-9.765625000002433e-34,9.536743164067253e-67
101001001110,-2.441406250341939e-40,5.960464479208686e-80
011001001110,-2.4414062500009126e-40,5.9604644775435185e-80
111001001110,-6.103515625855609e-47,3.725290299506359e-93
000101001110,-9.76562500000244e-34,9.536743164067266e-67
100101001110,-2.441406250341941e-40,5.960464479208696e-80
010101001110,-2.4414062500009146e-40,5.960464477543528e-80
110101001110,-6.103515625855616e-47,3.7252902995063675e-93
001101001110,-2.4414062500009126e-40,5.9604644775435185e-80
101101001110,-6.10351562585561e-47,3.7252902995063602e-93
011101001110,-6.103515625003047e-47,3.725290298465633e-93
111101001110,-1.5258789064640937e-53,2.3283064371920585e-106
000011001110,-9.765625000002432e-34,9.536743164067249e-67
100011001110,-2.4414062503419385e-40,5.960464479208684e-80
010011001110,-2.441406250000912e-40,5.960464477543516e-80
110011001110,-6.103515625855609e-47,3.725290299506359e-93
001011001110,-2.4414062500009105e-40,5.960464477543509e-80
101011001110,-6.103515625855606e-47,3.7252902995063543e-93
011011001110,-6.10351562500304e-47,3.7252902984656246e-93
111011001110,-1.5258789064640919e-53,2.3283064371920527e-106
000111001110,-2.441406250000912e-40,5.960464477543516e-80
100111001110,-6.103515625855609e-47,3.725290299506359e-93
010111001110,-6.103515625003045e-47,3.7252902984656305e-93
110111001110,-1.5258789064640935e-53,2.328306437192058e-106
001111001110,-6.10351562500304e-47,3.7252902984656246e-93
101111001110,-1.5258789064640923e-53,2.328306437192054e-106
011111001110,-1.5258789062509507e-53,2.3283064365415976e-106
111111001110,-3.8146972661607073e-60,1.4551915232453974e-119
000000101110,-3.906250000000492e-27,1.5258789062503843e-53
100000101110,-9.765625001366558e-34,9.536743166731558e-67
010000101110,-9.765625000002452e-34,9.53674316406729e-67
110000101110,-2.441406250341944e-40,5.9604644792087114e-80
001000101110,-9.765625000002445e-34,9.536743164067275e-67
101000101110,-2.441406250341942e-40,5.960464479208702e-80
011000101110,-2.441406250000916e-40,5.960464477543534e-80
111000101110,-6.103515625855617e-47,3.7252902995063687e-93
000100101110,-9.765625000002452e-34,9.53674316406729e-67
100100101110,-2.441406250341944e-40,5.9604644792087114e-80
010100101110,-2.4414062500009183e-40,5.960464477543546e-80
110100101110,-6.103515625855622e-47,3.7252902995063747e-93
001100101110,-2.441406250000916e-40,5.960464477543534e-80
101100101110,-6.103515625855618e-47,3.72529029950637e-93
011100101110,-6.103515625003053e-47,3.725290298465641e-93
111100101110,-1.5258789064640956e-53,2.3283064371920643e-106
000010101110,-9.765625000002444e-34,9.536743164067273e-67
100010101110,-2.4414062503419413e-40,5.960464479208698e-80
010010101110,-2.4414062500009154e-40,5.960464477543533e-80
110010101110,-6.103515625855617e-47,3.7252902995063687e-93
001010101110,-2.441406250000914e-40,5.9604644775435245e-80
101010101110,-6.103515625855611e-47,3.7252902995063615e-93
011010101110,-6.103515625003047e-47,3.725290298465633e-93
111010101110,-1.5258789064640942e-53,2.32830643719206e-106
000110101110,-2.4414062500009154e-40,5.960464477543533e-80
100110101110,-6.103515625855617e-47,3.7252902995063687e-93
010110101110,-6.10351562500305e-47,3.7252902984656378e-93
110110101110,-1.5258789064640953e-53,2.3283064371920633e-106
001110101110,-6.103515625003047e-47,3.725290298465633e-93
101110101110,-1.5258789064640944e-53,2.3283064371920604e-106
011110101110,-1.525878906250953e-53,2.3283064365416044e-106
111110101110,-3.8146972661607106e-60,1.4551915232453998e-119
000001101110,-9.765625000002444e-34,9.536743164067273e-67
100001101110,-2.441406250341941e-40,5.960464479208696e-80
010001101110,-2.4414062500009154e-40,5.960464477543533e-80
110001101110,-6.103515625855618e-47,3.72529029950637e-93
001001101110,-2.441406250000914e-40,5.9604644775435245e-80
101001101110,-6.103515625855611e-47,3.7252902995063615e-93
011001101110,-6.103515625003047e-47,3.725290298465633e-93
111001101110,-1.5258789064640937e-53,2.3283064371920585e-106
000101101110,-2.4414062500009154e-40,5.960464477543533e-80
100101101110,-6.103515625855618e-47,3.72529029950637e-93
010101101110,-6.10351562500305e-47,3.7252902984656378e-93
110101101110,-1.525878906464095e-53,2.328306437192063e-106
001101101110,-6.103515625003047e-47,3.725290298465633e-93
101101101110,-1.5258789064640942e-53,2.32830643719206e-106
011101101110,-1.525878906250953e-53,2.3283064365416044e-106
111101101110,-3.814697266160711e-60,1.4551915232454004e-119
000011101110,-2.4414062500009134e-40,5.960464477543522e-80
100011101110,-6.10351562585561e-47,3.7252902995063602e-93
010011101110,-6.103515625003046e-47,3.725290298465632e-93
110011101110,-1.5258789064640937e-53,2.3283064371920585e-106
001011101110,-6.103515625003041e-47,3.725290298465626e-93
101011101110,-1.5258789064640926e-53,2.328306437192055e-106
011011101110,-1.5258789062509514e-53,2.3283064365415995e-106
111011101110,-3.814697266160708e-60,1.455191523245398e-119
000111101110,-6.103515625003046e-47,3.725290298465632e-93
100111101110,-1.5258789064640937e-53,2.3283064371920585e-106
010111101110,-1.5258789062509523e-53,2.3283064365416025e-106
110111101110,-3.8146972661607106e-60,1.4551915232453998e-119
001111101110,-1.5258789062509514e-53,2.3283064365415995e-106
101111101110,-3.8146972661607084e-60,1.4551915232453982e-119
011111101110,-3.814697265627855e-60,1.4551915228388632e-119
111111101110,-9.536743165402961e-67,9.09494702028601e-133
000000011110,-3.906250000000493e-27,1.5258789062503855e-53
100000011110,-9.765625001366558e-34,9.536743166731558e-67
010000011110,-9.765625000002454e-34,9.536743164067292e-67
110000011110,-2.4414062503419446e-40,5.960464479208714e-80
001000011110,-9.765625000002447e-34,9.536743164067279e-67
101000011110,-2.441406250341943e-40,5.9604644792087054e-80
011000011110,-2.4414062500009167e-40,5.960464477543539e-80
111000011110,-6.103515625855618e-47,3.72529029950637e-93
000100011110,-9.765625000002454e-34,9.536743164067292e-67
100100011110,-2.4414062503419446e-40,5.960464479208714e-80
010100011110,-2.4414062500009187e-40,5.9604644775435485e-80
110100011110,-6.103515625855623e-47,3.7252902995063756e-93
001100011110,-2.4414062500009167e-40,5.960464477543539e-80
101100011110,-6.103515625855619e-47,3.725290299506371e-93
011100011110,-6.103515625003054e-47,3.7252902984656425e-93
111100011110,-1.525878906464096e-53,2.3283064371920657e-106
000010011110,-9.765625000002445e-34,9.536743164067275e-67
100010011110,-2.441406250341942e-40,5.960464479208702e-80
010010011110,-2.4414062500009163e-40,5.9604644775435365e-80
110010011110,-6.103515625855618e-47,3.72529029950637e-93
001010011110,-2.4414062500009146e-40,5.960464477543528e-80
101010011110,-6.103515625855614e-47,3.725290299506365e-93
011010011110,-6.103515625003049e-47,3.7252902984656352e-93
111010011110,-1.5258789064640946e-53,2.3283064371920614e-106
000110011110,-2.4414062500009163e-40,5.9604644775435365e-80
100110011110,-6.103515625855618e-47,3.72529029950637e-93
010110011110,-6.103515625003053e-47,3.725290298465641e-93
110110011110,-1.5258789064640958e-53,2.328306437192065e-106
001110011110,-6.103515625003049e-47,3.7252902984656352e-93
101110011110,-1.5258789064640949e-53,2.328306437192062e-106
011110011110,-1.5258789062509535e-53,2.328306436541606e-106
111110011110,-3.814697266160712e-60,1.4551915232454007e-119
000001011110,-9.765625000002445e-34,9.536743164067275e-67
100001011110,-2.4414062503419417e-40,5.9604644792087e-80
010001011110,-2.4414062500009163e-40,5.9604644775435365e-80
110001011110,-6.103515625855619e-47,3.725290299506371e-93
001001011110,-2.4414062500009146e-40,5.960464477543528e-80
101001011110,-6.103515625855614e-47,3.725290299506365e-93
011001011110,-6.103515625003049e-47,3.7252902984656352e-93
111001011110,-1.5258789064640944e-53,2.3283064371920604e-106
000101011110,-2.4414062500009163e-40,5.9604644775435365e-80
100101011110,-6.103515625855619e-47,3.725290299506371e-93
010101011110,-6.103515625003053e-47,3.725290298465641e-93
110101011110,-1.5258789064640956e-53,2.3283064371920643e-106
001101011110,-6.103515625003049e-47,3.7252902984656352e-93
101101011110,-1.5258789064640946e-53,2.3283064371920614e-106
011101011110,-1.5258789062509535e-53,2.328306436541606e-106
111101011110,-3.8146972661607123e-60,1.4551915232454012e-119
000011011110,-2.4414062500009142e-40,5.960464477543527e-80
100011011110,-6.103515625855611e-47,3.7252902995063615e-93
010011011110,-6.103515625003048e-47,3.7252902984656344e-93
110011011110,-1.5258789064640944e-53,2.3283064371920604e-106
001011011110,-6.103515625003043e-47,3.7252902984656284e-93
101011011110,-1.5258789064640933e-53,2.328306437192057e-106
011011011110,-1.5258789062509518e-53,2.328306436541601e-106
111011011110,-3.814697266160709e-60,1.4551915232453987e-119
000111011110,-6.103515625003048e-47,3.7252902984656344e-93
100111011110,-1.5258789064640944e-53,2.3283064371920604e-106
010111011110,-1.525878906250953e-53,2.3283064365416044e-106
110111011110,-3.814697266160712e-60,1.4551915232454007e-119
001111011110,-1.5258789062509518e-53,2.328306436541601e-106
101111011110,-3.8146972661607095e-60,1.455191523245399e-119
011111011110,-3.814697265627856e-60,1.4551915228388643e-119
111111011110,-9.536743165402965e-67,9.094947020286017e-133
000000111110,-9.765625000002455e-34,9.536743164067296e-67
100000111110,-2.441406250341945e-40,5.960464479208716e-80
010000111110,-2.441406250000919e-40,5.96046447754355e-80
110000111110,-6.103515625855628e-47,3.7252902995063815e-93
001000111110,-2.441406250000917e-40,5.96046447754354e-80
101000111110,-6.103515625855622e-47,3.7252902995063747e-93
011000111110,-6.103515625003056e-47,3.725290298465645e-93
111000111110,-1.5258789064640958e-53,2.328306437192065e-106
000100111110,-2.441406250000919e-40,5.96046447754355e-80
100100111110,-6.103515625855628e-47,3.7252902995063815e-93
010100111110,-6.103515625003062e-47,3.725290298465652e-93
110100111110,-1.5258789064640974e-53,2.3283064371920696e-106
001100111110,-6.103515625003056e-47,3.725290298465645e-93
101100111110,-1.525878906464096e-53,2.3283064371920657e-106
011100111110,-1.525878906250955e-53,2.328306436541611e-106
111100111110,-3.8146972661607184e-60,1.455191523245406e-119
000010111110,-2.4414062500009167e-40,5.960464477543539e-80
100010111110,-6.10351562585562e-47,3.725290299506372e-93
010010111110,-6.103515625003055e-47,3.7252902984656437e-93
110010111110,-1.5258789064640958e-53,2.328306437192065e-106
001010111110,-6.10351562500305e-47,3.7252902984656378e-93
101010111110,-1.5258789064640949e-53,2.328306437192062e-106
011010111110,-1.5258789062509535e-53,2.328306436541606e-106
111010111110,-3.8146972661607145e-60,1.455191523245403e-119
000110111110,-6.103515625003055e-47,3.7252902984656437e-93
100110111110,-1.5258789064640958e-53,2.328306437192065e-106
010110111110,-1.5258789062509544e-53,2.3283064365416087e-106
110110111110,-3.814697266160718e-60,1.4551915232454053e-119
001110111110,-1.5258789062509535e-53,2.328306436541606e-106
101110111110,-3.814697266160715e-60,1.4551915232454034e-119
011110111110,-3.8146972656278615e-60,1.4551915228388684e-119
111110111110,-9.536743165402974e-67,9.094947020286035e-133
000001111110,-2.4414062500009167e-40,5.960464477543539e-80
100001111110,-6.103515625855619e-47,3.725290299506371e-93
010001111110,-6.103515625003055e-47,3.7252902984656437e-93
110001111110,-1.525878906464096e-53,2.3283064371920657e-106
001001111110,-6.10351562500305e-47,3.7252902984656378e-93
101001111110,-1.5258789064640949e-53,2.328306437192062e-106
011001111110,-1.5258789062509535e-53,2.328306436541606e-106
111001111110,-3.8146972661607123e-60,1.4551915232454012e-119
000101111110,-6.103515625003055e-47,3.7252902984656437e-93
100101111110,-1.525878906464096e-53,2.3283064371920657e-106
010101111110,-1.5258789062509544e-53,2.3283064365416087e-106
110101111110,-3.814697266160717e-60,1.455191523245405e-119
001101111110,-1.5258789062509535e-53,2.328306436541606e-106
101101111110,-3.8146972661607145e-60,1.455191523245403e-119
011101111110,-3.8146972656278615e-60,1.4551915228388684e-119
111101111110,-9.536743165402976e-67,9.094947020286038e-133
000011111110,-6.1035156250030495e-47,3.7252902984656365e-93
100011111110,-1.5258789064640946e-53,2.3283064371920614e-106
010011111110,-1.5258789062509532e-53,2.3283064365416054e-106
110011111110,-3.8146972661607123e-60,1.4551915232454012e-119
001011111110,-1.525878906250952e-53,2.328306436541602e-106
101011111110,-3.81469726616071e-60,1.4551915232453996e-119
011011111110,-3.814697265627857e-60,1.455191522838865e-119
111011111110,-9.536743165402967e-67,9.094947020286019e-133
000111111110,-1.5258789062509532e-53,2.3283064365416054e-106
100111111110,-3.8146972661607123e-60,1.4551915232454012e-119
010111111110,-3.8146972656278593e-60,1.4551915228388667e-119
110111111110,-9.536743165402974e-67,9.094947020286035e-133
001111111110,-3.814697265627857e-60,1.455191522838865e-119
101111111110,-9.536743165402969e-67,9.094947020286025e-133
011111111110,-9.536743164070835e-67,9.09494701774518e-133
111111111110,-2.3841857913510397e-73,5.684341887680183e-146
000000000001,-2.499999999999373e-7,6.249999999996866e-14
100000000001,-6.250000000872241e-14,3.9062500010903016e-27
010000000001,-6.249999999999215e-14,3.906249999999018e-27
110000000001,-1.562500000218256e-20,2.4414062506820504e-40
001000000001,-6.24999999999921e-14,3.9062499999990125e-27
101000000001,-1.562500000218255e-20,2.4414062506820467e-40
011000000001,-1.562499999999998e-20,2.4414062499999937e-40
111000000001,-3.9062500005461224e-27,1.5258789066766581e-53
000100000001,-6.249999999999215e-14,3.906249999999018e-27
100100000001,-1.562500000218256e-20,2.4414062506820504e-40
010100000001,-1.5624999999999995e-20,2.4414062499999986e-40
110100000001,-3.906250000546126e-27,1.525878906676661e-53
001100000001,-1.562499999999998e-20,2.4414062499999937e-40
101100000001,-3.906250000546123e-27,1.5258789066766588e-53
011100000001,-3.906250000000481e-27,1.525878906250376e-53
111100000001,-9.765625001366535e-34,9.536743166731514e-67
000010000001,-6.249999999999208e-14,3.90624999999901e-27
100010000001,-1.5625000002182546e-20,2.4414062506820455e-40
010010000001,-1.5624999999999977e-20,2.441406249999993e-40
110010000001,-3.9062500005461224e-27,1.5258789066766581e-53
001010000001,-1.5624999999999965e-20,2.4414062499999893e-40
101010000001,-3.906250000546119e-27,1.5258789066766553e-53
011010000001,-3.9062500000004775e-27,1.525878906250373e-53
111010000001,-9.765625001366523e-34,9.53674316673149e-67
000110000001,-1.5624999999999977e-20,2.441406249999993e-40
100110000001,-3.9062500005461224e-27,1.5258789066766581e-53
010110000001,-3.9062500000004804e-27,1.5258789062503753e-53
110110000001,-9.765625001366534e-34,9.536743166731511e-67
001110000001,-3.9062500000004775e-27,1.525878906250373e-53
101110000001,-9.765625001366525e-34,9.536743166731494e-67
011110000001,-9.765625000002421e-34,9.536743164067229e-67
111110000001,-2.441406250341935e-40,5.960464479208668e-80
000001000001,-6.249999999999208e-14,3.90624999999901e-27
100001000001,-1.562500000218254e-20,2.441406250682044e-40
010001000001,-1.5624999999999977e-20,2.441406249999993e-40
110001000001,-3.906250000546123e-27,1.5258789066766588e-53
001001000001,-1.5624999999999965e-20,2.4414062499999893e-40
101001000001,-3.906250000546119e-27,1.5258789066766553e-53
011001000001,-3.9062500000004775e-27,1.525878906250373e-53
111001000001,-9.765625001366522e-34,9.536743166731488e-67
000101000001,-1.5624999999999977e-20,2.441406249999993e-40
100101000001,-3.906250000546123e-27,1.5258789066766588e-53
010101000001,-3.9062500000004804e-27,1.5258789062503753e-53
110101000001,-9.765625001366532e-34,9.536743166731508e-67
001101000001,-3.9062500000004775e-27,1.525878906250373e-53
101101000001,-9.765625001366523e-34,9.53674316673149e-67
011101000001,-9.765625000002421e-34,9.536743164067229e-67
111101000001,-2.4414062503419356e-40,5.96046447920867e-80
000011000001,-1.5624999999999962e-20,2.441406249999988e-40
100011000001,-3.906250000546118e-27,1.5258789066766549e-53
010011000001,-3.906250000000477e-27,1.5258789062503725e-53
110011000001,-9.765625001366522e-34,9.536743166731488e-67
001011000001,-3.906250000000474e-27,1.5258789062503702e-53
101011000001,-9.765625001366515e-34,9.536743166731475e-67
011011000001,-9.76562500000241e-34,9.536743164067205e-67
111011000001,-2.441406250341933e-40,5.960464479208658e-80
000111000001,-3.906250000000477e-27,1.5258789062503725e-53
100111000001,-9.765625001366522e-34,9.536743166731488e-67
010111000001,-9.765625000002418e-34,9.536743164067223e-67
110111000001,-2.441406250341935e-40,5.960464479208668e-80
001111000001,-9.76562500000241e-34,9.536743164067205e-67
101111000001,-2.4414062503419336e-40,5.96046447920866e-80
011111000001,-2.4414062500009073e-40,5.960464477543492e-80
111111000001,-6.103515625855597e-47,3.7252902995063436e-93
000000100001,-6.249999999999216e-14,3.9062499999990204e-27
100000100001,-1.5625000002182564e-20,2.441406250682051e-40
010000100001,-1.5624999999999998e-20,2.4414062499999994e-40
110000100001,-3.906250000546128e-27,1.5258789066766625e-53
001000100001,-1.5624999999999983e-20,2.4414062499999946e-40
101000100001,-3.906250000546125e-27,1.5258789066766604e-53
011000100001,-3.906250000000483e-27,1.5258789062503776e-53
111000100001,-9.765625001366534e-34,9.536743166731511e-67
000100100001,-1.5624999999999998e-20,2.4414062499999994e-40
100100100001,-3.906250000546128e-27,1.5258789066766625e-53
010100100001,-3.906250000000487e-27,1.5258789062503804e-53
110100100001,-9.765625001366542e-34,9.536743166731527e-67
001100100001,-3.906250000000483e-27,1.5258789062503776e-53
101100100001,-9.765625001366535e-34,9.536743166731514e-67
011100100001,-9.765625000002432e-34,9.536743164067249e-67
111100100001,-2.441406250341939e-40,5.960464479208686e-80
000010100001,-1.562499999999998e-20,2.4414062499999937e-40
100010100001,-3.906250000546124e-27,1.5258789066766593e-53
010010100001,-3.906250000000482e-27,1.5258789062503764e-53
110010100001,-9.765625001366534e-34,9.536743166731511e-67
001010100001,-3.906250000000479e-27,1.5258789062503741e-53
101010100001,-9.765625001366525e-34,9.536743166731494e-67
011010100001,-9.765625000002421e-34,9.536743164067229e-67
111010100001,-2.4414062503419364e-40,5.960464479208674e-80
000110100001,-3.906250000000482e-27,1.5258789062503764e-53
100110100001,-9.765625001366534e-34,9.536743166731511e-67
010110100001,-9.765625000002428e-34,9.536743164067242e-67
110110100001,-2.4414062503419385e-40,5.960464479208684e-80
001110100001,-9.765625000002421e-34,9.536743164067229e-67
101110100001,-2.441406250341937e-40,5.960464479208676e-80
011110100001,-2.4414062500009105e-40,5.960464477543509e-80
111110100001,-6.103515625855604e-47,3.725290299506352e-93
000001100001,-1.562499999999998e-20,2.4414062499999937e-40
100001100001,-3.906250000546123e-27,1.5258789066766588e-53
010001100001,-3.906250000000482e-27,1.5258789062503764e-53
110001100001,-9.765625001366535e-34,9.536743166731514e-67
001001100001,-3.906250000000479e-27,1.5258789062503741e-53
101001100001,-9.765625001366525e-34,9.536743166731494e-67
011001100001,-9.765625000002421e-34,9.536743164067229e-67
111001100001,-2.4414062503419356e-40,5.96046447920867e-80
000101100001,-3.906250000000482e-27,1.5258789062503764e-53
100101100001,-9.765625001366535e-34,9.536743166731514e-67
010101100001,-9.765625000002428e-34,9.536743164067242e-67
110101100001,-2.441406250341938e-40,5.960464479208682e-80
001101100001,-9.765625000002421e-34,9.536743164067229e-67
101101100001,-2.4414062503419364e-40,5.960464479208674e-80
011101100001,-2.4414062500009105e-40,5.960464477543509e-80
111101100001,-6.103515625855605e-47,3.725290299506353e-93
000011100001,-3.906250000000478e-27,1.5258789062503737e-53
100011100001,-9.765625001366523e-34,9.53674316673149e-67
010011100001,-9.76562500000242e-34,9.536743164067225e-67
110011100001,-2.4414062503419356e-40,5.96046447920867e-80
001011100001,-9.765625000002411e-34,9.53674316406721e-67
101011100001,-2.441406250341934e-40,5.960464479208662e-80
011011100001,-2.441406250000908e-40,5.960464477543497e-80
111011100001,-6.103515625855598e-47,3.725290299506345e-93
000111100001,-9.76562500000242e-34,9.536743164067225e-67
100111100001,-2.4414062503419356e-40,5.96046447920867e-80
010111100001,-2.4414062500009097e-40,5.960464477543504e-80
110111100001,-6.103515625855604e-47,3.725290299506352e-93
001111100001,-2.441406250000908e-40,5.960464477543497e-80
101111100001,-6.103515625855599e-47,3.725290299506346e-93
011111100001,-6.103515625003033e-47,3.7252902984656165e-93
111111100001,-1.52587890646409e-53,2.3283064371920473e-106
000000010001,-6.249999999999219e-14,3.906249999999023e-27
100000010001,-1.5625000002182564e-20,2.441406250682051e-40
010000010001,-1.5625e-20,2.4414062500000003e-40
110000010001,-3.906250000546129e-27,1.5258789066766632e-53
001000010001,-1.5624999999999986e-20,2.4414062499999958e-40
101000010001,-3.906250000546126e-27,1.525878906676661e-53
011000010001,-3.906250000000485e-27,1.5258789062503788e-53
111000010001,-9.765625001366535e-34,9.536743166731514e-67
000100010001,-1.5625e-20,2.4414062500000003e-40
100100010001,-3.906250000546129e-27,1.5258789066766632e-53
010100010001,-3.9062500000004876e-27,1.5258789062503809e-53
110100010001,-9.765625001366544e-34,9.536743166731531e-67
001100010001,-3.906250000000485e-27,1.5258789062503788e-53
101100010001,-9.765625001366537e-34,9.536743166731518e-67
011100010001,-9.765625000002433e-34,9.536743164067253e-67
111100010001,-2.44140625034194e-40,5.960464479208692e-80
000010010001,-1.5624999999999983e-20,2.4414062499999946e-40
100010010001,-3.906250000546125e-27,1.5258789066766604e-53
010010010001,-3.906250000000484e-27,1.525878906250378e-53
110010010001,-9.765625001366535e-34,9.536743166731514e-67
001010010001,-3.9062500000004804e-27,1.5258789062503753e-53
101010010001,-9.765625001366527e-34,9.536743166731498e-67
011010010001,-9.765625000002425e-34,9.536743164067236e-67
111010010001,-2.4414062503419372e-40,5.960464479208678e-80
000110010001,-3.906250000000484e-27,1.525878906250378e-53
100110010001,-9.765625001366535e-34,9.536743166731514e-67
010110010001,-9.765625000002432e-34,9.536743164067249e-67
110110010001,-2.4414062503419393e-40,5.960464479208688e-80
001110010001,-9.765625000002425e-34,9.536743164067236e-67
101110010001,-2.4414062503419376e-40,5.96046447920868e-80
011110010001,-2.4414062500009114e-40,5.9604644775435125e-80
111110010001,-6.103515625855606e-47,3.7252902995063543e-93
000001010001,-1.5624999999999983e-20,2.4414062499999946e-40
100001010001,-3.9062500005461246e-27,1.5258789066766597e-53
010001010001,-3.906250000000484e-27,1.525878906250378e-53
110001010001,-9.765625001366537e-34,9.536743166731518e-67
001001010001,-3.9062500000004804e-27,1.5258789062503753e-53
101001010001,-9.765625001366527e-34,9.536743166731498e-67
011001010001,-9.765625000002425e-34,9.536743164067236e-67
111001010001,-2.441406250341937e-40,5.960464479208676e-80
000101010001,-3.906250000000484e-27,1.525878906250378e-53
100101010001,-9.765625001366537e-34,9.536743166731518e-67
010101010001,-9.765625000002432e-34,9.536743164067249e-67
110101010001,-2.441406250341939e-40,5.960464479208686e-80
001101010001,-9.765625000002425e-34,9.536743164067236e-67
101101010001,-2.4414062503419372e-40,5.960464479208678e-80
011101010001,-2.4414062500009114e-40,5.9604644775435125e-80
111101010001,-6.1035156258556065e-47,3.7252902995063555e-93
000011010001,-3.90625000000048e-27,1.5258789062503748e-53
100011010001,-9.765625001366525e-34,9.536743166731494e-67
010011010001,-9.765625000002423e-34,9.536743164067232e-67
110011010001,-2.441406250341937e-40,5.960464479208676e-80
001011010001,-9.765625000002414e-34,9.536743164067216e-67
101011010001,-2.4414062503419348e-40,5.960464479208666e-80
011011010001,-2.441406250000909e-40,5.9604644775435005e-80
111011010001,-6.1035156258556e-47,3.7252902995063475e-93
000111010001,-9.765625000002423e-34,9.536743164067232e-67
100111010001,-2.441406250341937e-40,5.960464479208676e-80
010111010001,-2.4414062500009105e-40,5.960464477543509e-80
110111010001,-6.103515625855606e-47,3.7252902995063543e-93
001111010001,-2.441406250000909e-40,5.9604644775435005e-80
101111010001,-6.103515625855601e-47,3.7252902995063483e-93
011111010001,-6.103515625003036e-47,3.72529029846562e-93
111111010001,-1.5258789064640907e-53,2.3283064371920493e-106
000000110001,-1.5625000000000004e-20,2.4414062500000015e-40
100000110001,-3.9062500005461296e-27,1.5258789066766637e-53
010000110001,-3.906250000000488e-27,1.5258789062503815e-53
110000110001,-9.76562500136655e-34,9.536743166731544e-67
001000110001,-3.9062500000004854e-27,1.5258789062503792e-53
101000110001,-9.765625001366542e-34,9.536743166731527e-67
011000110001,-9.765625000002437e-34,9.53674316406726e-67
111000110001,-2.4414062503419393e-40,5.960464479208688e-80
000100110001,-3.906250000000488e-27,1.5258789062503815e-53
100100110001,-9.76562500136655e-34,9.536743166731544e-67
010100110001,-9.765625000002445e-34,9.536743164067275e-67
110100110001,-2.4414062503419417e-40,5.9604644792087e-80
001100110001,-9.765625000002437e-34,9.53674316406726e-67
101100110001,-2.44140625034194e-40,5.960464479208692e-80
011100110001,-2.441406250000914e-40,5.9604644775435245e-80
111100110001,-6.103515625855615e-47,3.725290299506366e-93
000010110001,-3.906250000000485e-27,1.5258789062503788e-53
100010110001,-9.765625001366539e-34,9.536743166731521e-67
010010110001,-9.765625000002435e-34,9.536743164067256e-67
110010110001,-2.4414062503419393e-40,5.960464479208688e-80
001010110001,-9.765625000002428e-34,9.536743164067242e-67
101010110001,-2.4414062503419376e-40,5.96046447920868e-80
011010110001,-2.4414062500009114e-40,5.9604644775435125e-80
111010110001,-6.103515625855608e-47,3.725290299506358e-93
000110110001,-9.765625000002435e-34,9.536743164067256e-67
100110110001,-2.4414062503419393e-40,5.960464479208688e-80
010110110001,-2.441406250000913e-40,5.960464477543521e-80
110110110001,-6.103515625855614e-47,3.725290299506365e-93
001110110001,-2.4414062500009114e-40,5.9604644775435125e-80
101110110001,-6.103515625855609e-47,3.725290299506359e-93
011110110001,-6.103515625003044e-47,3.7252902984656297e-93
111110110001,-1.525878906464092e-53,2.3283064371920536e-106
000001110001,-3.906250000000485e-27,1.5258789062503788e-53
100001110001,-9.765625001366537e-34,9.536743166731518e-67
010001110001,-9.765625000002435e-34,9.536743164067256e-67
110001110001,-2.44140625034194e-40,5.960464479208692e-80
001001110001,-9.765625000002428e-34,9.536743164067242e-67
101001110001,-2.4414062503419376e-40,5.96046447920868e-80
011001110001,-2.4414062500009114e-40,5.9604644775435125e-80
111001110001,-6.1035156258556065e-47,3.7252902995063555e-93
000101110001,-9.765625000002435e-34,9.536743164067256e-67
100101110001,-2.44140625034194e-40,5.960464479208692e-80
010101110001,-2.441406250000913e-40,5.960464477543521e-80
110101110001,-6.103515625855613e-47,3.725290299506364e-93
001101110001,-2.4414062500009114e-40,5.9604644775435125e-80
101101110001,-6.103515625855608e-47,3.725290299506358e-93
011101110001,-6.103515625003044e-47,3.7252902984656297e-93
111101110001,-1.5258789064640923e-53,2.328306437192054e-106
000011110001,-9.765625000002426e-34,9.536743164067238e-67
100011110001,-2.4414062503419372e-40,5.960464479208678e-80
010011110001,-2.441406250000911e-40,5.96046447754351e-80
110011110001,-6.1035156258556065e-47,3.7252902995063555e-93
001011110001,-2.4414062500009093e-40,5.960464477543503e-80
101011110001,-6.103515625855603e-47,3.725290299506351e-93
011011110001,-6.103515625003038e-47,3.7252902984656224e-93
111011110001,-1.525878906464091e-53,2.32830643719205e-106
000111110001,-2.441406250000911e-40,5.96046447754351e-80
100111110001,-6.1035156258556065e-47,3.7252902995063555e-93
010111110001,-6.103515625003042e-47,3.725290298465627e-93
110111110001,-1.525878906464092e-53,2.3283064371920536e-106
001111110001,-6.103515625003038e-47,3.7252902984656224e-93
101111110001,-1.5258789064640912e-53,2.3283064371920507e-106
011111110001,-1.5258789062509497e-53,2.3283064365415947e-106
111111110001,-3.814697266160705e-60,1.4551915232453957e-119
000000001001,-6.249999999999217e-14,3.906249999999022e-27
100000001001,-1.5625000002182564e-20,2.441406250682051e-40
010000001001,-1.5625e-20,2.4414062500000003e-40
110000001001,-3.9062500005461296e-27,1.5258789066766637e-53
001000001001,-1.5624999999999983e-20,2.4414062499999946e-40
101000001001,-3.906250000546127e-27,1.5258789066766616e-53
011000001001,-3.9062500000004854e-27,1.5258789062503792e-53
111000001001,-9.765625001366535e-34,9.536743166731514e-67
000100001001,-1.5625e-20,2.4414062500000003e-40
100100001001,-3.9062500005461296e-27,1.5258789066766637e-53
010100001001,-3.906250000000488e-27,1.5258789062503815e-53
110100001001,-9.765625001366546e-34,9.536743166731534e-67
001100001001,-3.9062500000004854e-27,1.5258789062503792e-53
101100001001,-9.765625001366537e-34,9.536743166731518e-67
011100001001,-9.765625000002433e-34,9.536743164067253e-67
111100001001,-2.44140625034194e-40,5.960464479208692e-80
000010001001,-1.562499999999998e-20,2.4414062499999937e-40
100010001001,-3.906250000546126e-27,1.525878906676661e-53
010010001001,-3.906250000000484e-27,1.525878906250378e-53
110010001001,-9.765625001366535e-34,9.536743166731514e-67
001010001001,-3.9062500000004804e-27,1.5258789062503753e-53
101010001001,-9.765625001366527e-34,9.536743166731498e-67
011010001001,-9.765625000002425e-34,9.536743164067236e-67
111010001001,-2.441406250341937e-40,5.960464479208676e-80
000110001001,-3.906250000000484e-27,1.525878906250378e-53
100110001001,-9.765625001366535e-34,9.536743166731514e-67
010110001001,-9.765625000002432e-34,9.536743164067249e-67
110110001001,-2.4414062503419393e-40,5.960464479208688e-80
001110001001,-9.765625000002425e-34,9.536743164067236e-67
101110001001,-2.4414062503419372e-40,5.960464479208678e-80
011110001001,-2.4414062500009114e-40,5.9604644775435125e-80
111110001001,-6.1035156258556065e-47,3.7252902995063555e-93
000001001001,-1.562499999999998e-20,2.4414062499999937e-40
100001001001,-3.906250000546125e-27,1.5258789066766604e-53
010001001001,-3.906250000000484e-27,1.525878906250378e-53
110001001001,-9.765625001366537e-34,9.536743166731518e-67
001001001001,-3.9062500000004804e-27,1.5258789062503753e-53
101001001001,-9.765625001366527e-34,9.536743166731498e-67
011001001001,-9.765625000002425e-34,9.536743164067236e-67
111001001001,-2.4414062503419364e-40,5.960464479208674e-80
000101001001,-3.906250000000484e-27,1.525878906250378e-53
100101001001,-9.765625001366537e-34,9.536743166731518e-67
010101001001,-9.765625000002432e-34,9.536743164067249e-67
110101001001,-2.441406250341939e-40,5.960464479208686e-80
001101001001,-9.765625000002425e-34,9.536743164067236e-67
101101001001,-2.441406250341937e-40,5.960464479208676e-80
011101001001,-2.4414062500009114e-40,5.9604644775435125e-80
111101001001,-6.103515625855607e-47,3.725290299506357e-93
000011001001,-3.90625000000048e-27,1.5258789062503748e-53
100011001001,-9.765625001366525e-34,9.536743166731494e-67
010011001001,-9.765625000002423e-34,9.536743164067232e-67
110011001001,-2.4414062503419364e-40,5.960464479208674e-80
001011001001,-9.765625000002416e-34,9.536743164067219e-67
101011001001,-2.4414062503419348e-40,5.960464479208666e-80
011011001001,-2.4414062500009085e-40,5.960464477543498e-80
111011001001,-6.1035156258556e-47,3.7252902995063475e-93
000111001001,-9.765625000002423e-34,9.536743164067232e-67
100111001001,-2.4414062503419364e-40,5.960464479208674e-80
010111001001,-2.4414062500009105e-40,5.960464477543509e-80
110111001001,-6.1035156258556065e-47,3.7252902995063555e-93
001111001001,-2.4414062500009085e-40,5.960464477543498e-80
101111001001,-6.103515625855601e-47,3.7252902995063483e-93
011111001001,-6.103515625003036e-47,3.72529029846562e-93
111111001001,-1.5258789064640907e-53,2.3283064371920493e-106
000000101001,-1.5625000000000004e-20,2.4414062500000015e-40
100000101001,-3.90625000054613e-27,1.5258789066766644e-53
010000101001,-3.906250000000489e-27,1.525878906250382e-53
110000101001,-9.76562500136655e-34,9.536743166731544e-67
001000101001,-3.906250000000486e-27,1.5258789062503797e-53
101000101001,-9.765625001366542e-34,9.536743166731527e-67
011000101001,-9.765625000002437e-34,9.53674316406726e-67
111000101001,-2.4414062503419393e-40,5.960464479208688e-80
000100101001,-3.906250000000489e-27,1.525878906250382e-53
100100101001,-9.76562500136655e-34,9.536743166731544e-67
010100101001,-9.765625000002445e-34,9.536743164067275e-67
110100101001,-2.4414062503419417e-40,5.9604644792087e-80
001100101001,-9.765625000002437e-34,9.53674316406726e-67
101100101001,-2.44140625034194e-40,5.960464479208692e-80
011100101001,-2.441406250000914e-40,5.9604644775435245e-80
111100101001,-6.103515625855615e-47,3.725290299506366e-93
000010101001,-3.9062500000004854e-27,1.5258789062503792e-53
100010101001,-9.765625001366539e-34,9.536743166731521e-67
010010101001,-9.765625000002435e-34,9.536743164067256e-67
110010101001,-2.4414062503419393e-40,5.960464479208688e-80
001010101001,-9.765625000002428e-34,9.536743164067242e-67
101010101001,-2.4414062503419372e-40,5.960464479208678e-80
011010101001,-2.4414062500009114e-40,5.9604644775435125e-80
111010101001,-6.103515625855609e-47,3.725290299506359e-93
000110101001,-9.765625000002435e-34,9.536743164067256e-67
100110101001,-2.4414062503419393e-40,5.960464479208688e-80
010110101001,-2.441406250000913e-40,5.960464477543521e-80
110110101001,-6.103515625855614e-47,3.725290299506365e-93
001110101001,-2.4414062500009114e-40,5.9604644775435125e-80
101110101001,-6.10351562585561e-47,3.7252902995063602e-93
011110101001,-6.103515625003045e-47,3.7252902984656305e-93
111110101001,-1.525878906464092e-53,2.3283064371920536e-106
000001101001,-3.9062500000004854e-27,1.5258789062503792e-53
100001101001,-9.765625001366537e-34,9.536743166731518e-67
010001101001,-9.765625000002435e-34,9.536743164067256e-67
110001101001,-2.44140625034194e-40,5.960464479208692e-80
001001101001,-9.765625000002428e-34,9.536743164067242e-67
101001101001,-2.4414062503419372e-40,5.960464479208678e-80
011001101001,-2.4414062500009114e-40,5.9604644775435125e-80
111001101001,-6.103515625855607e-47,3.725290299506357e-93
000101101001,-9.765625000002435e-34,9.536743164067256e-67
100101101001,-2.44140625034194e-40,5.960464479208692e-80
010101101001,-2.441406250000913e-40,5.960464477543521e-80
110101101001,-6.103515625855613e-47,3.725290299506364e-93
001101101001,-2.4414062500009114e-40,5.9604644775435125e-80
101101101001,-6.103515625855609e-47,3.725290299506359e-93
011101101001,-6.103515625003045e-47,3.7252902984656305e-93
111101101001,-1.5258789064640923e-53,2.328306437192054e-106
000011101001,-9.765625000002426e-34,9.536743164067238e-67
100011101001,-2.441406250341937e-40,5.960464479208676e-80
010011101001,-2.441406250000911e-40,5.96046447754351e-80
110011101001,-6.103515625855607e-47,3.725290299506357e-93
001011101001,-2.441406250000909e-40,5.9604644775435005e-80
101011101001,-6.103515625855603e-47,3.725290299506351e-93
011011101001,-6.103515625003038e-47,3.7252902984656224e-93
111011101001,-1.525878906464091e-53,2.32830643719205e-106
000111101001,-2.441406250000911e-40,5.96046447754351e-80
100111101001,-6.103515625855607e-47,3.725290299506357e-93
010111101001,-6.103515625003042e-47,3.725290298465627e-93
110111101001,-1.525878906464092e-53,2.3283064371920536e-106
001111101001,-6.103515625003038e-47,3.7252902984656224e-93
101111101001,-1.5258789064640912e-53,2.3283064371920507e-106
011111101001,-1.5258789062509497e-53,2.3283064365415947e-106
111111101001,-3.814697266160705e-60,1.4551915232453957e-119
000000011001,-1.562500000000001e-20,2.441406250000003e-40
100000011001,-3.90625000054613e-27,1.5258789066766644e-53
010000011001,-3.90625000000049e-27,1.5258789062503827e-53
110000011001,-9.765625001366552e-34,9.536743166731548e-67
001000011001,-3.906250000000487e-27,1.5258789062503804e-53
101000011001,-9.765625001366546e-34,9.536743166731534e-67
011000011001,-9.76562500000244e-34,9.536743164067266e-67
111000011001,-2.44140625034194e-40,5.960464479208692e-80
000100011001,-3.90625000000049e-27,1.5258789062503827e-53
100100011001,-9.765625001366552e-34,9.536743166731548e-67
010100011001,-9.765625000002447e-34,9.536743164067279e-67
110100011001,-2.441406250341942e-40,5.960464479208702e-80
001100011001,-9.76562500000244e-34,9.536743164067266e-67
101100011001,-2.4414062503419405e-40,5.960464479208694e-80
011100011001,-2.4414062500009142e-40,5.960464477543527e-80
111100011001,-6.103515625855617e-47,3.7252902995063687e-93
000010011001,-3.906250000000486e-27,1.5258789062503797e-53
100010011001,-9.765625001366542e-34,9.536743166731527e-67
010010011001,-9.765625000002438e-34,9.536743164067262e-67
110010011001,-2.44140625034194e-40,5.960464479208692e-80
001010011001,-9.765625000002432e-34,9.536743164067249e-67
101010011001,-2.441406250341938e-40,5.960464479208682e-80
011010011001,-2.441406250000912e-40,5.960464477543516e-80
111010011001,-6.103515625855611e-47,3.7252902995063615e-93
000110011001,-9.765625000002438e-34,9.536743164067262e-67
100110011001,-2.44140625034194e-40,5.960464479208692e-80
010110011001,-2.441406250000914e-40,5.9604644775435245e-80
110110011001,-6.103515625855616e-47,3.7252902995063675e-93
001110011001,-2.441406250000912e-40,5.960464477543516e-80
101110011001,-6.103515625855612e-47,3.7252902995063628e-93
011110011001,-6.103515625003047e-47,3.725290298465633e-93
111110011001,-1.5258789064640926e-53,2.328306437192055e-106
000001011001,-3.906250000000486e-27,1.5258789062503797e-53
100001011001,-9.76562500136654e-34,9.536743166731525e-67
010001011001,-9.765625000002438e-34,9.536743164067262e-67
110001011001,-2.4414062503419405e-40,5.960464479208694e-80
001001011001,-9.765625000002432e-34,9.536743164067249e-67
101001011001,-2.441406250341938e-40,5.960464479208682e-80
011001011001,-2.441406250000912e-40,5.960464477543516e-80
111001011001,-6.10351562585561e-47,3.7252902995063602e-93
000101011001,-9.765625000002438e-34,9.536743164067262e-67
100101011001,-2.4414062503419405e-40,5.960464479208694e-80
010101011001,-2.441406250000914e-40,5.9604644775435245e-80
110101011001,-6.103515625855615e-47,3.725290299506366e-93
001101011001,-2.441406250000912e-40,5.960464477543516e-80
101101011001,-6.103515625855611e-47,3.7252902995063615e-93
011101011001,-6.103515625003047e-47,3.725290298465633e-93
111101011001,-1.5258789064640928e-53,2.3283064371920556e-106
000011011001,-9.76562500000243e-34,9.536743164067246e-67
100011011001,-2.4414062503419372e-40,5.960464479208678e-80
010011011001,-2.4414062500009118e-40,5.960464477543515e-80
110011011001,-6.10351562585561e-47,3.7252902995063602e-93
001011011001,-2.4414062500009097e-40,5.960464477543504e-80
101011011001,-6.103515625855606e-47,3.7252902995063543e-93
011011011001,-6.10351562500304e-47,3.7252902984656246e-93
111011011001,-1.5258789064640914e-53,2.328306437192051e-106
000111011001,-2.4414062500009118e-40,5.960464477543515e-80
100111011001,-6.10351562585561e-47,3.7252902995063602e-93
010111011001,-6.103515625003045e-47,3.7252902984656305e-93
110111011001,-1.5258789064640926e-53,2.328306437192055e-106
001111011001,-6.10351562500304e-47,3.7252902984656246e-93
101111011001,-1.5258789064640916e-53,2.328306437192052e-106
011111011001,-1.5258789062509502e-53,2.328306436541596e-106
111111011001,-3.814697266160707e-60,1.455191523245397e-119
000000111001,-3.9062500000004904e-27,1.5258789062503832e-53
100000111001,-9.765625001366554e-34,9.536743166731551e-67
010000111001,-9.765625000002449e-34,9.536743164067282e-67
110000111001,-2.4414062503419438e-40,5.96046447920871e-80
001000111001,-9.765625000002442e-34,9.536743164067269e-67
101000111001,-2.4414062503419417e-40,5.9604644792087e-80
011000111001,-2.441406250000915e-40,5.9604644775435305e-80
111000111001,-6.103515625855616e-47,3.7252902995063675e-93
000100111001,-9.765625000002449e-34,9.536743164067282e-67
100100111001,-2.4414062503419438e-40,5.96046447920871e-80
010100111001,-2.4414062500009175e-40,5.9604644775435425e-80
110100111001,-6.103515625855621e-47,3.7252902995063734e-93
001100111001,-2.441406250000915e-40,5.9604644775435305e-80
101100111001,-6.103515625855617e-47,3.7252902995063687e-93
011100111001,-6.103515625003052e-47,3.7252902984656403e-93
111100111001,-1.525878906464095e-53,2.328306437192063e-106
000010111001,-9.76562500000244e-34,9.536743164067266e-67
100010111001,-2.441406250341941e-40,5.960464479208696e-80
010010111001,-2.4414062500009146e-40,5.960464477543528e-80
110010111001,-6.103515625855616e-47,3.7252902995063675e-93
001010111001,-2.441406250000913e-40,5.960464477543521e-80
101010111001,-6.103515625855612e-47,3.7252902995063628e-93
011010111001,-6.103515625003047e-47,3.725290298465633e-93
111010111001,-1.5258789064640933e-53,2.328306437192057e-106
000110111001,-2.4414062500009146e-40,5.960464477543528e-80
100110111001,-6.103515625855616e-47,3.7252902995063675e-93
010110111001,-6.10351562500305e-47,3.7252902984656378e-93
110110111001,-1.5258789064640949e-53,2.328306437192062e-106
001110111001,-6.103515625003047e-47,3.725290298465633e-93
101110111001,-1.5258789064640935e-53,2.328306437192058e-106
011110111001,-1.525878906250952e-53,2.328306436541602e-106
111110111001,-3.81469726616071e-60,1.4551915232453996e-119
000001111001,-9.76562500000244e-34,9.536743164067266e-67
100001111001,-2.4414062503419405e-40,5.960464479208694e-80
010001111001,-2.4414062500009146e-40,5.960464477543528e-80
110001111001,-6.103515625855617e-47,3.7252902995063687e-93
001001111001,-2.441406250000913e-40,5.960464477543521e-80
101001111001,-6.103515625855612e-47,3.7252902995063628e-93
011001111001,-6.103515625003047e-47,3.725290298465633e-93
111001111001,-1.5258789064640928e-53,2.3283064371920556e-106
000101111001,-2.4414062500009146e-40,5.960464477543528e-80
100101111001,-6.103515625855617e-47,3.7252902995063687e-93
010101111001,-6.10351562500305e-47,3.7252902984656378e-93
110101111001,-1.5258789064640946e-53,2.3283064371920614e-106
001101111001,-6.103515625003047e-47,3.725290298465633e-93
101101111001,-1.5258789064640933e-53,2.328306437192057e-106
011101111001,-1.525878906250952e-53,2.328306436541602e-106
111101111001,-3.8146972661607106e-60,1.4551915232453998e-119
000011111001,-2.4414062500009126e-40,5.9604644775435185e-80
100011111001,-6.103515625855611e-47,3.7252902995063615e-93
010011111001,-6.103515625003046e-47,3.725290298465632e-93
110011111001,-1.5258789064640928e-53,2.3283064371920556e-106
001011111001,-6.103515625003041e-47,3.725290298465626e-93
101011111001,-1.5258789064640919e-53,2.3283064371920527e-106
011011111001,-1.5258789062509507e-53,2.3283064365415976e-106
111011111001,-3.8146972661607073e-60,1.4551915232453974e-119
000111111001,-6.103515625003046e-47,3.725290298465632e-93
100111111001,-1.5258789064640928e-53,2.3283064371920556e-106
010111111001,-1.5258789062509516e-53,2.3283064365416005e-106
110111111001,-3.81469726616071e-60,1.4551915232453996e-119
001111111001,-1.5258789062509507e-53,2.3283064365415976e-106
101111111001,-3.814697266160708e-60,1.455191523245398e-119
011111111001,-3.8146972656278543e-60,1.455191522838863e-119
111111111001,-9.536743165402959e-67,9.094947020286005e-133
000000000101,-6.249999999999215e-14,3.906249999999018e-27
100000000101,-1.5625000002182558e-20,2.4414062506820496e-40
010000000101,-1.5624999999999992e-20,2.4414062499999974e-40
110000000101,-3.906250000546128e-27,1.5258789066766625e-53
001000000101,-1.5624999999999977e-20,2.441406249999993e-40
101000000101,-3.906250000546125e-27,1.5258789066766604e-53
011000000101,-3.906250000000484e-27,1.525878906250378e-53
111000000101,-9.76562500136653e-34,9.536743166731505e-67
000100000101,-1.5624999999999992e-20,2.4414062499999974e-40
100100000101,-3.906250000546128e-27,1.5258789066766625e-53
010100000101,-3.906250000000487e-27,1.5258789062503804e-53
110100000101,-9.765625001366539e-34,9.536743166731521e-67
001100000101,-3.906250000000484e-27,1.525878906250378e-53
101100000101,-9.765625001366532e-34,9.536743166731508e-67
011100000101,-9.765625000002428e-34,9.536743164067242e-67
111100000101,-2.4414062503419385e-40,5.960464479208684e-80
000010000101,-1.5624999999999974e-20,2.4414062499999917e-40
100010000101,-3.9062500005461246e-27,1.5258789066766597e-53
010010000101,-3.906250000000483e-27,1.5258789062503776e-53
110010000101,-9.76562500136653e-34,9.536743166731505e-67
001010000101,-3.90625000000048e-27,1.5258789062503748e-53
101010000101,-9.765625001366522e-34,9.536743166731488e-67
011010000101,-9.765625000002418e-34,9.536743164067223e-67
111010000101,-2.441406250341936e-40,5.960464479208672e-80
000110000101,-3.906250000000483e-27,1.5258789062503776e-53
100110000101,-9.76562500136653e-34,9.536743166731505e-67
010110000101,-9.765625000002426e-34,9.536743164067238e-67
110110000101,-2.441406250341938e-40,5.960464479208682e-80
001110000101,-9.765625000002418e-34,9.536743164067223e-67
101110000101,-2.4414062503419364e-40,5.960464479208674e-80
011110000101,-2.44140625000091e-40,5.9604644775435065e-80
111110000101,-6.103515625855603e-47,3.725290299506351e-93
000001000101,-1.5624999999999974e-20,2.4414062499999917e-40
100001000101,-3.906250000546124e-27,1.5258789066766593e-53
010001000101,-3.906250000000483e-27,1.5258789062503776e-53
110001000101,-9.765625001366532e-34,9.536743166731508e-67
001001000101,-3.90625000000048e-27,1.5258789062503748e-53
101001000101,-9.765625001366522e-34,9.536743166731488e-67
011001000101,-9.765625000002418e-34,9.536743164067223e-67
111001000101,-2.441406250341935e-40,5.960464479208668e-80
000101000101,-3.906250000000483e-27,1.5258789062503776e-53
100101000101,-9.765625001366532e-34,9.536743166731508e-67
010101000101,-9.765625000002426e-34,9.536743164067238e-67
110101000101,-2.4414062503419376e-40,5.96046447920868e-80
001101000101,-9.765625000002418e-34,9.536743164067223e-67
101101000101,-2.441406250341936e-40,5.960464479208672e-80
011101000101,-2.44140625000091e-40,5.9604644775435065e-80
111101000101,-6.103515625855604e-47,3.725290299506352e-93
000011000101,-3.906250000000478e-27,1.5258789062503737e-53
100011000101,-9.76562500136652e-34,9.536743166731484e-67
010011000101,-9.765625000002416e-34,9.536743164067219e-67
110011000101,-2.441406250341935e-40,5.960464479208668e-80
001011000101,-9.765625000002408e-34,9.536743164067203e-67
101011000101,-2.4414062503419336e-40,5.96046447920866e-80
011011000101,-2.4414062500009077e-40,5.9604644775434945e-80
111011000101,-6.103515625855597e-47,3.7252902995063436e-93
000111000101,-9.765625000002416e-34,9.536743164067219e-67
100111000101,-2.441406250341935e-40,5.960464479208668e-80
010111000101,-2.4414062500009093e-40,5.960464477543503e-80
110111000101,-6.103515625855603e-47,3.725290299506351e-93
001111000101,-2.4414062500009077e-40,5.9604644775434945e-80
101111000101,-6.103515625855598e-47,3.725290299506345e-93
011111000101,-6.103515625003032e-47,3.725290298465615e-93
111111000101,-1.5258789064640898e-53,2.3283064371920464e-106
000000100101,-1.5624999999999995e-20,2.4414062499999986e-40
100000100101,-3.906250000546129e-27,1.5258789066766632e-53
010000100101,-3.9062500000004876e-27,1.5258789062503809e-53
110000100101,-9.765625001366544e-34,9.536743166731531e-67
001000100101,-3.906250000000485e-27,1.5258789062503788e-53
101000100101,-9.765625001366537e-34,9.536743166731518e-67
011000100101,-9.765625000002432e-34,9.536743164067249e-67
111000100101,-2.441406250341938e-40,5.960464479208682e-80
000100100101,-3.9062500000004876e-27,1.5258789062503809e-53
100100100101,-9.765625001366544e-34,9.536743166731531e-67
010100100101,-9.76562500000244e-34,9.536743164067266e-67
110100100101,-2.4414062503419405e-40,5.960464479208694e-80
001100100101,-9.765625000002432e-34,9.536743164067249e-67
101100100101,-2.4414062503419385e-40,5.960464479208684e-80
011100100101,-2.4414062500009126e-40,5.9604644775435185e-80
111100100101,-6.103515625855612e-47,3.7252902995063628e-93
000010100101,-3.906250000000484e-27,1.525878906250378e-53
100010100101,-9.765625001366534e-34,9.536743166731511e-67
010010100101,-9.76562500000243e-34,9.536743164067246e-67
110010100101,-2.441406250341938e-40,5.960464479208682e-80
001010100101,-9.765625000002423e-34,9.536743164067232e-67
101010100101,-2.4414062503419364e-40,5.960464479208674e-80
011010100101,-2.44140625000091e-40,5.9604644775435065e-80
111010100101,-6.103515625855606e-47,3.7252902995063543e-93
000110100101,-9.76562500000243e-34,9.536743164067246e-67
100110100101,-2.441406250341938e-40,5.960464479208682e-80
010110100101,-2.4414062500009118e-40,5.960464477543515e-80
110110100101,-6.103515625855611e-47,3.7252902995063615e-93
001110100101,-2.44140625000091e-40,5.9604644775435065e-80
101110100101,-6.1035156258556065e-47,3.7252902995063555e-93
011110100101,-6.103515625003041e-47,3.725290298465626e-93
111110100101,-1.5258789064640914e-53,2.328306437192051e-106
000001100101,-3.906250000000484e-27,1.525878906250378e-53
100001100101,-9.765625001366532e-34,9.536743166731508e-67
010001100101,-9.76562500000243e-34,9.536743164067246e-67
110001100101,-2.4414062503419385e-40,5.960464479208684e-80
001001100101,-9.765625000002423e-34,9.536743164067232e-67
101001100101,-2.4414062503419364e-40,5.960464479208674e-80
011001100101,-2.44140625000091e-40,5.9604644775435065e-80
111001100101,-6.103515625855604e-47,3.725290299506352e-93
000101100101,-9.76562500000243e-34,9.536743164067246e-67
100101100101,-2.4414062503419385e-40,5.960464479208684e-80
010101100101,-2.4414062500009118e-40,5.960464477543515e-80
110101100101,-6.10351562585561e-47,3.7252902995063602e-93
001101100101,-2.44140625000091e-40,5.9604644775435065e-80
101101100101,-6.103515625855606e-47,3.7252902995063543e-93
011101100101,-6.103515625003041e-47,3.725290298465626e-93
111101100101,-1.5258789064640916e-53,2.328306437192052e-106
000011100101,-9.765625000002421e-34,9.536743164067229e-67
100011100101,-2.441406250341936e-40,5.960464479208672e-80
010011100101,-2.4414062500009097e-40,5.960464477543504e-80
110011100101,-6.103515625855604e-47,3.725290299506352e-93
001011100101,-2.441406250000908e-40,5.960464477543497e-80
101011100101,-6.103515625855599e-47,3.725290299506346e-93
011011100101,-6.103515625003034e-47,3.7252902984656178e-93
111011100101,-1.52587890646409e-53,2.3283064371920473e-106
000111100101,-2.4414062500009097e-40,5.960464477543504e-80
100111100101,-6.103515625855604e-47,3.725290299506352e-93
010111100101,-6.103515625003039e-47,3.7252902984656237e-93
110111100101,-1.5258789064640914e-53,2.328306437192051e-106
001111100101,-6.103515625003034e-47,3.7252902984656178e-93
101111100101,-1.5258789064640905e-53,2.328306437192049e-106
011111100101,-1.525878906250949e-53,2.328306436541593e-106
111111100101,-3.8146972661607023e-60,1.4551915232453935e-119
000000010101,-1.5625000000000004e-20,2.4414062500000015e-40
100000010101,-3.906250000546129e-27,1.5258789066766632e-53
010000010101,-3.906250000000488e-27,1.5258789062503815e-53
110000010101,-9.765625001366546e-34,9.536743166731534e-67
001000010101,-3.9062500000004854e-27,1.5258789062503792e-53
101000010101,-9.765625001366539e-34,9.536743166731521e-67
011000010101,-9.765625000002435e-34,9.536743164067256e-67
111000010101,-2.4414062503419385e-40,5.960464479208684e-80
000100010101,-3.906250000000488e-27,1.5258789062503815e-53
100100010101,-9.765625001366546e-34,9.536743166731534e-67
010100010101,-9.765625000002442e-34,9.536743164067269e-67
110100010101,-2.441406250341941e-40,5.960464479208696e-80
001100010101,-9.765625000002435e-34,9.536743164067256e-67
101100010101,-2.441406250341939e-40,5.960464479208686e-80
011100010101,-2.441406250000913e-40,5.960464477543521e-80
111100010101,-6.103515625855614e-47,3.725290299506365e-93
000010010101,-3.906250000000485e-27,1.5258789062503788e-53
100010010101,-9.765625001366537e-34,9.536743166731518e-67
010010010101,-9.765625000002433e-34,9.536743164067253e-67
110010010101,-2.4414062503419385e-40,5.960464479208684e-80
001010010101,-9.765625000002426e-34,9.536743164067238e-67
101010010101,-2.441406250341937e-40,5.960464479208676e-80
011010010101,-2.441406250000911e-40,5.96046447754351e-80
111010010101,-6.103515625855607e-47,3.725290299506357e-93
000110010101,-9.765625000002433e-34,9.536743164067253e-67
100110010101,-2.4414062503419385e-40,5.960464479208684e-80
010110010101,-2.4414062500009126e-40,5.9604644775435185e-80
110110010101,-6.103515625855613e-47,3.725290299506364e-93
001110010101,-2.441406250000911e-40,5.96046447754351e-80
101110010101,-6.103515625855608e-47,3.725290299506358e-93
011110010101,-6.103515625003043e-47,3.7252902984656284e-93
111110010101,-1.5258789064640919e-53,2.3283064371920527e-106
000001010101,-3.906250000000485e-27,1.5258789062503788e-53
100001010101,-9.765625001366535e-34,9.536743166731514e-67
010001010101,-9.765625000002433e-34,9.536743164067253e-67
110001010101,-2.441406250341939e-40,5.960464479208686e-80
001001010101,-9.765625000002426e-34,9.536743164067238e-67
101001010101,-2.441406250341937e-40,5.960464479208676e-80
011001010101,-2.441406250000911e-40,5.96046447754351e-80
111001010101,-6.1035156258556065e-47,3.7252902995063555e-93
000101010101,-9.765625000002433e-34,9.536743164067253e-67
100101010101,-2.441406250341939e-40,5.960464479208686e-80
010101010101,-2.4414062500009126e-40,5.9604644775435185e-80
110101010101,-6.103515625855612e-47,3.7252902995063628e-93
001101010101,-2.441406250000911e-40,5.96046447754351e-80
101101010101,-6.103515625855607e-47,3.725290299506357e-93
011101010101,-6.103515625003043e-47,3.7252902984656284e-93
111101010101,-1.525878906464092e-53,2.3283064371920536e-106
000011010101,-9.765625000002425e-34,9.536743164067236e-67
100011010101,-2.4414062503419364e-40,5.960464479208674e-80
010011010101,-2.4414062500009105e-40,5.960464477543509e-80
110011010101,-6.1035156258556065e-47,3.7252902995063555e-93
001011010101,-2.4414062500009085e-40,5.960464477543498e-80
101011010101,-6.103515625855601e-47,3.7252902995063483e-93
011011010101,-6.103515625003037e-47,3.725290298465621e-93
111011010101,-1.5258789064640907e-53,2.3283064371920493e-106
000111010101,-2.4414062500009105e-40,5.960464477543509e-80
100111010101,-6.1035156258556065e-47,3.7252902995063555e-93
010111010101,-6.103515625003041e-47,3.725290298465626e-93
110111010101,-1.5258789064640919e-53,2.3283064371920527e-106
001111010101,-6.103515625003037e-47,3.725290298465621e-93
101111010101,-1.525878906464091e-53,2.32830643719205e-106
011111010101,-1.5258789062509495e-53,2.328306436541594e-106
111111010101,-3.8146972661607046e-60,1.4551915232453954e-119
000000110101,-3.906250000000489e-27,1.525878906250382e-53
100000110101,-9.765625001366547e-34,9.536743166731538e-67
010000110101,-9.765625000002444e-34,9.536743164067273e-67
110000110101,-2.4414062503419425e-40,5.960464479208704e-80
001000110101,-9.765625000002437e-34,9.53674316406726e-67
101000110101,-2.4414062503419405e-40,5.960464479208694e-80
011000110101,-2.441406250000914e-40,5.9604644775435245e-80
111000110101,-6.103515625855613e-47,3.725290299506364e-93
000100110101,-9.765625000002444e-34,9.536743164067273e-67
100100110101,-2.4414062503419425e-40,5.960464479208704e-80
010100110101,-2.4414062500009167e-40,5.960464477543539e-80
110100110101,-6.103515625855618e-47,3.72529029950637e-93
001100110101,-2.441406250000914e-40,5.9604644775435245e-80
101100110101,-6.103515625855614e-47,3.725290299506365e-93
011100110101,-6.1035156250030495e-47,3.7252902984656365e-93
111100110101,-1.5258789064640942e-53,2.32830643719206e-106
000010110101,-9.765625000002435e-34,9.536743164067256e-67
100010110101,-2.4414062503419393e-40,5.960464479208688e-80
010010110101,-2.4414062500009134e-40,5.960464477543522e-80
110010110101,-6.103515625855613e-47,3.725290299506364e-93
001010110101,-2.4414062500009118e-40,5.960464477543515e-80
101010110101,-6.103515625855608e-47,3.725290299506358e-93
011010110101,-6.103515625003043e-47,3.7252902984656284e-93
111010110101,-1.5258789064640926e-53,2.328306437192055e-106
000110110101,-2.4414062500009134e-40,5.960464477543522e-80
100110110101,-6.103515625855613e-47,3.725290299506364e-93
010110110101,-6.103515625003047e-47,3.725290298465633e-93
110110110101,-1.525878906464094e-53,2.328306437192059e-106
001110110101,-6.103515625003043e-47,3.7252902984656284e-93
101110110101,-1.5258789064640928e-53,2.3283064371920556e-106
011110110101,-1.5258789062509514e-53,2.3283064365415995e-106
111110110101,-3.814697266160708e-60,1.455191523245398e-119
000001110101,-9.765625000002435e-34,9.536743164067256e-67
100001110101,-2.441406250341939e-40,5.960464479208686e-80
010001110101,-2.4414062500009134e-40,5.960464477543522e-80
110001110101,-6.103515625855614e-47,3.725290299506365e-93
001001110101,-2.4414062500009118e-40,5.960464477543515e-80
101001110101,-6.103515625855608e-47,3.725290299506358e-93
011001110101,-6.103515625003043e-47,3.7252902984656284e-93
111001110101,-1.525878906464092e-53,2.3283064371920536e-106
000101110101,-2.4414062500009134e-40,5.960464477543522e-80
100101110101,-6.103515625855614e-47,3.725290299506365e-93
010101110101,-6.103515625003047e-47,3.725290298465633e-93
110101110101,-1.5258789064640937e-53,2.3283064371920585e-106
001101110101,-6.103515625003043e-47,3.7252902984656284e-93
101101110101,-1.5258789064640926e-53,2.328306437192055e-106
011101110101,-1.5258789062509514e-53,2.3283064365415995e-106
111101110101,-3.8146972661607084e-60,1.4551915232453982e-119
000011110101,-2.4414062500009114e-40,5.9604644775435125e-80
100011110101,-6.103515625855607e-47,3.725290299506357e-93
010011110101,-6.103515625003042e-47,3.725290298465627e-93
110011110101,-1.525878906464092e-53,2.3283064371920536e-106
001011110101,-6.103515625003038e-47,3.7252902984656224e-93
101011110101,-1.5258789064640912e-53,2.3283064371920507e-106
011011110101,-1.52587890625095e-53,2.328306436541595e-106
111011110101,-3.814697266160705e-60,1.4551915232453957e-119
000111110101,-6.103515625003042e-47,3.725290298465627e-93
100111110101,-1.525878906464092e-53,2.3283064371920536e-106
010111110101,-1.525878906250951e-53,2.328306436541598e-106
110111110101,-3.814697266160708e-60,1.455191523245398e-119
001111110101,-1.52587890625095e-53,2.328306436541595e-106
101111110101,-3.8146972661607057e-60,1.4551915232453963e-119
011111110101,-3.814697265627852e-60,1.4551915228388612e-119
111111110101,-9.536743165402955e-67,9.094947020285997e-133
000000001101,-1.5624999999999998e-20,2.4414062499999994e-40
100000001101,-3.906250000546129e-27,1.5258789066766632e-53
010000001101,-3.906250000000488e-27,1.5258789062503815e-53
110000001101,-9.765625001366547e-34,9.536743166731538e-67
001000001101,-3.906250000000485e-27,1.5258789062503788e-53
101000001101,-9.76562500136654e-34,9.536743166731525e-67
011000001101,-9.765625000002437e-34,9.53674316406726e-67
111000001101,-2.4414062503419385e-40,5.960464479208684e-80
000100001101,-3.906250000000488e-27,1.5258789062503815e-53
100100001101,-9.765625001366547e-34,9.536743166731538e-67
010100001101,-9.765625000002444e-34,9.536743164067273e-67
110100001101,-2.4414062503419413e-40,5.960464479208698e-80
001100001101,-9.765625000002437e-34,9.53674316406726e-67
101100001101,-2.441406250341939e-40,5.960464479208686e-80
011100001101,-2.441406250000913e-40,5.960464477543521e-80
111100001101,-6.103515625855614e-47,3.725290299506365e-93
000010001101,-3.906250000000484e-27,1.525878906250378e-53
100010001101,-9.765625001366539e-34,9.536743166731521e-67
010010001101,-9.765625000002433e-34,9.536743164067253e-67
110010001101,-2.4414062503419385e-40,5.960464479208684e-80
001010001101,-9.765625000002426e-34,9.536743164067238e-67
101010001101,-2.441406250341937e-40,5.960464479208676e-80
011010001101,-2.441406250000911e-40,5.96046447754351e-80
111010001101,-6.1035156258556065e-47,3.7252902995063555e-93
000110001101,-9.765625000002433e-34,9.536743164067253e-67
100110001101,-2.4414062503419385e-40,5.960464479208684e-80
010110001101,-2.4414062500009126e-40,5.9604644775435185e-80
110110001101,-6.103515625855613e-47,3.725290299506364e-93
001110001101,-2.441406250000911e-40,5.96046447754351e-80
101110001101,-6.103515625855607e-47,3.725290299506357e-93
011110001101,-6.103515625003043e-47,3.7252902984656284e-93
111110001101,-1.525878906464092e-53,2.3283064371920536e-106
000001001101,-3.906250000000484e-27,1.525878906250378e-53
100001001101,-9.765625001366537e-34,9.536743166731518e-67
010001001101,-9.765625000002433e-34,9.536743164067253e-67
110001001101,-2.441406250341939e-40,5.960464479208686e-80
001001001101,-9.765625000002426e-34,9.536743164067238e-67
101001001101,-2.441406250341937e-40,5.960464479208676e-80
011001001101,-2.441406250000911e-40,5.96046447754351e-80
111001001101,-6.103515625855606e-47,3.7252902995063543e-93
000101001101,-9.765625000002433e-34,9.536743164067253e-67
100101001101,-2.441406250341939e-40,5.960464479208686e-80
010101001101,-2.4414062500009126e-40,5.9604644775435185e-80
110101001101,-6.103515625855612e-47,3.7252902995063628e-93
001101001101,-2.441406250000911e-40,5.96046447754351e-80
101101001101,-6.1035156258556065e-47,3.7252902995063555e-93
011101001101,-6.103515625003043e-47,3.7252902984656284e-93
111101001101,-1.5258789064640923e-53,2.328306437192054e-106
000011001101,-9.765625000002425e-34,9.536743164067236e-67
100011001101,-2.4414062503419364e-40,5.960464479208674e-80
010011001101,-2.4414062500009105e-40,5.960464477543509e-80
110011001101,-6.103515625855606e-47,3.7252902995063543e-93
001011001101,-2.441406250000909e-40,5.9604644775435005e-80
101011001101,-6.103515625855601e-47,3.7252902995063483e-93
011011001101,-6.103515625003036e-47,3.72529029846562e-93
111011001101,-1.5258789064640907e-53,2.3283064371920493e-106
000111001101,-2.4414062500009105e-40,5.960464477543509e-80
100111001101,-6.103515625855606e-47,3.7252902995063543e-93
010111001101,-6.103515625003041e-47,3.725290298465626e-93
110111001101,-1.525878906464092e-53,2.3283064371920536e-106
001111001101,-6.103515625003036e-47,3.72529029846562e-93
101111001101,-1.525878906464091e-53,2.32830643719205e-106
011111001101,-1.5258789062509495e-53,2.328306436541594e-106
111111001101,-3.8146972661607046e-60,1.4551915232453954e-119
000000101101,-3.906250000000489e-27,1.525878906250382e-53
100000101101,-9.76562500136655e-34,9.536743166731544e-67
010000101101,-9.765625000002445e-34,9.536743164067275e-67
110000101101,-2.4414062503419425e-40,5.960464479208704e-80
001000101101,-9.765625000002438e-34,9.536743164067262e-67
101000101101,-2.4414062503419405e-40,5.960464479208694e-80
011000101101,-2.441406250000914e-40,5.9604644775435245e-80
111000101101,-6.103515625855613e-47,3.725290299506364e-93
000100101101,-9.765625000002445e-34,9.536743164067275e-67
100100101101,-2.4414062503419425e-40,5.960464479208704e-80
010100101101,-2.4414062500009167e-40,5.960464477543539e-80
110100101101,-6.103515625855618e-47,3.72529029950637e-93
001100101101,-2.441406250000914e-40,5.9604644775435245e-80
101100101101,-6.103515625855614e-47,3.725290299506365e-93
011100101101,-6.1035156250030495e-47,3.7252902984656365e-93
111100101101,-1.5258789064640942e-53,2.32830643719206e-106
000010101101,-9.765625000002437e-34,9.53674316406726e-67
100010101101,-2.4414062503419393e-40,5.960464479208688e-80
010010101101,-2.4414062500009134e-40,5.960464477543522e-80
110010101101,-6.103515625855613e-47,3.725290299506364e-93
001010101101,-2.4414062500009118e-40,5.960464477543515e-80
101010101101,-6.103515625855607e-47,3.725290299506357e-93
011010101101,-6.103515625003043e-47,3.7252902984656284e-93
111010101101,-1.5258789064640928e-53,2.3283064371920556e-106
000110101101,-2.4414062500009134e-40,5.960464477543522e-80
100110101101,-6.103515625855613e-47,3.725290299506364e-93
010110101101,-6.103515625003047e-47,3.725290298465633e-93
110110101101,-1.525878906464094e-53,2.328306437192059e-106
001110101101,-6.103515625003043e-47,3.7252902984656284e-93
101110101101,-1.525878906464093e-53,2.3283064371920565e-106
011110101101,-1.5258789062509516e-53,2.3283064365416005e-106
111110101101,-3.814697266160708e-60,1.455191523245398e-119
000001101101,-9.765625000002437e-34,9.53674316406726e-67
100001101101,-2.441406250341939e-40,5.960464479208686e-80
010001101101,-2.4414062500009134e-40,5.960464477543522e-80
110001101101,-6.103515625855614e-47,3.725290299506365e-93
001001101101,-2.4414062500009118e-40,5.960464477543515e-80
101001101101,-6.103515625855607e-47,3.725290299506357e-93
011001101101,-6.103515625003043e-47,3.7252902984656284e-93
111001101101,-1.5258789064640923e-53,2.328306437192054e-106
000101101101,-2.4414062500009134e-40,5.960464477543522e-80
100101101101,-6.103515625855614e-47,3.725290299506365e-93
010101101101,-6.103515625003047e-47,3.725290298465633e-93
110101101101,-1.5258789064640937e-53,2.3283064371920585e-106
001101101101,-6.103515625003043e-47,3.7252902984656284e-93
101101101101,-1.5258789064640928e-53,2.3283064371920556e-106
011101101101,-1.5258789062509516e-53,2.3283064365416005e-106
111101101101,-3.8146972661607084e-60,1.4551915232453982e-119
000011101101,-2.4414062500009114e-40,5.9604644775435125e-80
100011101101,-6.1035156258556065e-47,3.7252902995063555e-93
010011101101,-6.103515625003042e-47,3.725290298465627e-93
110011101101,-1.5258789064640923e-53,2.328306437192054e-106
001011101101,-6.103515625003037e-47,3.725290298465621e-93
101011101101,-1.5258789064640912e-53,2.3283064371920507e-106
011011101101,-1.52587890625095e-53,2.328306436541595e-106
111011101101,-3.814697266160705e-60,1.4551915232453957e-119
000111101101,-6.103515625003042e-47,3.725290298465627e-93
100111101101,-1.5258789064640923e-53,2.328306437192054e-106
010111101101,-1.525878906250951e-53,2.328306436541598e-106
110111101101,-3.814697266160708e-60,1.455191523245398e-119
001111101101,-1.52587890625095e-53,2.328306436541595e-106
101111101101,-3.8146972661607057e-60,1.4551915232453963e-119
011111101101,-3.814697265627852e-60,1.4551915228388612e-119
111111101101,-9.536743165402955e-67,9.094947020285997e-133
000000011101,-3.9062500000004904e-27,1.5258789062503832e-53
100000011101,-9.76562500136655e-34,9.536743166731544e-67
010000011101,-9.765625000002447e-34,9.536743164067279e-67
110000011101,-2.441406250341943e-40,5.9604644792087054e-80
001000011101,-9.76562500000244e-34,9.536743164067266e-67
101000011101,-2.4414062503419413e-40,5.960464479208698e-80
011000011101,-2.4414062500009146e-40,5.960464477543528e-80
111000011101,-6.103515625855614e-47,3.725290299506365e-93
000100011101,-9.765625000002447e-34,9.536743164067279e-67
100100011101,-2.441406250341943e-40,5.9604644792087054e-80
010100011101,-2.441406250000917e-40,5.96046447754354e-80
110100011101,-6.103515625855619e-47,3.725290299506371e-93
001100011101,-2.4414062500009146e-40,5.960464477543528e-80
101100011101,-6.103515625855615e-47,3.725290299506366e-93
011100011101,-6.10351562500305e-47,3.7252902984656378e-93
111100011101,-1.5258789064640949e-53,2.328306437192062e-106
000010011101,-9.765625000002438e-34,9.536743164067262e-67
100010011101,-2.4414062503419405e-40,5.960464479208694e-80
010010011101,-2.4414062500009142e-40,5.960464477543527e-80
110010011101,-6.103515625855614e-47,3.725290299506365e-93
001010011101,-2.4414062500009126e-40,5.9604644775435185e-80
101010011101,-6.10351562585561e-47,3.7252902995063602e-93
011010011101,-6.103515625003045e-47,3.7252902984656305e-93
111010011101,-1.5258789064640933e-53,2.328306437192057e-106
000110011101,-2.4414062500009142e-40,5.960464477543527e-80
100110011101,-6.103515625855614e-47,3.725290299506365e-93
010110011101,-6.1035156250030495e-47,3.7252902984656365e-93
110110011101,-1.5258789064640946e-53,2.3283064371920614e-106
001110011101,-6.103515625003045e-47,3.7252902984656305e-93
101110011101,-1.5258789064640935e-53,2.328306437192058e-106
011110011101,-1.525878906250952e-53,2.328306436541602e-106
111110011101,-3.814697266160709e-60,1.4551915232453987e-119
000001011101,-9.765625000002438e-34,9.536743164067262e-67
100001011101,-2.44140625034194e-40,5.960464479208692e-80
010001011101,-2.4414062500009142e-40,5.960464477543527e-80
110001011101,-6.103515625855615e-47,3.725290299506366e-93
001001011101,-2.4414062500009126e-40,5.9604644775435185e-80
101001011101,-6.10351562585561e-47,3.7252902995063602e-93
011001011101,-6.103515625003045e-47,3.7252902984656305e-93
111001011101,-1.525878906464093e-53,2.3283064371920565e-106
000101011101,-2.4414062500009142e-40,5.960464477543527e-80
100101011101,-6.103515625855615e-47,3.725290299506366e-93
010101011101,-6.1035156250030495e-47,3.7252902984656365e-93
110101011101,-1.5258789064640942e-53,2.32830643719206e-106
001101011101,-6.103515625003045e-47,3.7252902984656305e-93
101101011101,-1.5258789064640933e-53,2.328306437192057e-106
011101011101,-1.525878906250952e-53,2.328306436541602e-106
111101011101,-3.8146972661607095e-60,1.455191523245399e-119
000011011101,-2.441406250000912e-40,5.960464477543516e-80
100011011101,-6.103515625855607e-47,3.725290299506357e-93
010011011101,-6.103515625003044e-47,3.7252902984656297e-93
110011011101,-1.525878906464093e-53,2.3283064371920565e-106
001011011101,-6.103515625003039e-47,3.7252902984656237e-93
101011011101,-1.5258789064640919e-53,2.3283064371920527e-106
011011011101,-1.5258789062509504e-53,2.3283064365415966e-106
111011011101,-3.814697266160706e-60,1.4551915232453965e-119
000111011101,-6.103515625003044e-47,3.7252902984656297e-93
100111011101,-1.525878906464093e-53,2.3283064371920565e-106
010111011101,-1.5258789062509516e-53,2.3283064365416005e-106
110111011101,-3.814697266160709e-60,1.4551915232453987e-119
001111011101,-1.5258789062509504e-53,2.3283064365415966e-106
101111011101,-3.814697266160707e-60,1.455191523245397e-119
011111011101,-3.814697265627853e-60,1.455191522838862e-119
111111011101,-9.536743165402959e-67,9.094947020286005e-133
000000111101,-9.765625000002449e-34,9.536743164067282e-67
100000111101,-2.4414062503419433e-40,5.960464479208708e-80
010000111101,-2.4414062500009175e-40,5.9604644775435425e-80
110000111101,-6.103515625855624e-47,3.725290299506377e-93
001000111101,-2.441406250000915e-40,5.9604644775435305e-80
101000111101,-6.103515625855618e-47,3.72529029950637e-93
011000111101,-6.103515625003052e-47,3.7252902984656403e-93
111000111101,-1.5258789064640946e-53,2.3283064371920614e-106
000100111101,-2.4414062500009175e-40,5.9604644775435425e-80
100100111101,-6.103515625855624e-47,3.725290299506377e-93
010100111101,-6.103515625003058e-47,3.725290298465647e-93
110100111101,-1.525878906464096e-53,2.3283064371920657e-106
001100111101,-6.103515625003052e-47,3.7252902984656403e-93
101100111101,-1.5258789064640949e-53,2.328306437192062e-106
011100111101,-1.525878906250954e-53,2.3283064365416073e-106
111100111101,-3.814697266160715e-60,1.4551915232454034e-119
000010111101,-2.4414062500009146e-40,5.960464477543528e-80
100010111101,-6.103515625855616e-47,3.7252902995063675e-93
010010111101,-6.103515625003051e-47,3.725290298465639e-93
110010111101,-1.5258789064640946e-53,2.3283064371920614e-106
001010111101,-6.103515625003047e-47,3.725290298465633e-93
101010111101,-1.5258789064640935e-53,2.328306437192058e-106
011010111101,-1.525878906250952e-53,2.328306436541602e-106
111010111101,-3.814697266160711e-60,1.4551915232454004e-119
000110111101,-6.103515625003051e-47,3.725290298465639e-93
100110111101,-1.5258789064640946e-53,2.3283064371920614e-106
010110111101,-1.525878906250953e-53,2.3283064365416044e-106
110110111101,-3.8146972661607145e-60,1.455191523245403e-119
001110111101,-1.525878906250952e-53,2.328306436541602e-106
101110111101,-3.814697266160712e-60,1.4551915232454007e-119
011110111101,-3.814697265627858e-60,1.455191522838866e-119
111110111101,-9.536743165402968e-67,9.094947020286022e-133
000001111101,-2.4414062500009146e-40,5.960464477543528e-80
100001111101,-6.103515625855615e-47,3.725290299506366e-93
010001111101,-6.103515625003051e-47,3.725290298465639e-93
110001111101,-1.5258789064640949e-53,2.328306437192062e-106
001001111101,-6.103515625003047e-47,3.725290298465633e-93
101001111101,-1.5258789064640935e-53,2.328306437192058e-106
011001111101,-1.525878906250952e-53,2.328306436541602e-106
111001111101,-3.8146972661607095e-60,1.455191523245399e-119
000101111101,-6.103515625003051e-47,3.725290298465639e-93
100101111101,-1.5258789064640949e-53,2.328306437192062e-106
010101111101,-1.525878906250953e-53,2.3283064365416044e-106
110101111101,-3.814697266160714e-60,1.4551915232454026e-119
001101111101,-1.525878906250952e-53,2.328306436541602e-106
101101111101,-3.814697266160711e-60,1.4551915232454004e-119
011101111101,-3.814697265627858e-60,1.455191522838866e-119
111101111101,-9.536743165402969e-67,9.094947020286025e-133
000011111101,-6.103515625003046e-47,3.725290298465632e-93
100011111101,-1.5258789064640933e-53,2.328306437192057e-106
010011111101,-1.5258789062509518e-53,2.328306436541601e-106
110011111101,-3.8146972661607095e-60,1.455191523245399e-119
001011111101,-1.5258789062509507e-53,2.3283064365415976e-106
101011111101,-3.8146972661607073e-60,1.4551915232453974e-119
011011111101,-3.8146972656278543e-60,1.455191522838863e-119
111011111101,-9.53674316540296e-67,9.094947020286006e-133
000111111101,-1.5258789062509518e-53,2.328306436541601e-106
100111111101,-3.8146972661607095e-60,1.455191523245399e-119
010111111101,-3.8146972656278565e-60,1.4551915228388645e-119
110111111101,-9.536743165402968e-67,9.094947020286022e-133
001111111101,-3.8146972656278543e-60,1.455191522838863e-119
101111111101,-9.536743165402961e-67,9.09494702028601e-133
011111111101,-9.536743164070828e-67,9.094947017745167e-133
111111111101,-2.3841857913510378e-73,5.684341887680174e-146
000000000011,-6.249999999999215e-14,3.906249999999018e-27
100000000011,-1.5625000002182558e-20,2.4414062506820496e-40
010000000011,-1.5624999999999992e-20,2.4414062499999974e-40
110000000011,-3.906250000546129e-27,1.5258789066766632e-53
001000000011,-1.5624999999999977e-20,2.441406249999993e-40
101000000011,-3.906250000546125e-27,1.5258789066766604e-53
011000000011,-3.906250000000484e-27,1.525878906250378e-53
111000000011,-9.765625001366527e-34,9.536743166731498e-67
000100000011,-1.5624999999999992e-20,2.4414062499999974e-40
100100000011,-3.906250000546129e-27,1.5258789066766632e-53
010100000011,-3.906250000000487e-27,1.5258789062503804e-53
110100000011,-9.765625001366537e-34,9.536743166731518e-67
001100000011,-3.906250000000484e-27,1.525878906250378e-53
101100000011,-9.76562500136653e-34,9.536743166731505e-67
011100000011,-9.765625000002426e-34,9.536743164067238e-67
111100000011,-2.441406250341939e-40,5.960464479208686e-80
000010000011,-1.5624999999999974e-20,2.4414062499999917e-40
100010000011,-3.9062500005461246e-27,1.5258789066766597e-53
010010000011,-3.906250000000483e-27,1.5258789062503776e-53
110010000011,-9.765625001366527e-34,9.536743166731498e-67
001010000011,-3.90625000000048e-27,1.5258789062503748e-53
101010000011,-9.76562500136652e-34,9.536743166731484e-67
011010000011,-9.765625000002418e-34,9.536743164067223e-67
111010000011,-2.441406250341936e-40,5.960464479208672e-80
000110000011,-3.906250000000483e-27,1.5258789062503776e-53
100110000011,-9.765625001366527e-34,9.536743166731498e-67
010110000011,-9.765625000002425e-34,9.536743164067236e-67
110110000011,-2.4414062503419385e-40,5.960464479208684e-80
001110000011,-9.765625000002418e-34,9.536743164067223e-67
101110000011,-2.4414062503419364e-40,5.960464479208674e-80
011110000011,-2.4414062500009105e-40,5.960464477543509e-80
111110000011,-6.103515625855601e-47,3.7252902995063483e-93
000001000011,-1.5624999999999974e-20,2.4414062499999917e-40
100001000011,-3.906250000546124e-27,1.5258789066766593e-53
010001000011,-3.906250000000483e-27,1.5258789062503776e-53
110001000011,-9.76562500136653e-34,9.536743166731505e-67
001001000011,-3.90625000000048e-27,1.5258789062503748e-53
101001000011,-9.76562500136652e-34,9.536743166731484e-67
011001000011,-9.765625000002418e-34,9.536743164067223e-67
111001000011,-2.4414062503419356e-40,5.96046447920867e-80
000101000011,-3.906250000000483e-27,1.5258789062503776e-53
100101000011,-9.76562500136653e-34,9.536743166731505e-67
010101000011,-9.765625000002425e-34,9.536743164067236e-67
110101000011,-2.4414062503419376e-40,5.96046447920868e-80
001101000011,-9.765625000002418e-34,9.536743164067223e-67
101101000011,-2.441406250341936e-40,5.960464479208672e-80
011101000011,-2.4414062500009105e-40,5.960464477543509e-80
111101000011,-6.103515625855604e-47,3.725290299506352e-93
000011000011,-3.906250000000479e-27,1.5258789062503741e-53
100011000011,-9.765625001366518e-34,9.536743166731481e-67
010011000011,-9.765625000002416e-34,9.536743164067219e-67
110011000011,-2.4414062503419356e-40,5.96046447920867e-80
001011000011,-9.765625000002406e-34,9.536743164067199e-67
101011000011,-2.441406250341934e-40,5.960464479208662e-80
011011000011,-2.4414062500009077e-40,5.9604644775434945e-80
111011000011,-6.103515625855596e-47,3.7252902995063423e-93
000111000011,-9.765625000002416e-34,9.536743164067219e-67
100111000011,-2.4414062503419356e-40,5.96046447920867e-80
010111000011,-2.4414062500009093e-40,5.960464477543503e-80
110111000011,-6.103515625855601e-47,3.7252902995063483e-93
001111000011,-2.4414062500009077e-40,5.9604644775434945e-80
101111000011,-6.103515625855597e-47,3.7252902995063436e-93
011111000011,-6.103515625003031e-47,3.725290298465614e-93
111111000011,-1.52587890646409e-53,2.3283064371920473e-106
000000100011,-1.5624999999999995e-20,2.4414062499999986e-40
100000100011,-3.9062500005461296e-27,1.5258789066766637e-53
010000100011,-3.9062500000004876e-27,1.5258789062503809e-53
110000100011,-9.765625001366542e-34,9.536743166731527e-67
001000100011,-3.906250000000485e-27,1.5258789062503788e-53
101000100011,-9.765625001366535e-34,9.536743166731514e-67
011000100011,-9.76562500000243e-34,9.536743164067246e-67
111000100011,-2.4414062503419385e-40,5.960464479208684e-80
000100100011,-3.9062500000004876e-27,1.5258789062503809e-53
100100100011,-9.765625001366542e-34,9.536743166731527e-67
010100100011,-9.765625000002438e-34,9.536743164067262e-67
110100100011,-2.441406250341941e-40,5.960464479208696e-80
001100100011,-9.76562500000243e-34,9.536743164067246e-67
101100100011,-2.441406250341939e-40,5.960464479208686e-80
011100100011,-2.441406250000913e-40,5.960464477543521e-80
111100100011,-6.103515625855611e-47,3.7252902995063615e-93
000010100011,-3.906250000000484e-27,1.525878906250378e-53
100010100011,-9.765625001366532e-34,9.536743166731508e-67
010010100011,-9.765625000002428e-34,9.536743164067242e-67
110010100011,-2.4414062503419385e-40,5.960464479208684e-80
001010100011,-9.765625000002421e-34,9.536743164067229e-67
101010100011,-2.4414062503419364e-40,5.960464479208674e-80
011010100011,-2.4414062500009105e-40,5.960464477543509e-80
111010100011,-6.103515625855606e-47,3.7252902995063543e-93
000110100011,-9.765625000002428e-34,9.536743164067242e-67
100110100011,-2.4414062503419385e-40,5.960464479208684e-80
010110100011,-2.441406250000912e-40,5.960464477543516e-80
110110100011,-6.10351562585561e-47,3.7252902995063602e-93
001110100011,-2.4414062500009105e-40,5.960464477543509e-80
101110100011,-6.1035156258556065e-47,3.7252902995063555e-93
011110100011,-6.10351562500304e-47,3.7252902984656246e-93
111110100011,-1.5258789064640916e-53,2.328306437192052e-106
000001100011,-3.906250000000484e-27,1.525878906250378e-53
100001100011,-9.76562500136653e-34,9.536743166731505e-67
010001100011,-9.765625000002428e-34,9.536743164067242e-67
110001100011,-2.441406250341939e-40,5.960464479208686e-80
001001100011,-9.765625000002421e-34,9.536743164067229e-67
101001100011,-2.4414062503419364e-40,5.960464479208674e-80
011001100011,-2.4414062500009105e-40,5.960464477543509e-80
111001100011,-6.103515625855604e-47,3.725290299506352e-93
000101100011,-9.765625000002428e-34,9.536743164067242e-67
100101100011,-2.441406250341939e-40,5.960464479208686e-80
010101100011,-2.441406250000912e-40,5.960464477543516e-80
110101100011,-6.103515625855609e-47,3.725290299506359e-93
001101100011,-2.4414062500009105e-40,5.960464477543509e-80
101101100011,-6.103515625855606e-47,3.7252902995063543e-93
011101100011,-6.10351562500304e-47,3.7252902984656246e-93
111101100011,-1.5258789064640919e-53,2.3283064371920527e-106
000011100011,-9.76562500000242e-34,9.536743164067225e-67
100011100011,-2.441406250341936e-40,5.960464479208672e-80
010011100011,-2.44140625000091e-40,5.9604644775435065e-80
110011100011,-6.103515625855604e-47,3.725290299506352e-93
001011100011,-2.441406250000908e-40,5.960464477543497e-80
101011100011,-6.103515625855598e-47,3.725290299506345e-93
011011100011,-6.103515625003033e-47,3.7252902984656165e-93
111011100011,-1.5258789064640902e-53,2.328306437192048e-106
000111100011,-2.44140625000091e-40,5.9604644775435065e-80
100111100011,-6.103515625855604e-47,3.725290299506352e-93
010111100011,-6.103515625003038e-47,3.7252902984656224e-93
110111100011,-1.5258789064640916e-53,2.328306437192052e-106
001111100011,-6.103515625003033e-47,3.7252902984656165e-93
101111100011,-1.5258789064640905e-53,2.328306437192049e-106
011111100011,-1.525878906250949e-53,2.328306436541593e-106
111111100011,-3.814697266160702e-60,1.4551915232453932e-119
000000010011,-1.5625e-20,2.4414062500000003e-40
100000010011,-3.9062500005461296e-27,1.5258789066766637e-53
010000010011,-3.906250000000489e-27,1.525878906250382e-53
110000010011,-9.765625001366544e-34,9.536743166731531e-67
001000010011,-3.9062500000004854e-27,1.5258789062503792e-53
101000010011,-9.765625001366537e-34,9.536743166731518e-67
011000010011,-9.765625000002433e-34,9.536743164067253e-67
111000010011,-2.441406250341939e-40,5.960464479208686e-80
000100010011,-3.906250000000489e-27,1.525878906250382e-53
100100010011,-9.765625001366544e-34,9.536743166731531e-67
010100010011,-9.76562500000244e-34,9.536743164067266e-67
110100010011,-2.4414062503419413e-40,5.960464479208698e-80
001100010011,-9.765625000002433e-34,9.536743164067253e-67
101100010011,-2.4414062503419393e-40,5.960464479208688e-80
011100010011,-2.4414062500009134e-40,5.960464477543522e-80
111100010011,-6.103515625855613e-47,3.725290299506364e-93
000010010011,-3.906250000000485e-27,1.5258789062503788e-53
100010010011,-9.765625001366535e-34,9.536743166731514e-67
010010010011,-9.765625000002432e-34,9.536743164067249e-67
110010010011,-2.441406250341939e-40,5.960464479208686e-80
001010010011,-9.765625000002425e-34,9.536743164067236e-67
101010010011,-2.441406250341937e-40,5.960464479208676e-80
011010010011,-2.4414062500009114e-40,5.9604644775435125e-80
111010010011,-6.103515625855607e-47,3.725290299506357e-93
000110010011,-9.765625000002432e-34,9.536743164067249e-67
100110010011,-2.441406250341939e-40,5.960464479208686e-80
010110010011,-2.441406250000913e-40,5.960464477543521e-80
110110010011,-6.103515625855612e-47,3.7252902995063628e-93
001110010011,-2.4414062500009114e-40,5.9604644775435125e-80
101110010011,-6.103515625855608e-47,3.725290299506358e-93
011110010011,-6.103515625003043e-47,3.7252902984656284e-93
111110010011,-1.525878906464092e-53,2.3283064371920536e-106
000001010011,-3.906250000000485e-27,1.5258789062503788e-53
100001010011,-9.765625001366534e-34,9.536743166731511e-67
010001010011,-9.765625000002432e-34,9.536743164067249e-67
110001010011,-2.4414062503419393e-40,5.960464479208688e-80
001001010011,-9.765625000002425e-34,9.536743164067236e-67
101001010011,-2.441406250341937e-40,5.960464479208676e-80
011001010011,-2.4414062500009114e-40,5.9604644775435125e-80
111001010011,-6.1035156258556065e-47,3.7252902995063555e-93
000101010011,-9.765625000002432e-34,9.536743164067249e-67
100101010011,-2.4414062503419393e-40,5.960464479208688e-80
010101010011,-2.441406250000913e-40,5.960464477543521e-80
110101010011,-6.103515625855611e-47,3.7252902995063615e-93
001101010011,-2.4414062500009114e-40,5.9604644775435125e-80
101101010011,-6.103515625855607e-47,3.725290299506357e-93
011101010011,-6.103515625003043e-47,3.7252902984656284e-93
111101010011,-1.5258789064640923e-53,2.328306437192054e-106
000011010011,-9.765625000002423e-34,9.536743164067232e-67
100011010011,-2.4414062503419364e-40,5.960464479208674e-80
010011010011,-2.441406250000911e-40,5.96046447754351e-80
110011010011,-6.1035156258556065e-47,3.7252902995063555e-93
001011010011,-2.4414062500009085e-40,5.960464477543498e-80
101011010011,-6.1035156258556e-47,3.7252902995063475e-93
011011010011,-6.103515625003036e-47,3.72529029846562e-93
111011010011,-1.525878906464091e-53,2.32830643719205e-106
000111010011,-2.441406250000911e-40,5.96046447754351e-80
100111010011,-6.1035156258556065e-47,3.7252902995063555e-93
010111010011,-6.10351562500304e-47,3.7252902984656246e-93
110111010011,-1.525878906464092e-53,2.3283064371920536e-106
001111010011,-6.103515625003036e-47,3.72529029846562e-93
101111010011,-1.5258789064640912e-53,2.3283064371920507e-106
011111010011,-1.5258789062509497e-53,2.3283064365415947e-106
111111010011,-3.8146972661607034e-60,1.4551915232453946e-119
000000110011,-3.90625000000049e-27,1.5258789062503827e-53
100000110011,-9.765625001366547e-34,9.536743166731538e-67
010000110011,-9.765625000002442e-34,9.536743164067269e-67
110000110011,-2.441406250341943e-40,5.9604644792087054e-80
001000110011,-9.765625000002435e-34,9.536743164067256e-67
101000110011,-2.441406250341941e-40,5.960464479208696e-80
011000110011,-2.4414062500009142e-40,5.960464477543527e-80
111000110011,-6.103515625855612e-47,3.7252902995063628e-93
000100110011,-9.765625000002442e-34,9.536743164067269e-67
100100110011,-2.441406250341943e-40,5.9604644792087054e-80
010100110011,-2.4414062500009167e-40,5.960464477543539e-80
110100110011,-6.103515625855617e-47,3.7252902995063687e-93
001100110011,-2.4414062500009142e-40,5.960464477543527e-80
101100110011,-6.103515625855613e-47,3.725290299506364e-93
011100110011,-6.103515625003049e-47,3.7252902984656352e-93
111100110011,-1.5258789064640946e-53,2.3283064371920614e-106
000010110011,-9.765625000002433e-34,9.536743164067253e-67
100010110011,-2.44140625034194e-40,5.960464479208692e-80
010010110011,-2.441406250000914e-40,5.9604644775435245e-80
110010110011,-6.103515625855612e-47,3.7252902995063628e-93
001010110011,-2.441406250000912e-40,5.960464477543516e-80
101010110011,-6.103515625855608e-47,3.725290299506358e-93
011010110011,-6.103515625003043e-47,3.7252902984656284e-93
111010110011,-1.5258789064640928e-53,2.3283064371920556e-106
000110110011,-2.441406250000914e-40,5.9604644775435245e-80
100110110011,-6.103515625855612e-47,3.7252902995063628e-93
010110110011,-6.103515625003047e-47,3.725290298465633e-93
110110110011,-1.5258789064640942e-53,2.32830643719206e-106
001110110011,-6.103515625003043e-47,3.7252902984656284e-93
101110110011,-1.525878906464093e-53,2.3283064371920565e-106
011110110011,-1.5258789062509516e-53,2.3283064365416005e-106
111110110011,-3.814697266160708e-60,1.455191523245398e-119
000001110011,-9.765625000002433e-34,9.536743164067253e-67
100001110011,-2.4414062503419393e-40,5.960464479208688e-80
010001110011,-2.441406250000914e-40,5.9604644775435245e-80
110001110011,-6.103515625855613e-47,3.725290299506364e-93
001001110011,-2.441406250000912e-40,5.960464477543516e-80
101001110011,-6.103515625855608e-47,3.725290299506358e-93
011001110011,-6.103515625003043e-47,3.7252902984656284e-93
111001110011,-1.5258789064640923e-53,2.328306437192054e-106
000101110011,-2.441406250000914e-40,5.9604644775435245e-80
100101110011,-6.103515625855613e-47,3.725290299506364e-93
010101110011,-6.103515625003047e-47,3.725290298465633e-93
110101110011,-1.525878906464094e-53,2.328306437192059e-106
001101110011,-6.103515625003043e-47,3.7252902984656284e-93
101101110011,-1.5258789064640928e-53,2.3283064371920556e-106
011101110011,-1.5258789062509516e-53,2.3283064365416005e-106
111101110011,-3.8146972661607084e-60,1.4551915232453982e-119
000011110011,-2.4414062500009118e-40,5.960464477543515e-80
100011110011,-6.103515625855607e-47,3.725290299506357e-93
010011110011,-6.103515625003041e-47,3.725290298465626e-93
110011110011,-1.5258789064640923e-53,2.328306437192054e-106
001011110011,-6.103515625003037e-47,3.725290298465621e-93
101011110011,-1.5258789064640914e-53,2.328306437192051e-106
011011110011,-1.5258789062509502e-53,2.328306436541596e-106
111011110011,-3.814697266160705e-60,1.4551915232453957e-119
000111110011,-6.103515625003041e-47,3.725290298465626e-93
100111110011,-1.5258789064640923e-53,2.328306437192054e-106
010111110011,-1.5258789062509511e-53,2.328306436541599e-106
110111110011,-3.814697266160708e-60,1.455191523245398e-119
001111110011,-1.5258789062509502e-53,2.328306436541596e-106
101111110011,-3.8146972661607057e-60,1.4551915232453963e-119
011111110011,-3.814697265627852e-60,1.4551915228388612e-119
111111110011,-9.536743165402955e-67,9.094947020285997e-133
000000001011,-1.5624999999999998e-20,2.4414062499999994e-40
100000001011,-3.9062500005461296e-27,1.5258789066766637e-53
010000001011,-3.906250000000489e-27,1.525878906250382e-53
110000001011,-9.765625001366547e-34,9.536743166731538e-67
001000001011,-3.906250000000485e-27,1.5258789062503788e-53
101000001011,-9.765625001366539e-34,9.536743166731521e-67
011000001011,-9.765625000002435e-34,9.536743164067256e-67
111000001011,-2.441406250341939e-40,5.960464479208686e-80
000100001011,-3.906250000000489e-27,1.525878906250382e-53
100100001011,-9.765625001366547e-34,9.536743166731538e-67
010100001011,-9.765625000002442e-34,9.536743164067269e-67
110100001011,-2.4414062503419417e-40,5.9604644792087e-80
001100001011,-9.765625000002435e-34,9.536743164067256e-67
101100001011,-2.4414062503419393e-40,5.960464479208688e-80
011100001011,-2.4414062500009134e-40,5.960464477543522e-80
111100001011,-6.103515625855613e-47,3.725290299506364e-93
000010001011,-3.906250000000484e-27,1.525878906250378e-53
100010001011,-9.765625001366537e-34,9.536743166731518e-67
010010001011,-9.765625000002432e-34,9.536743164067249e-67
110010001011,-2.441406250341939e-40,5.960464479208686e-80
001010001011,-9.765625000002425e-34,9.536743164067236e-67
101010001011,-2.441406250341937e-40,5.960464479208676e-80
011010001011,-2.4414062500009114e-40,5.9604644775435125e-80
111010001011,-6.1035156258556065e-47,3.7252902995063555e-93
000110001011,-9.765625000002432e-34,9.536743164067249e-67
100110001011,-2.441406250341939e-40,5.960464479208686e-80
010110001011,-2.441406250000913e-40,5.960464477543521e-80
110110001011,-6.103515625855612e-47,3.7252902995063628e-93
001110001011,-2.4414062500009114e-40,5.9604644775435125e-80
101110001011,-6.103515625855607e-47,3.725290299506357e-93
011110001011,-6.103515625003043e-47,3.7252902984656284e-93
111110001011,-1.5258789064640923e-53,2.328306437192054e-106
000001001011,-3.906250000000484e-27,1.525878906250378e-53
100001001011,-9.765625001366535e-34,9.536743166731514e-67
010001001011,-9.765625000002432e-34,9.536743164067249e-67
110001001011,-2.4414062503419393e-40,5.960464479208688e-80
001001001011,-9.765625000002425e-34,9.536743164067236e-67
101001001011,-2.441406250341937e-40,5.960464479208676e-80
011001001011,-2.4414062500009114e-40,5.9604644775435125e-80
111001001011,-6.103515625855606e-47,3.7252902995063543e-93
000101001011,-9.765625000002432e-34,9.536743164067249e-67
100101001011,-2.4414062503419393e-40,5.960464479208688e-80
010101001011,-2.441406250000913e-40,5.960464477543521e-80
110101001011,-6.103515625855611e-47,3.7252902995063615e-93
001101001011,-2.4414062500009114e-40,5.9604644775435125e-80
101101001011,-6.1035156258556065e-47,3.7252902995063555e-93
011101001011,-6.103515625003043e-47,3.7252902984656284e-93
111101001011,-1.5258789064640926e-53,2.328306437192055e-106
000011001011,-9.765625000002423e-34,9.536743164067232e-67
100011001011,-2.4414062503419364e-40,5.960464479208674e-80
010011001011,-2.441406250000911e-40,5.96046447754351e-80
110011001011,-6.103515625855606e-47,3.7252902995063543e-93
001011001011,-2.441406250000909e-40,5.9604644775435005e-80
101011001011,-6.1035156258556e-47,3.7252902995063475e-93
011011001011,-6.103515625003034e-47,3.7252902984656178e-93
111011001011,-1.525878906464091e-53,2.32830643719205e-106
000111001011,-2.441406250000911e-40,5.96046447754351e-80
100111001011,-6.103515625855606e-47,3.7252902995063543e-93
010111001011,-6.10351562500304e-47,3.7252902984656246e-93
110111001011,-1.5258789064640923e-53,2.328306437192054e-106
001111001011,-6.103515625003034e-47,3.7252902984656178e-93
101111001011,-1.5258789064640912e-53,2.3283064371920507e-106
011111001011,-1.5258789062509497e-53,2.3283064365415947e-106
111111001011,-3.8146972661607034e-60,1.4551915232453946e-119
000000101011,-3.90625000000049e-27,1.5258789062503827e-53
100000101011,-9.765625001366549e-34,9.536743166731542e-67
010000101011,-9.765625000002444e-34,9.536743164067273e-67
110000101011,-2.441406250341943e-40,5.9604644792087054e-80
001000101011,-9.765625000002437e-34,9.53674316406726e-67
101000101011,-2.441406250341941e-40,5.960464479208696e-80
011000101011,-2.4414062500009142e-40,5.960464477543527e-80
111000101011,-6.103515625855612e-47,3.7252902995063628e-93
000100101011,-9.765625000002444e-34,9.536743164067273e-67
100100101011,-2.441406250341943e-40,5.9604644792087054e-80
010100101011,-2.4414062500009167e-40,5.960464477543539e-80
110100101011,-6.103515625855617e-47,3.7252902995063687e-93
001100101011,-2.4414062500009142e-40,5.960464477543527e-80
101100101011,-6.103515625855613e-47,3.725290299506364e-93
011100101011,-6.103515625003049e-47,3.7252902984656352e-93
111100101011,-1.5258789064640946e-53,2.3283064371920614e-106
000010101011,-9.765625000002435e-34,9.536743164067256e-67
100010101011,-2.44140625034194e-40,5.960464479208692e-80
010010101011,-2.441406250000914e-40,5.9604644775435245e-80
110010101011,-6.103515625855612e-47,3.7252902995063628e-93
001010101011,-2.441406250000912e-40,5.960464477543516e-80
101010101011,-6.103515625855607e-47,3.725290299506357e-93
011010101011,-6.103515625003043e-47,3.7252902984656284e-93
111010101011,-1.525878906464093e-53,2.3283064371920565e-106
000110101011,-2.441406250000914e-40,5.9604644775435245e-80
100110101011,-6.103515625855612e-47,3.7252902995063628e-93
010110101011,-6.103515625003047e-47,3.725290298465633e-93
110110101011,-1.5258789064640942e-53,2.32830643719206e-106
001110101011,-6.103515625003043e-47,3.7252902984656284e-93
101110101011,-1.5258789064640933e-53,2.328306437192057e-106
011110101011,-1.5258789062509518e-53,2.328306436541601e-106
111110101011,-3.814697266160708e-60,1.455191523245398e-119
000001101011,-9.765625000002435e-34,9.536743164067256e-67
100001101011,-2.4414062503419393e-40,5.960464479208688e-80
010001101011,-2.441406250000914e-40,5.9604644775435245e-80
110001101011,-6.103515625855613e-47,3.725290299506364e-93
001001101011,-2.441406250000912e-40,5.960464477543516e-80
101001101011,-6.103515625855607e-47,3.725290299506357e-93
011001101011,-6.103515625003043e-47,3.7252902984656284e-93
111001101011,-1.5258789064640926e-53,2.328306437192055e-106
000101101011,-2.441406250000914e-40,5.9604644775435245e-80
100101101011,-6.103515625855613e-47,3.725290299506364e-93
010101101011,-6.103515625003047e-47,3.725290298465633e-93
110101101011,-1.525878906464094e-53,2.328306437192059e-106
001101101011,-6.103515625003043e-47,3.7252902984656284e-93
101101101011,-1.525878906464093e-53,2.3283064371920565e-106
011101101011,-1.5258789062509518e-53,2.328306436541601e-106
111101101011,-3.8146972661607084e-60,1.4551915232453982e-119
000011101011,-2.4414062500009118e-40,5.960464477543515e-80
100011101011,-6.1035156258556065e-47,3.7252902995063555e-93
010011101011,-6.103515625003041e-47,3.725290298465626e-93
110011101011,-1.5258789064640926e-53,2.328306437192055e-106
001011101011,-6.103515625003036e-47,3.72529029846562e-93
101011101011,-1.5258789064640914e-53,2.328306437192051e-106
011011101011,-1.5258789062509502e-53,2.328306436541596e-106
111011101011,-3.814697266160705e-60,1.4551915232453957e-119
000111101011,-6.103515625003041e-47,3.725290298465626e-93
100111101011,-1.5258789064640926e-53,2.328306437192055e-106
010111101011,-1.5258789062509511e-53,2.328306436541599e-106
110111101011,-3.814697266160708e-60,1.455191523245398e-119
001111101011,-1.5258789062509502e-53,2.328306436541596e-106
101111101011,-3.8146972661607057e-60,1.4551915232453963e-119
011111101011,-3.814697265627852e-60,1.4551915228388612e-119
111111101011,-9.536743165402955e-67,9.094947020285997e-133
000000011011,-3.906250000000491e-27,1.5258789062503836e-53
100000011011,-9.765625001366549e-34,9.536743166731542e-67
010000011011,-9.765625000002445e-34,9.536743164067275e-67
110000011011,-2.4414062503419433e-40,5.960464479208708e-80
001000011011,-9.765625000002438e-34,9.536743164067262e-67
101000011011,-2.4414062503419417e-40,5.9604644792087e-80
011000011011,-2.441406250000915e-40,5.9604644775435305e-80
111000011011,-6.103515625855613e-47,3.725290299506364e-93
000100011011,-9.765625000002445e-34,9.536743164067275e-67
100100011011,-2.4414062503419433e-40,5.960464479208708e-80
010100011011,-2.441406250000917e-40,5.96046447754354e-80
110100011011,-6.103515625855618e-47,3.72529029950637e-93
001100011011,-2.441406250000915e-40,5.9604644775435305e-80
101100011011,-6.103515625855614e-47,3.725290299506365e-93
011100011011,-6.1035156250030495e-47,3.7252902984656365e-93
111100011011,-1.525878906464095e-53,2.328306437192063e-106
000010011011,-9.765625000002437e-34,9.53674316406726e-67
100010011011,-2.441406250341941e-40,5.960464479208696e-80
010010011011,-2.4414062500009146e-40,5.960464477543528e-80
110010011011,-6.103515625855613e-47,3.725290299506364e-93
001010011011,-2.441406250000913e-40,5.960464477543521e-80
101010011011,-6.103515625855609e-47,3.725290299506359e-93
011010011011,-6.103515625003045e-47,3.7252902984656305e-93
111010011011,-1.5258789064640935e-53,2.328306437192058e-106
000110011011,-2.4414062500009146e-40,5.960464477543528e-80
100110011011,-6.103515625855613e-47,3.725290299506364e-93
010110011011,-6.103515625003049e-47,3.7252902984656352e-93
110110011011,-1.5258789064640949e-53,2.328306437192062e-106
001110011011,-6.103515625003045e-47,3.7252902984656305e-93
101110011011,-1.5258789064640937e-53,2.3283064371920585e-106
011110011011,-1.5258789062509523e-53,2.3283064365416025e-106
111110011011,-3.814697266160709e-60,1.4551915232453987e-119
000001011011,-9.765625000002437e-34,9.53674316406726e-67
100001011011,-2.4414062503419405e-40,5.960464479208694e-80
010001011011,-2.4414062500009146e-40,5.960464477543528e-80
110001011011,-6.103515625855614e-47,3.725290299506365e-93
001001011011,-2.441406250000913e-40,5.960464477543521e-80
101001011011,-6.103515625855609e-47,3.725290299506359e-93
011001011011,-6.103515625003045e-47,3.7252902984656305e-93
111001011011,-1.5258789064640933e-53,2.328306437192057e-106
000101011011,-2.4414062500009146e-40,5.960464477543528e-80
100101011011,-6.103515625855614e-47,3.725290299506365e-93
010101011011,-6.103515625003049e-47,3.7252902984656352e-93
110101011011,-1.5258789064640946e-53,2.3283064371920614e-106
001101011011,-6.103515625003045e-47,3.7252902984656305e-93
101101011011,-1.5258789064640935e-53,2.328306437192058e-106
011101011011,-1.5258789062509523e-53,2.3283064365416025e-106
111101011011,-3.8146972661607095e-60,1.455191523245399e-119
000011011011,-2.4414062500009126e-40,5.9604644775435185e-80
100011011011,-6.103515625855607e-47,3.725290299506357e-93
010011011011,-6.103515625003044e-47,3.7252902984656297e-93
110011011011,-1.5258789064640933e-53,2.328306437192057e-106
001011011011,-6.103515625003038e-47,3.7252902984656224e-93
101011011011,-1.525878906464092e-53,2.3283064371920536e-106
011011011011,-1.5258789062509507e-53,2.3283064365415976e-106
111011011011,-3.814697266160706e-60,1.4551915232453965e-119
000111011011,-6.103515625003044e-47,3.7252902984656297e-93
100111011011,-1.5258789064640933e-53,2.328306437192057e-106
010111011011,-1.5258789062509518e-53,2.328306436541601e-106
110111011011,-3.814697266160709e-60,1.4551915232453987e-119
001111011011,-1.5258789062509507e-53,2.3283064365415976e-106
101111011011,-3.814697266160707e-60,1.455191523245397e-119
011111011011,-3.814697265627853e-60,1.455191522838862e-119
111111011011,-9.536743165402959e-67,9.094947020286005e-133
000000111011,-9.765625000002447e-34,9.536743164067279e-67
100000111011,-2.4414062503419438e-40,5.96046447920871e-80
010000111011,-2.4414062500009175e-40,5.9604644775435425e-80
110000111011,-6.103515625855623e-47,3.7252902995063756e-93
001000111011,-2.441406250000916e-40,5.960464477543534e-80
101000111011,-6.103515625855617e-47,3.7252902995063687e-93
011000111011,-6.103515625003051e-47,3.725290298465639e-93
111000111011,-1.5258789064640949e-53,2.328306437192062e-106
000100111011,-2.4414062500009175e-40,5.9604644775435425e-80
100100111011,-6.103515625855623e-47,3.7252902995063756e-93
010100111011,-6.103515625003057e-47,3.7252902984656463e-93
110100111011,-1.5258789064640963e-53,2.328306437192066e-106
001100111011,-6.103515625003051e-47,3.725290298465639e-93
101100111011,-1.525878906464095e-53,2.328306437192063e-106
011100111011,-1.525878906250954e-53,2.3283064365416073e-106
111100111011,-3.8146972661607145e-60,1.455191523245403e-119
000010111011,-2.441406250000915e-40,5.9604644775435305e-80
100010111011,-6.103515625855615e-47,3.725290299506366e-93
010010111011,-6.10351562500305e-47,3.7252902984656378e-93
110010111011,-1.5258789064640949e-53,2.328306437192062e-106
001010111011,-6.103515625003047e-47,3.725290298465633e-93
101010111011,-1.5258789064640937e-53,2.3283064371920585e-106
011010111011,-1.5258789062509523e-53,2.3283064365416025e-106
111010111011,-3.8146972661607106e-60,1.4551915232453998e-119
000110111011,-6.10351562500305e-47,3.7252902984656378e-93
100110111011,-1.5258789064640949e-53,2.328306437192062e-106
010110111011,-1.5258789062509532e-53,2.3283064365416054e-106
110110111011,-3.814697266160714e-60,1.4551915232454026e-119
001110111011,-1.5258789062509523e-53,2.3283064365416025e-106
101110111011,-3.814697266160711e-60,1.4551915232454004e-119
011110111011,-3.8146972656278577e-60,1.4551915228388654e-119
111110111011,-9.536743165402968e-67,9.094947020286022e-133
000001111011,-2.441406250000915e-40,5.9604644775435305e-80
100001111011,-6.103515625855614e-47,3.725290299506365e-93
010001111011,-6.10351562500305e-47,3.7252902984656378e-93
110001111011,-1.525878906464095e-53,2.328306437192063e-106
001001111011,-6.103515625003047e-47,3.725290298465633e-93
101001111011,-1.5258789064640937e-53,2.3283064371920585e-106
011001111011,-1.5258789062509523e-53,2.3283064365416025e-106
111001111011,-3.8146972661607095e-60,1.455191523245399e-119
000101111011,-6.10351562500305e-47,3.7252902984656378e-93
100101111011,-1.525878906464095e-53,2.328306437192063e-106
010101111011,-1.5258789062509532e-53,2.3283064365416054e-106
110101111011,-3.8146972661607134e-60,1.455191523245402e-119
001101111011,-1.5258789062509523e-53,2.3283064365416025e-106
101101111011,-3.8146972661607106e-60,1.4551915232453998e-119
011101111011,-3.8146972656278577e-60,1.4551915228388654e-119
111101111011,-9.536743165402969e-67,9.094947020286025e-133
000011111011,-6.103515625003046e-47,3.725290298465632e-93
100011111011,-1.5258789064640935e-53,2.328306437192058e-106
010011111011,-1.525878906250952e-53,2.328306436541602e-106
110011111011,-3.8146972661607095e-60,1.455191523245399e-119
001011111011,-1.525878906250951e-53,2.328306436541598e-106
101011111011,-3.8146972661607073e-60,1.4551915232453974e-119
011011111011,-3.8146972656278543e-60,1.455191522838863e-119
111011111011,-9.53674316540296e-67,9.094947020286006e-133
000111111011,-1.525878906250952e-53,2.328306436541602e-106
100111111011,-3.8146972661607095e-60,1.455191523245399e-119
010111111011,-3.8146972656278565e-60,1.4551915228388645e-119
110111111011,-9.536743165402968e-67,9.094947020286022e-133
001111111011,-3.8146972656278543e-60,1.455191522838863e-119
101111111011,-9.536743165402961e-67,9.09494702028601e-133
011111111011,-9.536743164070828e-67,9.094947017745167e-133
111111111011,-2.3841857913510378e-73,5.684341887680174e-146
000000000111,-1.5624999999999992e-20,2.4414062499999974e-40
100000000111,-3.906250000546128e-27,1.5258789066766625e-53
010000000111,-3.906250000000486e-27,1.5258789062503797e-53
110000000111,-9.765625001366542e-34,9.536743166731527e-67
001000000111,-3.906250000000483e-27,1.5258789062503776e-53
101000000111,-9.765625001366535e-34,9.536743166731514e-67
011000000111,-9.765625000002432e-34,9.536743164067249e-67
111000000111,-2.4414062503419372e-40,5.960464479208678e-80
000100000111,-3.906250000000486e-27,1.5258789062503797e-53
100100000111,-9.765625001366542e-34,9.536743166731527e-67
010100000111,-9.765625000002438e-34,9.536743164067262e-67
110100000111,-2.44140625034194e-40,5.960464479208692e-80
001100000111,-9.765625000002432e-34,9.536743164067249e-67
101100000111,-2.4414062503419376e-40,5.96046447920868e-80
011100000111,-2.441406250000912e-40,5.960464477543516e-80
111100000111,-6.10351562585561e-47,3.7252902995063602e-93
000010000111,-3.906250000000482e-27,1.5258789062503764e-53
100010000111,-9.765625001366534e-34,9.536743166731511e-67
010010000111,-9.76562500000243e-34,9.536743164067246e-67
110010000111,-2.4414062503419372e-40,5.960464479208678e-80
001010000111,-9.765625000002423e-34,9.536743164067232e-67
101010000111,-2.4414062503419356e-40,5.96046447920867e-80
011010000111,-2.4414062500009093e-40,5.960464477543503e-80
111010000111,-6.103515625855605e-47,3.725290299506353e-93
000110000111,-9.76562500000243e-34,9.536743164067246e-67
100110000111,-2.4414062503419372e-40,5.960464479208678e-80
010110000111,-2.4414062500009118e-40,5.960464477543515e-80
110110000111,-6.103515625855609e-47,3.725290299506359e-93
001110000111,-2.4414062500009093e-40,5.960464477543503e-80
101110000111,-6.103515625855606e-47,3.7252902995063543e-93
011110000111,-6.103515625003039e-47,3.7252902984656237e-93
111110000111,-1.5258789064640914e-53,2.328306437192051e-106
000001000111,-3.906250000000482e-27,1.5258789062503764e-53
100001000111,-9.765625001366532e-34,9.536743166731508e-67
010001000111,-9.76562500000243e-34,9.536743164067246e-67
110001000111,-2.4414062503419376e-40,5.96046447920868e-80
001001000111,-9.765625000002423e-34,9.536743164067232e-67
101001000111,-2.4414062503419356e-40,5.96046447920867e-80
011001000111,-2.4414062500009093e-40,5.960464477543503e-80
111001000111,-6.103515625855601e-47,3.7252902995063483e-93
000101000111,-9.76562500000243e-34,9.536743164067246e-67
100101000111,-2.4414062503419376e-40,5.96046447920868e-80
010101000111,-2.4414062500009118e-40,5.960464477543515e-80
110101000111,-6.103515625855608e-47,3.725290299506358e-93
001101000111,-2.4414062500009093e-40,5.960464477543503e-80
101101000111,-6.103515625855605e-47,3.725290299506353e-93
011101000111,-6.103515625003039e-47,3.7252902984656237e-93
111101000111,-1.5258789064640916e-53,2.328306437192052e-106
000011000111,-9.76562500000242e-34,9.536743164067225e-67
100011000111,-2.441406250341935e-40,5.960464479208668e-80
010011000111,-2.441406250000909e-40,5.9604644775435005e-80
110011000111,-6.103515625855601e-47,3.7252902995063483e-93
001011000111,-2.4414062500009073e-40,5.960464477543492e-80
101011000111,-6.103515625855597e-47,3.7252902995063436e-93
011011000111,-6.103515625003032e-47,3.725290298465615e-93
111011000111,-1.52587890646409e-53,2.3283064371920473e-106
000111000111,-2.441406250000909e-40,5.9604644775435005e-80
100111000111,-6.103515625855601e-47,3.7252902995063483e-93
010111000111,-6.103515625003037e-47,3.725290298465621e-93
110111000111,-1.5258789064640914e-53,2.328306437192051e-106
001111000111,-6.103515625003032e-47,3.725290298465615e-93
101111000111,-1.5258789064640902e-53,2.328306437192048e-106
011111000111,-1.5258789062509488e-53,2.328306436541592e-106
111111000111,-3.814697266160701e-60,1.4551915232453927e-119
000000100111,-3.906250000000487e-27,1.5258789062503804e-53
100000100111,-9.765625001366544e-34,9.536743166731531e-67
010000100111,-9.76562500000244e-34,9.536743164067266e-67
110000100111,-2.4414062503419413e-40,5.960464479208698e-80
001000100111,-9.765625000002433e-34,9.536743164067253e-67
101000100111,-2.4414062503419393e-40,5.960464479208688e-80
011000100111,-2.441406250000913e-40,5.960464477543521e-80
111000100111,-6.103515625855609e-47,3.725290299506359e-93
000100100111,-9.76562500000244e-34,9.536743164067266e-67
100100100111,-2.4414062503419413e-40,5.960464479208698e-80
010100100111,-2.441406250000915e-40,5.9604644775435305e-80
110100100111,-6.103515625855614e-47,3.725290299506365e-93
001100100111,-2.441406250000913e-40,5.960464477543521e-80
101100100111,-6.10351562585561e-47,3.7252902995063602e-93
011100100111,-6.103515625003046e-47,3.725290298465632e-93
111100100111,-1.5258789064640937e-53,2.3283064371920585e-106
000010100111,-9.765625000002432e-34,9.536743164067249e-67
100010100111,-2.4414062503419385e-40,5.960464479208684e-80
010010100111,-2.4414062500009126e-40,5.9604644775435185e-80
110010100111,-6.103515625855609e-47,3.725290299506359e-93
001010100111,-2.441406250000911e-40,5.96046447754351e-80
101010100111,-6.103515625855606e-47,3.7252902995063543e-93
011010100111,-6.103515625003039e-47,3.7252902984656237e-93
111010100111,-1.525878906464092e-53,2.3283064371920536e-106
000110100111,-2.4414062500009126e-40,5.9604644775435185e-80
100110100111,-6.103515625855609e-47,3.725290299506359e-93
010110100111,-6.103515625003044e-47,3.7252902984656297e-93
110110100111,-1.5258789064640935e-53,2.328306437192058e-106
001110100111,-6.103515625003039e-47,3.7252902984656237e-93
101110100111,-1.5258789064640923e-53,2.328306437192054e-106
011110100111,-1.525878906250951e-53,2.328306436541598e-106
111110100111,-3.814697266160706e-60,1.4551915232453965e-119
000001100111,-9.765625000002432e-34,9.536743164067249e-67
100001100111,-2.4414062503419376e-40,5.96046447920868e-80
010001100111,-2.4414062500009126e-40,5.9604644775435185e-80
110001100111,-6.10351562585561e-47,3.7252902995063602e-93
001001100111,-2.441406250000911e-40,5.96046447754351e-80
101001100111,-6.103515625855606e-47,3.7252902995063543e-93
011001100111,-6.103515625003039e-47,3.7252902984656237e-93
111001100111,-1.5258789064640916e-53,2.328306437192052e-106
000101100111,-2.4414062500009126e-40,5.9604644775435185e-80
100101100111,-6.10351562585561e-47,3.7252902995063602e-93
010101100111,-6.103515625003044e-47,3.7252902984656297e-93
110101100111,-1.5258789064640933e-53,2.328306437192057e-106
001101100111,-6.103515625003039e-47,3.7252902984656237e-93
101101100111,-1.525878906464092e-53,2.3283064371920536e-106
011101100111,-1.525878906250951e-53,2.328306436541598e-106
111101100111,-3.814697266160707e-60,1.455191523245397e-119
000011100111,-2.4414062500009105e-40,5.960464477543509e-80
100011100111,-6.103515625855605e-47,3.725290299506353e-93
010011100111,-6.103515625003038e-47,3.7252902984656224e-93
110011100111,-1.5258789064640916e-53,2.328306437192052e-106
001011100111,-6.103515625003033e-47,3.7252902984656165e-93
101011100111,-1.5258789064640905e-53,2.328306437192049e-106
011011100111,-1.5258789062509495e-53,2.328306436541594e-106
111011100111,-3.814697266160702e-60,1.4551915232453932e-119
000111100111,-6.103515625003038e-47,3.7252902984656224e-93
100111100111,-1.5258789064640916e-53,2.328306437192052e-106
010111100111,-1.5258789062509504e-53,2.3283064365415966e-106
110111100111,-3.814697266160706e-60,1.4551915232453965e-119
001111100111,-1.5258789062509495e-53,2.328306436541594e-106
101111100111,-3.814697266160703e-60,1.455191523245394e-119
011111100111,-3.8146972656278494e-60,1.455191522838859e-119
111111100111,-9.53674316540295e-67,9.094947020285986e-133
000000010111,-3.90625000000049e-27,1.5258789062503827e-53
100000010111,-9.765625001366544e-34,9.536743166731531e-67
010000010111,-9.765625000002442e-34,9.536743164067269e-67
110000010111,-2.4414062503419417e-40,5.9604644792087e-80
001000010111,-9.765625000002435e-34,9.536743164067256e-67
101000010111,-2.44140625034194e-40,5.960464479208692e-80
011000010111,-2.441406250000914e-40,5.9604644775435245e-80
111000010111,-6.10351562585561e-47,3.7252902995063602e-93
000100010111,-9.765625000002442e-34,9.536743164067269e-67
100100010111,-2.4414062503419417e-40,5.9604644792087e-80
010100010111,-2.441406250000916e-40,5.960464477543534e-80
110100010111,-6.103515625855615e-47,3.725290299506366e-93
001100010111,-2.441406250000914e-40,5.9604644775435245e-80
101100010111,-6.103515625855611e-47,3.7252902995063615e-93
011100010111,-6.103515625003047e-47,3.725290298465633e-93
111100010111,-1.5258789064640942e-53,2.32830643719206e-106
000010010111,-9.765625000002433e-34,9.536743164067253e-67
100010010111,-2.4414062503419393e-40,5.960464479208688e-80
010010010111,-2.4414062500009134e-40,5.960464477543522e-80
110010010111,-6.10351562585561e-47,3.7252902995063602e-93
001010010111,-2.4414062500009118e-40,5.960464477543515e-80
101010010111,-6.1035156258556065e-47,3.7252902995063555e-93
011010010111,-6.103515625003041e-47,3.725290298465626e-93
111010010111,-1.5258789064640926e-53,2.328306437192055e-106
000110010111,-2.4414062500009134e-40,5.960464477543522e-80
100110010111,-6.10351562585561e-47,3.7252902995063602e-93
010110010111,-6.103515625003046e-47,3.725290298465632e-93
110110010111,-1.525878906464094e-53,2.328306437192059e-106
001110010111,-6.103515625003041e-47,3.725290298465626e-93
101110010111,-1.5258789064640928e-53,2.3283064371920556e-106
011110010111,-1.5258789062509514e-53,2.3283064365415995e-106
111110010111,-3.8146972661607073e-60,1.4551915232453974e-119
000001010111,-9.765625000002433e-34,9.536743164067253e-67
100001010111,-2.441406250341939e-40,5.960464479208686e-80
010001010111,-2.4414062500009134e-40,5.960464477543522e-80
110001010111,-6.103515625855611e-47,3.7252902995063615e-93
001001010111,-2.4414062500009118e-40,5.960464477543515e-80
101001010111,-6.1035156258556065e-47,3.7252902995063555e-93
011001010111,-6.103515625003041e-47,3.725290298465626e-93
111001010111,-1.5258789064640923e-53,2.328306437192054e-106
000101010111,-2.4414062500009134e-40,5.960464477543522e-80
100101010111,-6.103515625855611e-47,3.7252902995063615e-93
010101010111,-6.103515625003046e-47,3.725290298465632e-93
110101010111,-1.5258789064640937e-53,2.3283064371920585e-106
001101010111,-6.103515625003041e-47,3.725290298465626e-93
101101010111,-1.5258789064640926e-53,2.328306437192055e-106
011101010111,-1.5258789062509514e-53,2.3283064365415995e-106
111101010111,-3.814697266160708e-60,1.455191523245398e-119
000011010111,-2.4414062500009114e-40,5.9604644775435125e-80
100011010111,-6.103515625855606e-47,3.7252902995063543e-93
010011010111,-6.10351562500304e-47,3.7252902984656246e-93
110011010111,-1.5258789064640923e-53,2.328306437192054e-106
001011010111,-6.103515625003034e-47,3.7252902984656178e-93
101011010111,-1.5258789064640912e-53,2.3283064371920507e-106
011011010111,-1.52587890625095e-53,2.328306436541595e-106
111011010111,-3.8146972661607034e-60,1.4551915232453946e-119
000111010111,-6.10351562500304e-47,3.7252902984656246e-93
100111010111,-1.5258789064640923e-53,2.328306437192054e-106
010111010111,-1.525878906250951e-53,2.328306436541598e-106
110111010111,-3.8146972661607073e-60,1.4551915232453974e-119
001111010111,-1.52587890625095e-53,2.328306436541595e-106
101111010111,-3.814697266160705e-60,1.4551915232453957e-119
011111010111,-3.814697265627851e-60,1.4551915228388604e-119
111111010111,-9.536743165402953e-67,9.094947020285994e-133
000000110111,-9.765625000002444e-34,9.536743164067273e-67
100000110111,-2.441406250341942e-40,5.960464479208702e-80
010000110111,-2.4414062500009163e-40,5.9604644775435365e-80
110000110111,-6.103515625855619e-47,3.725290299506371e-93
001000110111,-2.4414062500009142e-40,5.960464477543527e-80
101000110111,-6.103515625855614e-47,3.725290299506365e-93
011000110111,-6.103515625003049e-47,3.7252902984656352e-93
111000110111,-1.525878906464094e-53,2.328306437192059e-106
000100110111,-2.4414062500009163e-40,5.9604644775435365e-80
100100110111,-6.103515625855619e-47,3.725290299506371e-93
010100110111,-6.103515625003054e-47,3.7252902984656425e-93
110100110111,-1.5258789064640953e-53,2.3283064371920633e-106
001100110111,-6.103515625003049e-47,3.7252902984656352e-93
101100110111,-1.5258789064640942e-53,2.32830643719206e-106
011100110111,-1.525878906250953e-53,2.3283064365416044e-106
111100110111,-3.814697266160713e-60,1.4551915232454018e-119
000010110111,-2.441406250000914e-40,5.9604644775435245e-80
100010110111,-6.103515625855612e-47,3.7252902995063628e-93
010010110111,-6.103515625003048e-47,3.7252902984656344e-93
110010110111,-1.525878906464094e-53,2.328306437192059e-106
001010110111,-6.103515625003044e-47,3.7252902984656297e-93
101010110111,-1.5258789064640928e-53,2.3283064371920556e-106
011010110111,-1.5258789062509514e-53,2.3283064365415995e-106
111010110111,-3.814697266160709e-60,1.4551915232453987e-119
000110110111,-6.103515625003048e-47,3.7252902984656344e-93
100110110111,-1.525878906464094e-53,2.328306437192059e-106
010110110111,-1.5258789062509523e-53,2.3283064365416025e-106
110110110111,-3.8146972661607123e-60,1.4551915232454012e-119
001110110111,-1.5258789062509514e-53,2.3283064365415995e-106
101110110111,-3.8146972661607095e-60,1.455191523245399e-119
011110110111,-3.814697265627856e-60,1.4551915228388643e-119
111110110111,-9.536743165402961e-67,9.09494702028601e-133
000001110111,-2.441406250000914e-40,5.9604644775435245e-80
100001110111,-6.103515625855611e-47,3.7252902995063615e-93
010001110111,-6.103515625003048e-47,3.7252902984656344e-93
110001110111,-1.5258789064640942e-53,2.32830643719206e-106
001001110111,-6.103515625003044e-47,3.7252902984656297e-93
101001110111,-1.5258789064640928e-53,2.3283064371920556e-106
011001110111,-1.5258789062509514e-53,2.3283064365415995e-106
111001110111,-3.814697266160708e-60,1.455191523245398e-119
000101110111,-6.103515625003048e-47,3.7252902984656344e-93
100101110111,-1.5258789064640942e-53,2.32830643719206e-106
010101110111,-1.5258789062509523e-53,2.3283064365416025e-106
110101110111,-3.814697266160712e-60,1.4551915232454007e-119
001101110111,-1.5258789062509514e-53,2.3283064365415995e-106
101101110111,-3.814697266160709e-60,1.4551915232453987e-119
011101110111,-3.814697265627856e-60,1.4551915228388643e-119
111101110111,-9.536743165402963e-67,9.094947020286011e-133
000011110111,-6.103515625003043e-47,3.7252902984656284e-93
100011110111,-1.5258789064640926e-53,2.328306437192055e-106
010011110111,-1.5258789062509511e-53,2.328306436541599e-106
110011110111,-3.814697266160708e-60,1.455191523245398e-119
001011110111,-1.5258789062509502e-53,2.328306436541596e-106
101011110111,-3.8146972661607057e-60,1.4551915232453963e-119
011011110111,-3.8146972656278527e-60,1.4551915228388615e-119
111011110111,-9.536743165402955e-67,9.094947020285997e-133
000111110111,-1.5258789062509511e-53,2.328306436541599e-106
100111110111,-3.814697266160708e-60,1.455191523245398e-119
010111110111,-3.814697265627855e-60,1.4551915228388632e-119
110111110111,-9.536743165402961e-67,9.09494702028601e-133
001111110111,-3.8146972656278527e-60,1.4551915228388615e-119
101111110111,-9.536743165402956e-67,9.094947020285999e-133
011111110111,-9.536743164070823e-67,9.094947017745157e-133
111111110111,-2.3841857913510368e-73,5.68434188768017e-146
000000001111,-3.9062500000004876e-27,1.5258789062503809e-53
100000001111,-9.765625001366544e-34,9.536743166731531e-67
010000001111,-9.765625000002442e-34,9.536743164067269e-67
110000001111,-2.441406250341942e-40,5.960464479208702e-80
001000001111,-9.765625000002433e-34,9.536743164067253e-67
101000001111,-2.4414062503419405e-40,5.960464479208694e-80
011000001111,-2.4414062500009142e-40,5.960464477543527e-80
111000001111,-6.10351562585561e-47,3.7252902995063602e-93
000100001111,-9.765625000002442e-34,9.536743164067269e-67
100100001111,-2.441406250341942e-40,5.960464479208702e-80
010100001111,-2.4414062500009163e-40,5.9604644775435365e-80
110100001111,-6.103515625855616e-47,3.7252902995063675e-93
001100001111,-2.4414062500009142e-40,5.960464477543527e-80
101100001111,-6.103515625855611e-47,3.7252902995063615e-93
011100001111,-6.103515625003047e-47,3.725290298465633e-93
111100001111,-1.5258789064640942e-53,2.32830643719206e-106
000010001111,-9.765625000002432e-34,9.536743164067249e-67
100010001111,-2.44140625034194e-40,5.960464479208692e-80
010010001111,-2.4414062500009134e-40,5.960464477543522e-80
110010001111,-6.10351562585561e-47,3.7252902995063602e-93
001010001111,-2.4414062500009118e-40,5.960464477543515e-80
101010001111,-6.1035156258556065e-47,3.7252902995063555e-93
011010001111,-6.103515625003041e-47,3.725290298465626e-93
111010001111,-1.5258789064640923e-53,2.328306437192054e-106
000110001111,-2.4414062500009134e-40,5.960464477543522e-80
100110001111,-6.10351562585561e-47,3.7252902995063602e-93
010110001111,-6.103515625003046e-47,3.725290298465632e-93
110110001111,-1.525878906464094e-53,2.328306437192059e-106
001110001111,-6.103515625003041e-47,3.725290298465626e-93
101110001111,-1.5258789064640926e-53,2.328306437192055e-106
011110001111,-1.5258789062509514e-53,2.3283064365415995e-106
111110001111,-3.814697266160708e-60,1.455191523245398e-119
000001001111,-9.765625000002432e-34,9.536743164067249e-67
100001001111,-2.4414062503419393e-40,5.960464479208688e-80
010001001111,-2.4414062500009134e-40,5.960464477543522e-80
110001001111,-6.103515625855611e-47,3.7252902995063615e-93
001001001111,-2.4414062500009118e-40,5.960464477543515e-80
101001001111,-6.1035156258556065e-47,3.7252902995063555e-93
011001001111,-6.103515625003041e-47,3.725290298465626e-93
111001001111,-1.525878906464092e-53,2.3283064371920536e-106
000101001111,-2.4414062500009134e-40,5.960464477543522e-80
100101001111,-6.103515625855611e-47,3.7252902995063615e-93
010101001111,-6.103515625003046e-47,3.725290298465632e-93
110101001111,-1.5258789064640937e-53,2.3283064371920585e-106
001101001111,-6.103515625003041e-47,3.725290298465626e-93
101101001111,-1.5258789064640923e-53,2.328306437192054e-106
011101001111,-1.5258789062509514e-53,2.3283064365415995e-106
111101001111,-3.8146972661607084e-60,1.4551915232453982e-119
000011001111,-2.4414062500009114e-40,5.9604644775435125e-80
100011001111,-6.103515625855606e-47,3.7252902995063543e-93
010011001111,-6.10351562500304e-47,3.7252902984656246e-93
110011001111,-1.525878906464092e-53,2.3283064371920536e-106
001011001111,-6.103515625003036e-47,3.72529029846562e-93
101011001111,-1.5258789064640912e-53,2.3283064371920507e-106
011011001111,-1.5258789062509497e-53,2.3283064365415947e-106
111011001111,-3.8146972661607034e-60,1.4551915232453946e-119
000111001111,-6.10351562500304e-47,3.7252902984656246e-93
100111001111,-1.525878906464092e-53,2.3283064371920536e-106
010111001111,-1.525878906250951e-53,2.328306436541598e-106
110111001111,-3.814697266160708e-60,1.455191523245398e-119
001111001111,-1.5258789062509497e-53,2.3283064365415947e-106
101111001111,-3.814697266160705e-60,1.4551915232453957e-119
011111001111,-3.814697265627851e-60,1.4551915228388604e-119
111111001111,-9.536743165402953e-67,9.094947020285994e-133
000000101111,-9.765625000002444e-34,9.536743164067273e-67
100000101111,-2.441406250341943e-40,5.9604644792087054e-80
010000101111,-2.4414062500009167e-40,5.960464477543539e-80
110000101111,-6.103515625855619e-47,3.725290299506371e-93
001000101111,-2.4414062500009146e-40,5.960464477543528e-80
101000101111,-6.103515625855614e-47,3.725290299506365e-93
011000101111,-6.103515625003049e-47,3.7252902984656352e-93
111000101111,-1.525878906464094e-53,2.328306437192059e-106
000100101111,-2.4414062500009167e-40,5.960464477543539e-80
100100101111,-6.103515625855619e-47,3.725290299506371e-93
010100101111,-6.103515625003054e-47,3.7252902984656425e-93
110100101111,-1.5258789064640953e-53,2.3283064371920633e-106
001100101111,-6.103515625003049e-47,3.7252902984656352e-93
101100101111,-1.5258789064640942e-53,2.32830643719206e-106
011100101111,-1.525878906250953e-53,2.3283064365416044e-106
111100101111,-3.814697266160713e-60,1.4551915232454018e-119
000010101111,-2.4414062500009142e-40,5.960464477543527e-80
100010101111,-6.103515625855612e-47,3.7252902995063628e-93
010010101111,-6.103515625003048e-47,3.7252902984656344e-93
110010101111,-1.525878906464094e-53,2.328306437192059e-106
001010101111,-6.103515625003044e-47,3.7252902984656297e-93
101010101111,-1.5258789064640926e-53,2.328306437192055e-106
011010101111,-1.5258789062509514e-53,2.3283064365415995e-106
111010101111,-3.8146972661607095e-60,1.455191523245399e-119
000110101111,-6.103515625003048e-47,3.7252902984656344e-93
100110101111,-1.525878906464094e-53,2.328306437192059e-106
010110101111,-1.5258789062509523e-53,2.3283064365416025e-106
110110101111,-3.8146972661607123e-60,1.4551915232454012e-119
001110101111,-1.5258789062509514e-53,2.3283064365415995e-106
101110101111,-3.81469726616071e-60,1.4551915232453996e-119
011110101111,-3.8146972656278565e-60,1.4551915228388645e-119
111110101111,-9.536743165402961e-67,9.09494702028601e-133
000001101111,-2.4414062500009142e-40,5.960464477543527e-80
100001101111,-6.103515625855611e-47,3.7252902995063615e-93
010001101111,-6.103515625003048e-47,3.7252902984656344e-93
110001101111,-1.5258789064640942e-53,2.32830643719206e-106
001001101111,-6.103515625003044e-47,3.7252902984656297e-93
101001101111,-1.5258789064640926e-53,2.328306437192055e-106
011001101111,-1.5258789062509514e-53,2.3283064365415995e-106
111001101111,-3.8146972661607084e-60,1.4551915232453982e-119
000101101111,-6.103515625003048e-47,3.7252902984656344e-93
100101101111,-1.5258789064640942e-53,2.32830643719206e-106
010101101111,-1.5258789062509523e-53,2.3283064365416025e-106
110101101111,-3.814697266160712e-60,1.4551915232454007e-119
001101101111,-1.5258789062509514e-53,2.3283064365415995e-106
101101101111,-3.8146972661607095e-60,1.455191523245399e-119
011101101111,-3.8146972656278565e-60,1.4551915228388645e-119
111101101111,-9.536743165402963e-67,9.094947020286011e-133
000011101111,-6.103515625003043e-47,3.7252902984656284e-93
100011101111,-1.5258789064640923e-53,2.328306437192054e-106
010011101111,-1.5258789062509511e-53,2.328306436541599e-106
110011101111,-3.8146972661607084e-60,1.4551915232453982e-119
001011101111,-1.52587890625095e-53,2.328306436541595e-106
101011101111,-3.8146972661607057e-60,1.4551915232453963e-119
011011101111,-3.8146972656278527e-60,1.4551915228388615e-119
111011101111,-9.536743165402955e-67,9.094947020285997e-133
000111101111,-1.5258789062509511e-53,2.328306436541599e-106
100111101111,-3.8146972661607084e-60,1.4551915232453982e-119
010111101111,-3.814697265627855e-60,1.4551915228388632e-119
110111101111,-9.536743165402961e-67,9.09494702028601e-133
001111101111,-3.8146972656278527e-60,1.4551915228388615e-119
101111101111,-9.536743165402956e-67,9.094947020285999e-133
011111101111,-9.536743164070823e-67,9.094947017745157e-133
111111101111,-2.3841857913510368e-73,5.68434188768017e-146
000000011111,-9.765625000002447e-34,9.536743164067279e-67
100000011111,-2.441406250341943e-40,5.9604644792087054e-80
010000011111,-2.441406250000917e-40,5.96046447754354e-80
110000011111,-6.10351562585562e-47,3.725290299506372e-93
001000011111,-2.441406250000915e-40,5.9604644775435305e-80
101000011111,-6.103515625855616e-47,3.7252902995063675e-93
011000011111,-6.10351562500305e-47,3.7252902984656378e-93
111000011111,-1.5258789064640942e-53,2.32830643719206e-106
000100011111,-2.441406250000917e-40,5.96046447754354e-80
100100011111,-6.10351562585562e-47,3.725290299506372e-93
010100011111,-6.103515625003055e-47,3.7252902984656437e-93
110100011111,-1.5258789064640956e-53,2.3283064371920643e-106
001100011111,-6.10351562500305e-47,3.7252902984656378e-93
101100011111,-1.5258789064640946e-53,2.3283064371920614e-106
011100011111,-1.5258789062509532e-53,2.3283064365416054e-106
111100011111,-3.814697266160714e-60,1.4551915232454026e-119
000010011111,-2.4414062500009146e-40,5.960464477543528e-80
100010011111,-6.103515625855614e-47,3.725290299506365e-93
010010011111,-6.1035156250030495e-47,3.7252902984656365e-93
110010011111,-1.5258789064640942e-53,2.32830643719206e-106
001010011111,-6.103515625003046e-47,3.725290298465632e-93
101010011111,-1.5258789064640933e-53,2.328306437192057e-106
011010011111,-1.5258789062509518e-53,2.328306436541601e-106
111010011111,-3.8146972661607106e-60,1.4551915232453998e-119
000110011111,-6.1035156250030495e-47,3.7252902984656365e-93
100110011111,-1.5258789064640942e-53,2.32830643719206e-106
010110011111,-1.525878906250953e-53,2.3283064365416044e-106
110110011111,-3.8146972661607134e-60,1.455191523245402e-119
001110011111,-1.5258789062509518e-53,2.328306436541601e-106
101110011111,-3.814697266160711e-60,1.4551915232454004e-119
011110011111,-3.8146972656278577e-60,1.4551915228388654e-119
111110011111,-9.536743165402965e-67,9.094947020286017e-133
000001011111,-2.4414062500009146e-40,5.960464477543528e-80
100001011111,-6.103515625855613e-47,3.725290299506364e-93
010001011111,-6.1035156250030495e-47,3.7252902984656365e-93
110001011111,-1.5258789064640946e-53,2.3283064371920614e-106
001001011111,-6.103515625003046e-47,3.725290298465632e-93
101001011111,-1.5258789064640933e-53,2.328306437192057e-106
011001011111,-1.5258789062509518e-53,2.328306436541601e-106
111001011111,-3.81469726616071e-60,1.4551915232453996e-119
000101011111,-6.1035156250030495e-47,3.7252902984656365e-93
100101011111,-1.5258789064640946e-53,2.3283064371920614e-106
010101011111,-1.525878906250953e-53,2.3283064365416044e-106
110101011111,-3.814697266160713e-60,1.4551915232454018e-119
001101011111,-1.5258789062509518e-53,2.328306436541601e-106
101101011111,-3.8146972661607106e-60,1.4551915232453998e-119
011101011111,-3.8146972656278577e-60,1.4551915228388654e-119
111101011111,-9.536743165402967e-67,9.094947020286019e-133
000011011111,-6.103515625003045e-47,3.7252902984656305e-93
100011011111,-1.5258789064640926e-53,2.328306437192055e-106
010011011111,-1.5258789062509516e-53,2.3283064365416005e-106
110011011111,-3.81469726616071e-60,1.4551915232453996e-119
001011011111,-1.5258789062509504e-53,2.3283064365415966e-106
101011011111,-3.8146972661607073e-60,1.4551915232453974e-119
011011011111,-3.814697265627854e-60,1.4551915228388623e-119
111011011111,-9.536743165402957e-67,9.094947020286002e-133
000111011111,-1.5258789062509516e-53,2.3283064365416005e-106
100111011111,-3.81469726616071e-60,1.4551915232453996e-119
010111011111,-3.8146972656278565e-60,1.4551915228388645e-119
110111011111,-9.536743165402965e-67,9.094947020286017e-133
001111011111,-3.814697265627854e-60,1.4551915228388623e-119
101111011111,-9.536743165402959e-67,9.094947020286005e-133
011111011111,-9.536743164070825e-67,9.094947017745161e-133
111111011111,-2.3841857913510378e-73,5.684341887680174e-146
000000111111,-2.4414062500009175e-40,5.9604644775435425e-80
100000111111,-6.103515625855621e-47,3.7252902995063734e-93
010000111111,-6.103515625003057e-47,3.7252902984656463e-93
110000111111,-1.5258789064640967e-53,2.3283064371920677e-106
001000111111,-6.103515625003051e-47,3.725290298465639e-93
101000111111,-1.5258789064640953e-53,2.3283064371920633e-106
011000111111,-1.525878906250954e-53,2.3283064365416073e-106
111000111111,-3.8146972661607134e-60,1.455191523245402e-119
000100111111,-6.103515625003057e-47,3.7252902984656463e-93
100100111111,-1.5258789064640967e-53,2.3283064371920677e-106
010100111111,-1.5258789062509553e-53,2.3283064365416116e-106
110100111111,-3.814697266160718e-60,1.4551915232454053e-119
001100111111,-1.525878906250954e-53,2.3283064365416073e-106
101100111111,-3.814697266160714e-60,1.4551915232454026e-119
011100111111,-3.8146972656278615e-60,1.4551915228388684e-119
111100111111,-9.536743165402981e-67,9.094947020286047e-133
000010111111,-6.10351562500305e-47,3.7252902984656378e-93
100010111111,-1.5258789064640949e-53,2.328306437192062e-106
010010111111,-1.5258789062509537e-53,2.328306436541607e-106
110010111111,-3.8146972661607134e-60,1.455191523245402e-119
001010111111,-1.5258789062509523e-53,2.3283064365416025e-106
101010111111,-3.814697266160711e-60,1.4551915232454004e-119
011010111111,-3.8146972656278577e-60,1.4551915228388654e-119
111010111111,-9.536743165402972e-67,9.09494702028603e-133
000110111111,-1.5258789062509537e-53,2.328306436541607e-106
100110111111,-3.8146972661607134e-60,1.455191523245402e-119
010110111111,-3.81469726562786e-60,1.455191522838867e-119
110110111111,-9.53674316540298e-67,9.094947020286044e-133
001110111111,-3.8146972656278577e-60,1.4551915228388654e-119
101110111111,-9.536743165402973e-67,9.094947020286031e-133
011110111111,-9.536743164070839e-67,9.094947017745186e-133
111110111111,-2.38418579135104e-73,5.684341887680185e-146
000001111111,-6.10351562500305e-47,3.7252902984656378e-93
100001111111,-1.5258789064640946e-53,2.3283064371920614e-106
010001111111,-1.5258789062509537e-53,2.328306436541607e-106
110001111111,-3.814697266160714e-60,1.4551915232454026e-119
001001111111,-1.5258789062509523e-53,2.3283064365416025e-106
101001111111,-3.814697266160711e-60,1.4551915232454004e-119
011001111111,-3.8146972656278577e-60,1.4551915228388654e-119
111001111111,-9.536743165402967e-67,9.094947020286019e-133
000101111111,-1.5258789062509537e-53,2.328306436541607e-106
100101111111,-3.814697266160714e-60,1.4551915232454026e-119
010101111111,-3.81469726562786e-60,1.455191522838867e-119
110101111111,-9.536743165402978e-67,9.094947020286042e-133
001101111111,-3.8146972656278577e-60,1.4551915228388654e-119
101101111111,-9.536743165402972e-67,9.09494702028603e-133
011101111111,-9.536743164070839e-67,9.094947017745186e-133
111101111111,-2.3841857913510403e-73,5.684341887680187e-146
000011111111,-1.525878906250952e-53,2.328306436541602e-106
100011111111,-3.8146972661607106e-60,1.4551915232453998e-119
010011111111,-3.814697265627857e-60,1.455191522838865e-119
110011111111,-9.536743165402967e-67,9.094947020286019e-133
001011111111,-3.8146972656278543e-60,1.455191522838863e-119
101011111111,-9.53674316540296e-67,9.094947020286006e-133
011011111111,-9.536743164070828e-67,9.094947017745167e-133
111011111111,-2.384185791351038e-73,5.684341887680176e-146
000111111111,-3.814697265627857e-60,1.455191522838865e-119
100111111111,-9.536743165402967e-67,9.094947020286019e-133
010111111111,-9.536743164070833e-67,9.094947017745177e-133
110111111111,-2.38418579135104e-73,5.684341887680185e-146
001111111111,-9.536743164070828e-67,9.094947017745167e-133
101111111111,-2.3841857913510387e-73,5.684341887680179e-146
011111111111,-2.3841857910180052e-73,5.684341886092151e-146
111111111111,-5.96046447837834e-80,3.552713679800998e-159
