config,amplitude,probability
000000000000,0.8497603620873733,0.7220926729748636
100000000000,0.10799532347145337,0.011662989891703845
010000000000,0.10799697807054348,0.011663347272369447
110000000000,0.027465070815232875,0.0007543301148857567
001000000000,0.10799908754280058,0.0116638029100775
101000000000,0.013935317114565984,0.00019419306308351565
011000000000,0.02746844663484705,0.0007545155605314404
111000000000,0.008708130996626479,7.583154545440686e-5
000100000000,0.1079943791020885,0.011662785917645609
100100000000,0.013740516220127121,0.00018880178599557654
010100000000,0.013940861219574554,0.00019434761154343773
110100000000,0.0036028670565302363,1.298065102703085e-5
001100000000,0.02746534536332841,0.0007543451959269056
101100000000,0.0035975990786257218,1.2942719130528642e-5
011100000000,0.00871137315340834,7.588802221792355e-5
111100000000,0.0031069542428651528,9.653164667257774e-6
000010000000,0.1079975409292845,0.01166346884677248
100010000000,0.013726008796876106,0.00018840331749192028
010010000000,0.013733995499840928,0.0001886226323896509
110010000000,0.003498283478722025,1.2237987297499475e-5
001010000000,0.013944185287675409,0.00019444030333702338
101010000000,0.0018024113183690922,3.2486865605850095e-6
011010000000,0.0036056323054307602,1.300058432196594e-5
111010000000,0.0011649766982511523,1.357170707468156e-6
000110000000,0.02746210482820466,0.0007541672015953018
100110000000,0.003501224416648663,1.2258572415736772e-5
010110000000,0.00360335851220268,1.2984192567463512e-5
110110000000,0.0009545777508726067,9.112186824610043e-7
001110000000,0.008713010280076847,7.591654814072481e-5
101110000000,0.0011629286649243872,1.3524030797028173e-6
011110000000,0.0031093905453163915,9.668309563302966e-6
111110000000,0.0012340283258041435,1.5228259088869778e-6
000001000000,0.10799693290013454,0.011663337515836161
100001000000,0.013725765612984187,0.0001883966416625792
010001000000,0.013726098203460968,0.00018840577189105443
110001000000,0.0034926098060878937,1.2198323257581316e-5
001001000000,0.013736423857396842,0.00018868934039006116
101001000000,0.0017732981652995971,3.1445863830549176e-6
011001000000,0.0034990607682323176,1.2243426259782538e-5
111001000000,0.0011159416275966796,1.2453257162031262e-6
000101000000,0.013944603745003326,0.00019445197360516082
100101000000,0.0017749826461547383,3.150563394150477e-6
010101000000,0.0018032052592465524,3.2515492069744264e-6
110101000000,0.0004688021210112004,2.197754286646002e-7
001101000000,0.0036041072184549803,1.2989588842119296e-5
101101000000,0.00047490051626029644,2.2553050034429607e-7
011101000000,0.0011637070897184993,1.3542141906610992e-6
111101000000,0.0004345024473310881,1.8879237673670503e-7
000011000000,0.027463413456552087,0.0007542390786855264
100011000000,0.0034917330719944997,1.2192199846060147e-5
010011000000,0.003496353192064022,1.2224485643656278e-5
110011000000,0.0008962820188580579,8.033214573282761e-7
001011000000,0.0036028258775717276,1.2980354304100489e-5
101011000000,0.00046864081315093074,2.196242117507656e-7
011011000000,0.0009560589003025825,9.140486208477832e-7
111011000000,0.00033075235202610073,1.0939711837079767e-7
000111000000,0.008710585500026655,7.587429975327461e-5
100111000000,0.001116378240676241,1.2463003762553789e-6
010111000000,0.0011637248445541275,1.354255513832528e-6
110111000000,0.00032925870988752997,1.0841129803680064e-7
001111000000,0.003107440518702184,9.656186577272097e-6
101111000000,0.000435188945048989,1.89389417892852e-7
011111000000,0.001234308048296768,1.523516358090177e-6
111111000000,0.0006284245027111809,3.9491735560779504e-7
000000100000,0.10799689315645693,0.011663328931447172
100000100000,0.01372566802983249,0.00018839396286516574
010000100000,0.013725758517254693,0.0001883964468739898
110000100000,0.0034918818730284135,1.2193239015184423e-5
001000100000,0.013726922794717836,0.00018842840941214414
101000100000,0.0017716968105607844,3.138909588551256e-6
011000100000,0.0034930084161247646,1.2201107795118438e-5
111000100000,0.0011109854533585724,1.2342886775743524e-6
000100100000,0.01373621472568322,0.00018868359499007656
100100100000,0.0017480225139205356,3.0555827091730695e-6
010100100000,0.0017739193731838411,3.146789942556952e-6
110100100000,0.00045987355904811435,2.1148369031157954e-7
001100100000,0.0034987094203035463,1.224096760772078e-5
101100100000,0.0004596886425847954,2.113136481214518e-7
011100100000,0.0011148960296131073,1.2429931568470706e-6
111100100000,0.0004081631319518954,1.6659714228478034e-7
000010100000,0.013945092577560917,0.0001944656069967446
100010100000,0.00177275784256457,3.1426703683741887e-6
010010100000,0.0017739044387139332,3.1467369576889944e-6
110010100000,0.0004533747937886329,2.0554870364288542e-7
001010100000,0.001803450523040576,3.2524337890553274e-6
101010100000,0.00023387821818496944,5.469902094137618e-8
011010100000,0.00046919965410613607,2.2014831541331775e-7
111010100000,0.00015737235717349857,2.4766058802343208e-8
000110100000,0.003603464392325823,1.2984955626760114e-5
100110100000,0.0004609005834755217,2.1242934784807635e-7
010110100000,0.00047566360656487345,2.262558666103027e-7
110110100000,0.000131688962113725,1.7341982742590097e-8
001110100000,0.0011635873983829364,1.3539356336755702e-6
101110100000,0.00016105588000562093,2.593899648438497e-8
011110100000,0.0004349711880538912,1.891999344370136e-7
111110100000,0.0002141973901785797,4.588052195931472e-8
000001100000,0.027463025238828803,0.000754217755268548
100001100000,0.0034914202675398005,1.2190015484587694e-5
010001100000,0.0034915323037529836,1.2190797828150618e-5
110001100000,0.0008921376044608171,7.959095052930854e-7
001001100000,0.0034979074490972487,1.2235356522450023e-5
101001100000,0.00045318406516082447,2.053757969156904e-7
011001100000,0.0008969363938875113,8.044948946799329e-7
111001100000,0.0002982039540007425,8.892559818167692e-8
000101100000,0.0036034355510243784,1.2984747770386365e-5
100101100000,0.0004602070073200511,2.1179048958647759e-7
010101100000,0.0004689479142117517,2.1991214624355246e-7
110101100000,0.00012764040736570076,1.6292073592482038e-8
001101100000,0.0009549551433140311,9.119393257419216e-7
101101100000,0.0001315948548490966,1.7317205822754804e-8
011101100000,0.0003295596752503791,1.0860957955113535e-7
111101100000,0.00016503023059621756,2.7234977010640747e-8
000011100000,0.008711299489388456,7.588673879381956e-5
100011100000,0.0011106132364869913,1.2334617610601097e-6
010011100000,0.001112864066722193,1.2384664310014575e-6
110011100000,0.00029651258653481575,8.791971397356658e-8
001011100000,0.0011625509960896219,1.3515248185089716e-6
101011100000,0.00015689351994152632,2.461557659964212e-8
011011100000,0.00033032880524401064,1.0911711957393553e-7
111011100000,0.00015671316056901707,2.455901469553053e-8
000111100000,0.003106120111765334,9.64798214871309e-6
100111100000,0.0004092932455457458,1.6752096084937014e-7
010111100000,0.0004352801446929794,1.8946880436394112e-7
110111100000,0.00016504166943714663,2.7238752650600386e-8
001111100000,0.001232836423834818,1.519885647933823e-6
101111100000,0.0002146314594679461,4.6066663393340594e-8
011111100000,0.000628207766279039,3.946449976132997e-7
111111100000,0.0006099775346418294,3.720725927677242e-7
000000010000,0.1079969007175511,0.011663330564596586
100000010000,0.01372580688309597,0.00018839777459204473
010000010000,0.013725704907264494,0.00018839497520130465
110000010000,0.003491887628362574,1.2193279209111604e-5
001000010000,0.013726120712452541,0.00018840638981281867
101000010000,0.0017714859078788625,3.138162321813398e-6
011000010000,0.0034922732075048845,1.2195972155856456e-5
111000010000,0.001109997102753772,1.2320935681217678e-6
000100010000,0.013726316968979592,0.0001884117775328971
100100010000,0.0017468049425038287,3.0513275071558048e-6
010100010000,0.0017723895442877168,3.1413646967004204e-6
110100010000,0.00045919468051498525,2.1085975461325938e-7
001100010000,0.0034925505929914733,1.2197909644605094e-5
101100010000,0.0004585923307897716,2.1030692585919533e-7
011100010000,0.001111302978983067,1.2349943110966387e-6
111100010000,0.0004050148345732921,1.6403701622443113e-7
000010010000,0.013736615079810242,0.0001886945938508702
100010010000,0.0017461758457255412,3.0491300841953097e-6
010010010000,0.001747146419400788,3.0525206108249944e-6
110010010000,0.00044602299790808816,1.989365146629184e-7
001010010000,0.0017743375638610485,3.1482737905283605e-6
101010010000,0.0002298687309446116,5.2839633466086246e-8
011010010000,0.0004603582083678771,2.1192968001168177e-7
111010010000,0.0001526364766784902,2.3297894012823292e-8
000110010000,0.003498179201147562,1.2237257723341396e-5
100110010000,0.00044694606349859927,1.9976078367689393e-7
010110010000,0.0004604469164949158,2.1201136290967598e-7
110110010000,0.0001255779018531102,1.576980943382938e-8
001110010000,0.0011150054495776957,1.2432371525879591e-6
101110010000,0.00015252104134543247,2.326266805309512e-8
011110010000,0.0004084949419243463,1.6686811757777505e-7
111110010000,0.00018911852399488367,3.576581611800339e-8
000001010000,0.013944981098838792,0.00019446249784697118
100001010000,0.001772694950364181,3.1424473870466663e-6
010001010000,0.0017726927346368344,3.1424395314342184e-6
110001010000,0.0004522594997151506,2.045386550825983e-7
001001010000,0.0017743127775497914,3.1481858325764555e-6
101001010000,0.00022955557155633052,5.269576043255359e-8
011001010000,0.0004535686734204293,2.0572454150836805e-7
111001010000,0.000148455322496739,2.203898277761078e-8
000101010000,0.001803674717468909,3.253242486436549e-6
100101010000,0.00023009220183071088,5.2942421343304595e-8
010101010000,0.0002339892002528159,5.475094583495238e-8
110101010000,6.273269309884214e-5,3.935390783433516e-9
001101010000,0.00046907493423696143,2.200312939294097e-7
101101010000,6.370375859065005e-5,4.0581688585758205e-9
011101010000,0.00015704866302727646,2.4664282558655037e-8
111101010000,7.277143315165731e-5,5.2956814829461275e-9
000011010000,0.0036036753461691153,1.2986476000587093e-5
100011010000,0.00045924528554693657,2.1090623229708732e-7
010011010000,0.00045984779563012644,2.1145999514588655e-7
110011010000,0.00012166573136514916,1.4802550188616639e-8
001011010000,0.0004753807253791438,2.2598683406200094e-7
101011010000,6.37417124469473e-5,4.063005905669316e-9
011011010000,0.00013196052864557456,1.7413581120419503e-8
111011010000,6.003878059207669e-5,3.6046551749835246e-9
000111010000,0.0011632131829861867,1.3530649090728557e-6
100111010000,0.0001528740482001949,2.3370474613115517e-8
010111010000,0.00016112750686785108,2.59620734694494e-8
110111010000,5.999558754821029e-5,3.5994705252549655e-9
001111010000,0.00043484280946122587,1.89088268940132e-7
101111010000,7.543931165962968e-5,5.691089743678739e-9
011111010000,0.00021399737588904721,4.579487688739817e-8
111111010000,0.00021169951147634458,4.4816683159322945e-8
000000110000,0.027462985056073808,0.0007542155481901334
100000110000,0.0034915490708634844,1.2190914914247663e-5
010000110000,0.0034911532162383904,1.218815077925166e-5
110000110000,0.000891498923884921,7.947703312879723e-7
001000110000,0.0034920603191796987,1.2194485272789421e-5
101000110000,0.00045191609517349334,2.042281570768579e-7
011000110000,0.000892254090774815,7.961173625043918e-7
111000110000,0.000292920027810041,8.580214269223518e-8
000100110000,0.003498157993079414,1.2237109344545394e-5
100100110000,0.0004462013077774684,1.990956070623231e-7
010100110000,0.0004532653621948611,2.054494885656386e-7
110100110000,0.00012134609735586813,1.4724875343499826e-8
001100110000,0.0008965665990719773,8.038316665714917e-7
101100110000,0.00012156931741807891,1.4779098937497624e-8
011100110000,0.0002968147193923297,8.809897764794739e-8
111100110000,0.00013673100133768527,1.869536672680609e-8
000010110000,0.00360367132955068,1.2986447051425566e-5
100010110000,0.00045923709500261063,2.1089870942643685e-7
010010110000,0.0004595023677137211,2.1114242593451579e-7
110010110000,0.00012130362612735617,1.4714569711645406e-8
001010110000,0.0004687894588566969,2.1976355673515473e-7
101010110000,6.274214594861686e-5,3.936576878237539e-9
011010110000,0.00012791730573244643,1.6362837105848172e-8
111010110000,5.762194774807754e-5,3.3202888622821783e-9
000110110000,0.0009547756099970428,9.115964654452253e-7
100110110000,0.00012600082873626985,1.5876208842226806e-8
010110110000,0.0001318294920034624,1.737901496189096e-8
110110110000,5.099856559410949e-5,2.600853692656688e-9
001110110000,0.00032943647419537384,1.0852839053027922e-7
101110110000,6.0250655963323306e-5,3.6301415440107464e-9
011110110000,0.00016529364515048268,2.732198912713369e-8
111110110000,0.00018496985229850545,3.421384625933092e-8
000001110000,0.008711094044019206,7.588315944374688e-5
100001110000,0.0011102207667366428,1.2325901508932989e-6
010001110000,0.0011098394716457394,1.231743652822894e-6
110001110000,0.0002927864275126157,8.572389213560015e-8
001001110000,0.0011141018463521868,1.2412229240453516e-6
101001110000,0.00014821516575980276,2.1967735361205805e-8
011001110000,0.00029727855612983125,8.837453993463721e-8
111001110000,0.00012787901967677682,1.6353043673493474e-8
000101110000,0.0011632367344776783,1.3531197004382924e-6
100101110000,0.00015237970843923784,2.321957554402713e-8
010101110000,0.00015708631654448512,2.467611084551418e-8
110101110000,5.715977205011635e-5,3.2672395408212625e-9
001101110000,0.00032934449313795964,1.0846779516029956e-7
101101110000,5.973266089302788e-5,3.5679907773614626e-9
011101110000,0.00015535751003201538,2.4135955923347768e-8
111101110000,0.00017870282851126037,3.193470091792493e-8
000011110000,0.0031069940404721925,9.65341196752972e-6
100011110000,0.0004040195084355971,1.632317631965415e-7
010011110000,0.0004049280093948918,1.6396669279250956e-7
110011110000,0.00013625758035575776,1.8566128204405782e-8
001011110000,0.00043326908579648587,1.8772210070692267e-7
101011110000,7.279234120066468e-5,5.298724937473983e-9
011011110000,0.00016651072469984972,2.7725821440069147e-8
111011110000,0.00018117737849693882,3.2825242479023035e-8
000111110000,0.0012319442915054368,1.517686737372833e-6
100111110000,0.0001906544046446534,3.634910201040724e-8
010111110000,0.00021490951774888513,4.618610081905838e-8
110111110000,0.00018464886307629187,3.409520263536718e-8
001111110000,0.0006272608169204352,3.9345613244369177e-7
101111110000,0.00021321844664508983,4.546210598974501e-8
011111110000,0.0006096048767105513,3.716181057092864e-7
111111110000,0.0011923558121484305,1.421712382764143e-6
000000001000,0.10799691862114369,0.011663334431661931
100000001000,0.013726505559591828,0.0001884169548775054
010000001000,0.013725757231337178,0.00018839641157360489
110000001000,0.003492527682375042,1.2197749612155984e-5
001000001000,0.013726086296182192,0.0001884054450102406
101000001000,0.0017716344133757638,3.1386884946572867e-6
011000001000,0.003492256148871632,1.2195853009331724e-5
111000001000,0.0011106308053947997,1.2335007858919015e-6
000100001000,0.013725658224563946,0.00018839369369753992
100100001000,0.0017468127749693573,3.051354870796147e-6
010100001000,0.001772246310543729,3.1408569852358597e-6
110100001000,0.0004592480098010464,2.1090873450622203e-7
001100001000,0.003491943635683809,1.219367035479266e-5
101100001000,0.0004585856659655775,2.1030081302909225e-7
011100001000,0.0011106422952405505,1.2335263079771981e-6
111100001000,0.0004049405332592007,1.639768354762458e-7
000010001000,0.013726808165666864,0.00018842526241701852
100010001000,0.0017448927737076503,3.044650791737178e-6
010010001000,0.001745852354984379,3.0480004454045024e-6
110010001000,0.00044563844720489626,1.9859362562719113e-7
001010001000,0.0017727992496481377,3.1428171795530002e-6
101010001000,0.00022964077282408373,5.2734884543242435e-8
011010001000,0.0004596477120488975,2.112760191917862e-7
111010001000,0.00015220236907269433,2.3165561151340653e-8
000110001000,0.0034921065004095645,1.2194807810202738e-5
100110001000,0.00044610708061973886,1.9901152737906618e-7
010110001000,0.00045937452817146254,2.1102495713275383e-7
110110001000,0.00012498631859833348,1.5621579836764123e-8
001110001000,0.0011112837207473212,1.2349515079980102e-6
101110001000,0.0001516446494998279,2.2996099721925653e-8
011110001000,0.00040520226160384423,1.641888728088702e-7
111110001000,0.00018502883829596385,3.423567100115393e-8
000001001000,0.013736547542617867,0.00018869273839060098
100001001000,0.0017463167112407834,3.049622055958826e-6
010001001000,0.0017460760906005195,3.0487817141667942e-6
110001001000,0.00044504237822666346,1.9806271841764458e-7
001001001000,0.001747409124510599,3.0534386484228984e-6
101001001000,0.0002259626923169002,5.105913831910211e-8
011001001000,0.0004461293509665821,1.990313977938638e-7
111001001000,0.00014495296140722085,2.101136102072325e-8
000101001000,0.0017743269317977428,3.148236060902792e-6
100101001000,0.00022625216837150598,5.119004369280829e-8
010101001000,0.00022993508577047613,5.287014366827622e-8
110101001000,6.117417255091229e-5,3.74227938728879e-9
001101001000,0.00045999861440852057,2.115987252577588e-7
101101001000,6.201605081316933e-5,3.845990558461601e-9
011101001000,0.00015227065145956092,2.3186351295919076e-8
111101001000,6.72207979160012e-5,4.518635672463871e-9
000011001000,0.0034983528379751785,1.2238472578968988e-5
100011001000,0.0004456315073477234,1.9858744034100407e-7
010011001000,0.00044609735610521195,1.990028511240603e-7
110011001000,0.0001171290094269794,1.371920484934543e-8
001011001000,0.0004603020499336374,2.1187797717310885e-7
101011001000,6.123196546067499e-5,3.749353594177294e-9
011011001000,0.00012593774584954864,1.5860315829665505e-8
111011001000,5.387922600870351e-5,2.9029709952969532e-9
000111001000,0.001114663823204356,1.2424754387605515e-6
100111001000,0.00014557406753158944,2.1191809137691758e-8
010111001000,0.00015255836065737095,2.3274053406464464e-8
110111001000,5.3503654898904914e-5,2.8626410875411122e-9
001111001000,0.0004082833406412196,1.6669528624515416e-7
101111001000,6.759650819878679e-5,4.569287920668649e-9
011111001000,0.00018898349128901524,3.5714759979785296e-8
111111001000,0.00017042421612979185,2.9044413443454006e-8
000000101000,0.013944990318116642,0.0001944627549723669
100000101000,0.001772824299458753,3.1429059967514188e-6
010000101000,0.001772644243972849,3.1422676156900734e-6
110000101000,0.0004523216932254035,2.0459491416229606e-7
001000101000,0.001772837039206689,3.1429511675831396e-6
101000101000,0.00022927506188593537,5.25670540027995e-8
011000101000,0.00045248857965394856,2.0474591471724776e-7
111000101000,0.00014733227505592738,2.170679927315544e-8
000100101000,0.0017743739132317145,3.148402783957228e-6
100100101000,0.00022619146402521044,5.1162578397868075e-8
010100101000,0.00022964567476809562,5.2737135939693955e-8
110100101000,6.09626194414639e-5,3.7164409691647523e-9
001100101000,0.00045338436923098274,2.0555738626297609e-7
101100101000,6.096276593680978e-5,3.7164588306662553e-9
011100101000,0.0001481658870593649,2.195313008808847e-8
111100101000,6.473778631548565e-5,4.1909809770294804e-9
000010101000,0.0018037300921931196,3.2534422454829997e-6
100010101000,0.00022972760358171514,5.2774771847397665e-8
010010101000,0.0002298136716770184,5.2814323689672416e-8
110010101000,6.019208179631406e-5,3.6230867109741625e-9
001010101000,0.0002339498963320892,5.473255399379529e-8
101010101000,3.105449365444647e-5,9.64381576134056e-10
011010101000,6.280975595020501e-5,3.945065442524314e-9
111010101000,2.6502696024633397e-5,7.023928965741188e-10
000110101000,0.00046898428852146923,2.1994626287998872e-7
100110101000,6.138821159654644e-5,3.768512523022359e-9
010110101000,6.38145395826813e-5,4.072295462149598e-9
110110101000,2.304314941824782e-5,5.309867351116948e-10
001110101000,0.00015705147094812084,2.4665164526968448e-8
101110101000,2.7144556351676757e-5,7.368269395293551e-10
011110101000,7.273145831751879e-5,5.289865028992972e-9
111110101000,7.484419143113405e-5,5.601652990980239e-9
000001101000,0.0036036141951086716,1.298603526718872e-5
100001101000,0.00045923763729790415,2.1089920751096137e-7
010001101000,0.00045898558493328754,2.1066776717655213e-7
110001101000,0.00012073092422198985,1.4575956063495856e-8
001001101000,0.00046021720287361565,2.1179987382081473e-7
101001101000,6.102673940276943e-5,3.7242629221335307e-9
011001101000,0.00012195916977706888,1.4874039092711912e-8
111001101000,5.104787577697627e-5,2.6058856213416e-9
000101101000,0.00047560558995938764,2.2620067720061715e-7
100101101000,6.215988191091356e-5,3.863850919178719e-9
010101101000,6.382142496933493e-5,4.073174285116449e-9
110101101000,2.272689171006601e-5,5.165116068010672e-10
001101101000,0.00013172313500645492,1.7350984295928747e-8
101101101000,2.3476235465676176e-5,5.511336316398719e-10
011101101000,5.966685225224722e-5,3.5601332576914996e-9
111101101000,6.776226700055932e-5,4.59172482905509e-9
000011101000,0.0011635304986759834,1.3538032213491823e-6
100011101000,0.00015134732236218762,2.290601198620393e-8
010011101000,0.0001514211211712021,2.292835593674387e-8
110011101000,5.101096840087852e-5,2.602118897195426e-9
001011101000,0.0001604731078551615,2.5751618344694296e-8
101011101000,2.702765705764751e-5,7.304942460258032e-10
011011101000,6.041080920168758e-5,3.6494658684027012e-9
111011101000,6.728099472760041e-5,4.526732251535394e-9
000111101000,0.00043454039963329106,1.8882535891346032e-7
100111101000,6.797298400498701e-5,4.620326554542219e-9
010111101000,7.560558557989411e-5,5.716204570878691e-9
110111101000,6.803815090443886e-5,4.629189978495194e-9
001111101000,0.00021378860266654348,4.570556663011321e-8
101111101000,7.721728582073534e-5,5.9625092295211365e-9
011111101000,0.0002115865936028003,4.4768886592436574e-8
111111101000,0.0004433134705355697,1.9652683315829143e-7
000000011000,0.02746297456599668,0.0007542149720125807
100000011000,0.0034921840429780466,1.2195349390030497e-5
010000011000,0.003491143252888425,1.2188081212188374e-5
110000011000,0.0008920943003868282,7.958322407826645e-7
001000011000,0.003491536090127381,1.2190824268662003e-5
101000011000,0.00045184924345415494,2.0416773881009218e-7
011000011000,0.0008916389882537524,7.950200853741752e-7
111000011000,0.00029251324203849086,8.556399676786873e-8
000100011000,0.003492165685551972,1.2195221175346678e-5
100100011000,0.0004454270318968767,1.9840524074446123e-7
010100011000,0.00045215079774992136,2.044403439058903e-7
110100011000,0.00012055892249699769,1.4534453793637095e-8
001100011000,0.0008921915437387575,7.960057507189474e-7
101100011000,0.00012052678274534131,1.4526705358942704e-8
011100011000,0.0002930532093619162,8.588018351731907e-8
111100011000,0.00013232092284600923,1.7508826622819523e-8
000010011000,0.0034983332411021566,1.2238335465800321e-5
100010011000,0.0004456284208020182,1.9858468942650063e-7
010010011000,0.0004456655322921911,1.9861776667328204e-7
110010011000,0.00011669274535680221,1.3617196818907485e-8
001010011000,0.00045324669758419427,2.0543256887097807e-7
101010011000,6.021295422591041e-5,3.625599856611582e-9
011010011000,0.00012157467197145878,1.4780400864967805e-8
111010011000,5.1545635357397555e-5,2.6569525243977927e-9
000110011000,0.0008964285592985769,8.035841619261222e-7
100110011000,0.00011731529315129168,1.3762878007173505e-8
010110011000,0.00012178442442016535,1.4831446031350966e-8
110110011000,4.376552668067417e-5,1.9154213256368025e-9
001110011000,0.00029673644214921695,8.805251609937557e-8
101110011000,5.1274174478606785e-5,2.629040968462611e-9
011110011000,0.00013664249051564833,1.8671170214319043e-8
111110011000,0.0001404048567868096,1.9713523809324517e-8
000001011000,0.0036036321560715106,1.2986164716272605e-5
100001011000,0.00045924222380738723,2.1090342012755435e-7
010001011000,0.0004589294547958209,2.1061624447918946e-7
110001011000,0.00012052430404760418,1.4526107866159337e-8
001001011000,0.0004597784977775941,2.113962670186211e-7
101001011000,6.092487943399902e-5,3.7118409340473167e-9
011001011000,0.00012151864571808009,1.4766781257156265e-8
111001011000,5.061261975020055e-5,2.56163727797839e-9
000101011000,0.00046899887017316176,2.1995994022370226e-7
100101011000,6.12647598426616e-5,3.753370798579001e-9
010101011000,6.277801870604652e-5,3.941079632656727e-9
110101011000,2.224902715108808e-5,4.950192091698546e-10
001101011000,0.00012772008519814176,1.631242016302059e-8
101101011000,2.27597429873495e-5,5.180059008502049e-10
011101011000,5.713455344250754e-5,3.2643571970747502e-9
111101011000,6.56242598872746e-5,4.306543485752558e-9
000011011000,0.000955043432765114,9.121079584677729e-7
100011011000,0.00012479743303156146,1.5574399291267068e-8
010011011000,0.00012467196111731497,1.5543097888837296e-8
110011011000,4.3744598487487894e-5,1.9135898968315283e-9
001011011000,0.00013132214605508875,1.724550604451406e-8
101011011000,2.3024690174698552e-5,5.3013635764086e-10
011011011000,5.143802366958501e-5,2.645870279032787e-9
111011011000,6.271149855938772e-5,3.932732051564088e-9
000111011000,0.00032927687205531087,1.0842325847052958e-7
100111011000,5.3996359757390324e-5,2.9156068670495216e-9
010111011000,6.0312992704147794e-5,3.637657088930585e-9
110111011000,6.208950810205936e-5,3.855107016355696e-9
001111011000,0.00016531415342175196,2.7328769321550547e-8
101111011000,6.868928564330466e-5,4.7182179621874984e-9
011111011000,0.0001847260909586521,3.41237286808642e-8
111111011000,0.000418311917104538,1.7498485999167387e-7
000000111000,0.008711073070920837,7.588279404692217e-5
100000111000,0.0011107479265433122,1.2337609563202672e-6
010000111000,0.0011094880016584254,1.2309636258240062e-6
110000111000,0.000292794654525892,8.572870971893644e-8
001000111000,0.0011106362508591938,1.2335128817225659e-6
101000111000,0.00014720178401590698,2.1668365217465723e-8
011000111000,0.00029328096944298475,8.601372703741693e-8
111000111000,0.00012229640105323756,1.4956409710574325e-8
000100111000,0.0011146801868063257,1.242511918858585e-6
100100111000,0.00014506600373314794,2.1044145439105688e-8
010100111000,0.0001482119830325452,2.1966791914439466e-8
110100111000,5.0353668879678496e-5,2.5354919696443026e-9
001100111000,0.0002966645620842767,8.800986239665566e-8
101100111000,5.0672127163588353e-5,2.5676644712828683e-9
011100111000,0.00012607683933999893,1.58953694179639e-8
111100111000,0.0001337197855194201,1.7880981039359712e-8
000010111000,0.001163518543735945,1.353775401617414e-6
100010111000,0.00015135416832281898,2.2908084268692217e-8
010010111000,0.0001511349203275351,2.284176414241038e-8
110010111000,5.0616264517850547e-5,2.5620062337410156e-9
001010111000,0.00015649100468363933,2.448943454689483e-8
101010111000,2.6336766975629495e-5,6.936252947286083e-10
011010111000,5.7485474290505005e-5,3.304579754404312e-9
111010111000,6.50535337139624e-5,4.231962248673642e-9
000110111000,0.0003291953976192705,1.0836960981370963e-7
100110111000,5.403353859620424e-5,2.9196232932274936e-9
010110111000,5.993234193243617e-5,3.5918856095064467e-9
110110111000,6.164667967835574e-5,3.800313115365799e-9
001110111000,0.00015538851565633204,2.4145590797878155e-8
101110111000,6.717386145569343e-5,4.512327662868695e-9
011110111000,0.00017912808238675345,3.208686989955553e-8
111110111000,0.0004143932105663414,1.7172173296348017e-7
000001111000,0.0031068680348732406,9.652628986117112e-6
100001111000,0.0004040042428106153,1.6321942820897864e-7
010001111000,0.0004020010311247125,1.6160482902533204e-7
110001111000,0.00013192109079883347,1.7403174197554063e-8
001001111000,0.00040672038731293054,1.654214734559802e-7
101001111000,6.475258102612435e-5,4.192896749544799e-9
011001111000,0.00013773482446735613,1.8970881871053402e-8
111001111000,0.00013658190945445907,1.8654617990226055e-8
000101111000,0.000434534127242749,1.888199077386176e-7
100101111000,6.759639552874564e-5,4.5692726884786234e-9
010101111000,7.306240646227852e-5,5.338115238059197e-9
110101111000,6.568019975315905e-5,4.313888639614874e-9
001101111000,0.00016508233357558267,2.7252176858759954e-8
101101111000,6.832133091316975e-5,4.667804257746844e-9
011101111000,0.00017875850263155153,3.195460226307442e-8
111101111000,0.00041366623450416905,1.7111975356885816e-7
000011111000,0.0012337794551071073,1.522211743844391e-6
100011111000,0.00018316986738355393,3.355120031730873e-8
010011111000,0.00018155073244790002,3.2960668452368977e-8
110011111000,0.0001395302584522327,1.9468693023746852e-8
001011111000,0.00021044752374382262,4.428816024990678e-8
101011111000,7.440715830034119e-5,5.536425206332031e-9
011011111000,0.00018765814365912276,3.5215578881587954e-8
111011111000,0.0004196832421415982,1.761340237344833e-7
000111111000,0.0006261498975670469,3.920636942232234e-7
100111111000,0.00017416308480042994,3.033278010720175e-8
010111111000,0.00021418199910362622,4.587392874002575e-8
110111111000,0.0004175621456154893,1.7435814545101106e-7
001111111000,0.0006088869207963256,3.707432823168308e-7
101111111000,0.0004471694217692691,1.999604917654625e-7
011111111000,0.0011917600643200964,1.4202920509082401e-6
111111111000,0.0031803486354741884,1.0114617443162532e-5
000000000100,0.10799694518834585,0.011663340170014577
100000000100,0.013736294341986036,0.00018868578224967762
010000000100,0.013726314305030077,0.00018841170440047337
110000000100,0.0034987053668489193,1.2240939244017432e-5
001000000100,0.013726063661999167,0.00018840482365325403
101000000100,0.001773191779629649,3.1442090873461615e-6
011000000100,0.0034930813587022735,1.2201617378513323e-5
111000000100,0.0011147973982335658,1.2427732391083273e-6
000100000100,0.013725546731344802,0.00018839063307433002
100100000100,0.0017481111216623487,3.0558924936795953e-6
010100000100,0.0017723736595652501,3.141308389120717e-6
110100000100,0.00046032910888504393,2.1190288848689863e-7
001100000100,0.003491930759498341,1.2193580429130662e-5
101100000100,0.0004592138580585631,2.1087736743303016e-7
011100000100,0.0011112497090812982,1.2348759159332696e-6
111100000100,0.000408190375530567,1.6661938267578528e-7
000010000100,0.013726038681600133,0.00018840413788878316
100010000100,0.0017461225059519833,3.048943805792035e-6
010010000100,0.0017458167778968056,3.047876221985985e-6
110010000100,0.0004465129574312168,1.9937382115397165e-7
001010000100,0.0017726779788774724,3.1423872167971207e-6
101010000100,0.00022987282070008642,5.284151369661408e-8
011010000100,0.0004596497736889409,2.112779144522946e-7
111010000100,0.00015302028746189773,2.341520837492182e-8
000110000100,0.0034915467324012498,1.2190898584541847e-5
100110000100,0.00044643223554342886,1.9930174093230355e-7
010110000100,0.00045934270965069927,2.1099572490924661e-7
110110000100,0.00012556630537724551,1.5766897046091677e-8
001110000100,0.0011108424472676833,1.2339709426516557e-6
101110000100,0.00015216062166171641,2.315285478448e-8
011110000100,0.000405220156658024,1.6420337536195347e-7
111110000100,0.00018926859907730117,3.582260259668417e-8
000001000100,0.013726744951772687,0.000188423526971017
100001000100,0.001746178677787675,3.049139974760314e-6
010001000100,0.0017449106449380254,3.0447131588180364e-6
110001000100,0.00044575784062596876,1.9870005247952658e-7
001001000100,0.0017462203030761524,3.04928534687537e-6
101001000100,0.0002260141982647874,5.1082417817274626e-8
011001000100,0.000445858313351129,1.9878963558431355e-7
111001000100,0.00014562146678517176,2.120561158866488e-8
000101000100,0.0017728335515979049,3.1429388016712415e-6
100101000100,0.00022621542812504357,5.1173419921796756e-8
010101000100,0.00022968686704541119,5.27560568931364e-8
110101000100,6.125665770329788e-5,3.752378112979004e-9
001101000100,0.0004593391211172889,2.109924281888034e-7
101101000100,6.198290056193746e-5,3.841879962071027e-9
011101000100,0.00015156320087050235,2.297140385811224e-8
111101000100,6.730009169184983e-5,4.529302341731393e-9
000011000100,0.003492317224006343,1.2196279593091372e-5
100011000100,0.0004451000133704902,1.9811402190241055e-7
010011000100,0.00044524142074728334,1.9823992274905941e-7
110011000100,0.00011702494311850443,1.3694837311889198e-8
001011000100,0.00045914460710358315,2.1081377023230375e-7
101011000100,6.113208833697929e-5,3.73713222444024e-9
011011000100,0.00012505829958571035,1.563957829526928e-8
111011000100,5.375423014683327e-5,2.8895172586787196e-9
000111000100,0.0011109765847901148,1.234268971951907e-6
100111000100,0.00014521854904979715,2.1088426988128337e-8
010111000100,0.00015172841306658027,2.3021511331702803e-8
110111000100,5.3447056658986285e-5,2.8565878655088905e-9
001111000100,0.00040491757429299356,1.6395824197132192e-7
101111000100,6.728363844659685e-5,4.527088002612364e-9
011111000100,0.0001850787212944303,3.4254133075981406e-8
111111000100,0.00017049224560386072,2.9067605811047165e-8
000000100100,0.013736587519688367,0.00018869383668605822
100000100100,0.0017474662587655236,3.053638325523976e-6
010000100100,0.0017461443382812806,3.049020050111772e-6
110000100100,0.0004461453150851149,1.9904564217239648e-7
001000100100,0.0017462293437798457,3.049316921077791e-6
101000100100,0.00022596429948527487,5.1059864641871e-8
011000100100,0.00044539724619744995,1.9837870692027186e-7
111000100100,0.0001450586249355735,2.1042004668199383e-8
000100100100,0.0017474907255354238,3.0537238358323224e-6
100100100100,0.00022285149643788295,4.966278946460376e-8
010100100100,0.00022605605970671793,5.110134213012722e-8
110100100100,5.988850232673144e-5,3.586632710938917e-9
001100100100,0.0004460485627951293,1.989593203716004e-7
101100100100,5.9796448910008756e-5,3.5756153022472874e-9
011100100100,0.00014490711935865756,2.0998073240824226e-8
111100100100,6.186898430366082e-5,3.827771218766629e-9
000010100100,0.001774415298295382,3.1485496508246894e-6
100010100100,0.00022607379894228963,5.11093625681988e-8
010010100100,0.00022599473494915539,5.1073620224739e-8
110010100100,5.902624753258786e-5,3.4840978977783345e-9
001010100100,0.00022992668783811815,5.286628178020743e-8
101010100100,3.042335322754271e-5,9.255804216078335e-10
011010100100,6.122414333900232e-5,3.7483957275947025e-9
111010100100,2.5033763974582102e-5,6.266893387350847e-10
000110100100,0.0004599570389989194,2.115604777246535e-7
100110100100,5.999709907372486e-5,3.5996518972623563e-9
010110100100,6.208238627220123e-5,3.8542226852508e-9
110110100100,2.156296228878053e-5,4.6496134266737136e-10
001110100100,0.00015219696648853604,2.316391660831256e-8
101110100100,2.5452074288491496e-5,6.478080855868897e-10
011110100100,6.701956870471113e-5,4.491622589365496e-9
111110100100,6.487512279746846e-5,4.208781557986611e-9
000001100100,0.0034983093876714793,1.2238168571870403e-5
100001100100,0.0004459489468617345,1.9887046320709012e-7
010001100100,0.00044535137085119456,1.9833784351903823e-7
110001100100,0.00011660177294586206,1.359597345411837e-8
001001100100,0.00044642116957380835,1.9929186064364695e-7
101001100100,5.906803029534234e-5,3.489032202971481e-9
011001100100,0.00011724181187992471,1.3745642452887657e-8
111001100100,4.7964584040034586e-5,2.3006013221335405e-9
000101100100,0.000460479259747804,2.120411486578856e-7
100101100100,5.998863200310556e-5,3.5986359696040203e-9
010101100100,6.125551009127161e-5,3.752237516541878e-9
110101100100,2.103235624698356e-5,4.423600093000284e-10
001101100100,0.00012564987647332602,1.578789145776209e-8
101101100100,2.163910554945183e-5,4.682508889803169e-10
011101100100,5.323948803554274e-5,2.8344430862866984e-9
111101100100,5.78346375909437e-5,3.3448453052757983e-9
000011100100,0.0011148807494630265,1.2429590855232397e-6
100011100100,0.00014466118601165595,2.0926858738298918e-8
010011100100,0.00014447773343826661,2.0873815459458817e-8
110011100100,4.7175647072388084e-5,2.2255416766985185e-9
001011100100,0.000152088776188941,2.313099584264979e-8
101011100100,2.48921390229911e-5,6.196185851399162e-10
011011100100,5.382236507681483e-5,2.896846982461937e-9
111011100100,5.735440972001405e-5,3.2895283143312422e-9
000111100100,0.0004079595710543702,1.664310116148657e-7
100111100100,6.244243049293345e-5,3.899057125864825e-9
010111100100,6.762817435946125e-5,4.573569967193691e-9
110111100100,5.789767781742518e-5,3.352141096650368e-9
001111100100,0.0001890921701937696,3.575584882858953e-8
101111100100,6.552578522238754e-5,4.293628529010461e-9
011111100100,0.00017029696248384803,2.9001055431225146e-8
111111100100,0.00036641455963683846,1.3425962951385825e-7
000000010100,0.013945004577927501,0.000194463152678419
100000010100,0.0017743349548427687,3.14826453197689e-6
010000010100,0.001772720588964217,3.1425382865376404e-6
110000010100,0.0004534701547687765,2.0563518126601813e-7
001000010100,0.0017727543999241922,3.1426581624505826e-6
101000010100,0.00022955709450152048,5.269645963598001e-8
011000010100,0.0004524674371964821,2.0472678172315248e-7
111000010100,0.00014844613145697036,2.2036253944540122e-8
000100010100,0.001772891682834716,3.1431449190645113e-6
100100010100,0.0002262050140365754,5.116870837528727e-8
010100010100,0.00022939950050820035,5.2624130833411814e-8
110100010100,6.103208361076507e-5,3.724915229871418e-9
001100010100,0.0004523540546182987,2.0462419072961475e-7
101100010100,6.0900634208878044e-5,3.7088872470435667e-9
011100010100,0.00014742526437593907,2.1734208576315528e-8
111100010100,6.483469867084645e-5,4.203538151739457e-9
000010010100,0.0017743973782634159,3.1484860559880838e-6
100010010100,0.00022611004954633355,5.1125754505845414e-8
010010010100,0.00022596831322128046,5.1061678580070715e-8
110010010100,5.9035293924539404e-5,3.4851659287567593e-9
001010010100,0.00022964084183820237,5.273491624015828e-8
101010010100,3.0392638179675148e-5,9.237124555206475e-10
011010010100,6.1010600202390894e-5,3.7222933370559798e-9
111010010100,2.4952946534318204e-5,6.226495407445428e-10
000110010100,0.00045334458928142346,2.0552131663074254e-7
100110010100,5.911577804064905e-5,3.4946752133512843e-9
010110010100,6.105177464204273e-5,3.727319186942771e-9
110110010100,2.1128836123141706e-5,4.4642771591857785e-10
001110010100,0.00014822241480628377,2.1969884251006045e-8
101110010100,2.476068998288838e-5,6.130917684287089e-10
011110010100,6.448050151066837e-5,4.1577350750673055e-9
111110010100,6.276373378695571e-5,3.939286278879846e-9
000001010100,0.0018036671764170794,3.25321528328436e-6
100001010100,0.00022991773228599283,5.286216361953347e-8
010001010100,0.00022965208060374926,5.2740078125630953e-8
110001010100,6.02982623666833e-5,3.635880444441376e-9
001001010100,0.00022998598897529347,5.289355512494381e-8
101001010100,3.0404427780618453e-5,9.244292286668431e-10
011001010100,6.03985090007555e-5,3.647979889514343e-9
111001010100,2.4462949106021257e-5,5.984358789637862e-10
000101010100,0.00023409359963505463,5.4799813390097256e-8
100101010100,3.045105368367836e-5,9.272666704462614e-10
010101010100,3.110904108779579e-5,9.677724374021665e-10
110101010100,1.0640927499238433e-5,1.132293380440487e-10
001101010100,6.278027798234915e-5,3.941363303541034e-9
101101010100,1.0803442555187248e-5,1.1671437104323079e-10
011101010100,2.6323273691513516e-5,6.929147378383275e-10
111101010100,2.8768146622078824e-5,8.276062600694253e-10
000011010100,0.00046913459536451605,2.2008726856782823e-7
100011010100,6.111317099597447e-5,3.7348196691832155e-9
010011010100,6.0906749138110184e-5,3.709632090572686e-9
110011010100,2.0608280479143678e-5,4.2470122430705443e-10
001011010100,6.363601886899214e-5,4.0495428974947244e-9
101011010100,1.0786051813177868e-5,1.1633891371655758e-10
011011010100,2.308348325257154e-5,5.328471990717508e-10
111011010100,2.694256529342341e-5,7.259018245903838e-10
000111010100,0.0001571139444400451,2.4684791537509577e-8
100111010100,2.5177710788966117e-5,6.339171205728208e-10
010111010100,2.716181902802621e-5,7.377644129112468e-10
110111010100,2.6832293273234602e-5,7.19971962300871e-10
001111010100,7.288617902389089e-5,5.3123950927026714e-9
101111010100,2.9599414693044016e-5,8.7612535017079e-10
011111010100,7.410186139859521e-5,5.491085862736614e-9
111111010100,0.00017727698034948155,3.142712776183047e-8
000000110100,0.003603632908626122,1.2986170140133165e-5
100000110100,0.00045977866084307914,2.113964169666552e-7
010000110100,0.00045895482499872734,2.1063953138961245e-7
110000110100,0.000121339174390568,1.4723195241784673e-8
001000110100,0.0004592174800112595,2.1088069394789156e-7
101000110100,6.093793509642657e-5,3.713431933816297e-9
011000110100,0.00012094018895960407,1.4626529305584738e-8
111000110100,5.080883269753437e-5,2.5815374800860372e-9
000100110100,0.00046041742573623145,2.119842059215782e-7
100100110100,5.9950093961764266e-5,3.594013766024364e-9
010100110100,6.10622936481264e-5,3.728603705570018e-9
110100110100,2.082209779930078e-5,4.3355975676364646e-10
001100110100,0.00012161458030249854,1.4790106142152865e-8
101100110100,2.085635433516784e-5,4.3498751615407444e-10
011100110100,5.064566566254218e-5,2.5649834504020034e-9
111100110100,5.524191739174544e-5,3.051669437116427e-9
000010110100,0.0004756781503579639,2.2626970272797374e-7
100010110100,6.199449081860656e-5,3.843316891858293e-9
010010110100,6.173243508017164e-5,3.810893540927606e-9
110010110100,2.0901084208623627e-5,4.3685532109597597e-10
001010110100,6.36398883375129e-5,4.050035387611111e-9
101010110100,1.0776015756693698e-5,1.1612251558851085e-10
011010110100,2.2923218107649753e-5,5.254739284108815e-10
111010110100,2.6808527270047744e-5,7.186971343888936e-10
000110110100,0.00013166708419023676,1.7336221059158893e-8
100110110100,2.1746513056371914e-5,4.729108301109541e-10
010110110100,2.3621511778982985e-5,5.579758187246319e-10
110110110100,2.5369389446119424e-5,6.436059208688755e-10
001110110100,5.976087915239287e-5,3.5713626770669047e-9
101110110100,2.7298955839734536e-5,7.452329899397765e-10
011110110100,6.83263188405463e-5,4.6684858462999915e-9
111110110100,0.00017118717608128863,2.9305049254686117e-8
000001110100,0.00116350769981722,1.353750167533958e-6
100001110100,0.00015181359087881099,2.3047366375519e-8
010001110100,0.00015066120011022964,2.269879721865466e-8
110001110100,5.076365653469809e-5,2.5769488247727957e-9
001001110100,0.00015208154268709698,2.31287956260873e-8
101001110100,2.47101783243859e-5,6.105929128229507e-10
011001110100,5.160655787372277e-5,2.663236815573897e-9
111001110100,5.4892351379858406e-5,3.0131702400098435e-9
000101110100,0.0001609573750759161,2.5907276591329143e-8
100101110100,2.560412802215668e-5,6.555713717749888e-10
010101110100,2.7148332836044026e-5,7.370319757766264e-10
110101110100,2.6543227204587626e-5,7.045429104343606e-10
001101110100,5.999786227939354e-5,3.599743478097074e-9
101101110100,2.7312742711240293e-5,7.459859144104099e-10
011101110100,6.657922779366792e-5,4.4327935736011225e-9
111101110100,0.00017046633472006655,2.9058771272893768e-8
000011110100,0.0004351801699887347,1.8938178035142406e-7
100011110100,6.653320577683422e-5,4.426667470942566e-9
010011110100,6.47705821591148e-5,4.195228313230639e-9
110011110100,5.54762657946776e-5,3.0776160665217155e-9
001011110100,7.399039136423047e-5,5.4745780142319896e-9
101011110100,2.925742038911305e-5,8.559966478252882e-10
011011110100,6.903349609221404e-5,4.76562358271373e-9
111011110100,0.00017231687083426854,2.969310397411399e-8
000111110100,0.00021344514997969835,4.555883204985592e-8
100111110100,6.641144204069677e-5,4.410479633924826e-9
010111110100,7.761882555463091e-5,6.0246820804802256e-9
110111110100,0.00017134370724185437,2.93586660113823e-8
001111110100,0.00021136500371378794,4.467516479492958e-8
101111110100,0.00018085505676083296,3.2708551555964115e-8
011111110100,0.0004429283216151977,1.96185498088856e-7
111111110100,0.0013133642001501187,1.7249255222359614e-6
000000001100,0.02746302253127894,0.0007542176065535349
100000001100,0.003498162281488082,1.2237139347625905e-5
010000001100,0.003491577768529423,1.2191115313688906e-5
110000001100,0.000896485426937299,8.036861207109514e-7
001000001100,0.003491436083200914,1.2190125923077343e-5
101000001100,0.00045304665589289016,2.0525127241573083e-7
011000001100,0.0008923266397738068,7.962468320500131e-7
111000001100,0.00029711914181862297,8.827978443503497e-8
000100001100,0.0034915527387093417,1.2190940527188707e-5
100100001100,0.0004461913562658885,1.9908672640639304e-7
010100001100,0.00045211601446839113,2.0440889053878248e-7
110100001100,0.00012164777339064618,1.4798180770902005e-8
001100001100,0.0008915624502916374,7.948836027700284e-7
101100001100,0.00012121801502098817,1.4693807165628514e-8
011100001100,0.00029287100084367316,8.57734231351748e-8
111100001100,0.0001366686324738498,1.867831510227223e-8
000010001100,0.0034922738863637968,1.21959768973785e-5
100010001100,0.00044554031040730627,1.9850616819783883e-7
010010001100,0.0004448948865848202,1.9793146010932003e-7
110010001100,0.0001169341340547619,1.3673591707137026e-8
001010001100,0.0004521357127576396,2.0442670275085877e-7
101010001100,6.0186221995628026e-5,3.622381318107019e-9
011010001100,0.00012095064171441637,1.4629057731129118e-8
111010001100,5.174324657464611e-5,2.6773635660846257e-9
000110001100,0.000891945525282551,7.955668200715658e-7
100110001100,0.0001170105806149554,1.3691475975848978e-8
010110001100,0.00012076956957994858,1.458528893652604e-8
110110001100,4.387626685610217e-5,1.92512679322789e-9
001110001100,0.0002929874678096854,8.584165629353141e-8
101110001100,5.098552092594421e-5,2.599523344089894e-9
011110001100,0.00013234407152633456,1.7514953268167554e-8
111110001100,0.00014019110171361012,1.9653544999675777e-8
000001001100,0.0034983226975695107,1.223826169633002e-5
100001001100,0.0004465026754413681,1.993646391762997e-7
010001001100,0.0004453706124652739,1.9835498244769322e-7
110001001100,0.00011699616774927256,1.3688103268015926e-8
001001001100,0.00044581408044895744,1.987501943265495e-7
101001001100,5.8975545480521575e-5,3.478114964725069e-9
011001001100,0.00011682270841780341,1.3647545202071116e-8
111001001100,4.733656127934217e-5,2.2407500337529164e-9
000101001100,0.0004532777928108802,2.0546075745550322e-7
100101001100,5.9106974337548434e-5,3.493634415339609e-9
010101001100,6.020061927612513e-5,3.6241145612289686e-9
110101001100,2.0643327625137688e-5,4.261469754387729e-10
001101001100,0.00012134730530587294,1.4725168504996739e-8
101101001100,2.0920886361565863e-5,4.3768348615355253e-10
011101001100,5.101742465630751e-5,2.6027776185620132e-9
111101001100,5.5798384316653124e-5,3.1134596923489214e-9
000011001100,0.0008966090986518783,8.039078757853336e-7
100011001100,0.00011699319988481277,1.3687408819287756e-8
010011001100,0.00011642935146546877,1.3555793882669656e-8
110011001100,3.9545183288043354e-5,1.5638215212849436e-9
001011001100,0.00012147486485775637,1.4756142792210173e-8
101011001100,2.0617355645766254e-5,4.250753538240097e-10
011011001100,4.410714345239836e-5,1.9454401035304477e-9
111011001100,5.153912780164198e-5,2.6562816945539847e-9
000111001100,0.00029663474027615986,8.79921691387048e-8
100111001100,4.761516023239916e-5,2.267203483957046e-9
010111001100,5.1365546999335245e-5,2.6384194185409175e-9
110111001100,5.104958557502632e-5,2.6060601873819347e-9
001111001100,0.0001366660462955445,1.8677608210055907e-8
101111001100,5.611267285899753e-5,3.148632055380878e-9
011111001100,0.00014040591596553253,1.971382123812018e-8
111111001100,0.0003376307461610252,1.1399452075325065e-7
000000101100,0.003603597589771612,1.298591558900777e-5
100000101100,0.00046033859807327257,2.11911624876066e-7
010000101100,0.0004589668862561652,2.1065060267967968e-7
110000101100,0.00012167714108251639,1.4805326662014598e-8
001000101100,0.000459172002523467,2.108389279014108e-7
101000101100,6.101843831501916e-5,3.723249814403798e-9
011000101100,0.00012090859197816072,1.4618887614141351e-8
111000101100,5.099340843732348e-5,2.600327704055693e-9
000100101100,0.00045999454771302286,2.1159498392570847e-7
100100101100,5.998866670988203e-5,3.598640133629308e-9
010100101100,6.099480466669164e-5,3.7203661963278686e-9
110100101100,2.088163976041596e-5,4.360428790837848e-10
001100101100,0.00012139517705148307,1.4736789011360921e-8
101100101100,2.0884132883077323e-5,4.3614700627803156e-10
011100101100,5.045063075791634e-5,2.5452661438716147e-9
111100101100,5.543978770854413e-5,3.073570061168441e-9
000010101100,0.00046912050215926524,2.200740455461612e-7
100010101100,6.119494665854644e-5,3.7448214965423445e-9
010010101100,6.08569355080555e-5,3.703566599431626e-9
110010101100,2.058626290525788e-5,4.2379422040439663e-10
001010101100,6.26304519702275e-5,3.922573513994973e-9
101010101100,1.0631132899278044e-5,1.13020986722112e-10
011010101100,2.245167906849775e-5,5.0407789299482e-10
111010101100,2.649040723885667e-5,7.017416756804698e-10
000110101100,0.00012776036693800327,1.632271136013324e-8
100110101100,2.1255894036650056e-5,4.5181303129729545e-10
010110101100,2.2882656015787288e-5,5.236159463368462e-10
110110101100,2.500296663918409e-5,6.251483407601526e-10
001110101100,5.730983761937482e-5,3.284417487959109e-9
101110101100,2.6795689092919018e-5,7.180089539643794e-10
011110101100,6.586045522235311e-5,4.337599562095579e-9
111110101100,0.00016886736612736408,2.8516187342793233e-8
000001101100,0.0009550643993935008,9.121480069888685e-7
100001101100,0.00012539334212073944,1.5723490248208806e-8
010001101100,0.0001240388016097695,1.538562430478776e-8
110001101100,4.377909028249689e-5,1.9166087459630133e-9
001001101100,0.00012521405197644822,1.5678558812360678e-8
101001101100,2.114710012720259e-5,4.471998437899318e-10
011001101100,4.4087355043883914e-5,1.9436948747654763e-9
111001101100,5.16599034229347e-5,2.66874562166694e-9
000101101100,0.00013164883527768602,1.7331415829971303e-8
100101101100,2.1773641334952992e-5,4.740914569831735e-10
010101101100,2.3096546197090632e-5,5.334504462343417e-10
110101101100,2.5017013651862458e-5,6.258509720574726e-10
001101101100,5.092548111058767e-5,2.5934046263448215e-9
101101101100,2.5613239569793677e-5,6.560380412596445e-10
011101101100,6.173401287169492e-5,3.811088345242594e-9
111101101100,0.00016478171611850246,2.7153013966958736e-8
000011101100,0.0003298935322718212,1.0882974263477914e-7
100011101100,5.2812278232669694e-5,2.789136732124917e-9
010011101100,5.0996657966162224e-5,2.6006591237177366e-9
110011101100,5.079116528511648e-5,2.5797424710200213e-9
001011101100,5.890404601300643e-5,3.4696866367023793e-9
101011101100,2.6749617559606644e-5,7.155420395852162e-10
011011101100,6.297663019634456e-5,3.966055950887137e-9
111011101100,0.0001661332044123789,2.7600241608325275e-8
000111101100,0.00016484957385934988,2.7175382001609256e-8
100111101100,5.9135423615630566e-5,3.496998326200077e-9
010111101100,6.911786951040263e-5,4.777279885657045e-9
110111101100,0.00016487098982932222,2.7182443287300477e-8
001111101100,0.00018471602437710233,3.412000966168226e-8
101111101100,0.00017300697560703582,2.993141360869349e-8
011111101100,0.0004181924656948575,1.7488493836394457e-7
111111101100,0.0012718079895501966,1.617495562283713e-6
000000011100,0.00871105801162759,7.588253168194122e-5
100000011100,0.0011145005674631971,1.2421115148757884e-6
010000011100,0.00110980646221533,1.231670383574907e-6
110000011100,0.00029664443939011017,8.799792342107273e-8
001000011100,0.001110144604928534,1.232421043851931e-6
101000011100,0.0001480771573407276,2.192684452611059e-8
011000011100,0.00029323236037202165,8.598521716934716e-8
111000011100,0.0001269012138209753,1.6103918069236897e-8
000100011100,0.0011110513076773843,1.2344350082916255e-6
100100011100,0.00014498644872745282,2.10210703145983e-8
010100011100,0.00014731544231951133,2.1701839545793266e-8
110100011100,5.049656280082968e-5,2.549902854698136e-9
001100011100,0.0002928717251880723,8.577384741463773e-8
101100011100,5.040426137833174e-5,2.5405895650951847e-9
011100011100,0.00012158604332660349,1.4783165931818702e-8
111100011100,0.0001338340328097711,1.791154833812688e-8
000010011100,0.0011149040350927604,1.243011007466119e-6
100010011100,0.00014506990051063479,2.104527603416547e-8
010010011100,0.00014413149251692647,2.0773887135156827e-8
110010011100,4.694639280753501e-5,2.2039637976393745e-9
001010011100,0.0001477284087721322,2.1823682758346184e-8
101010011100,2.4212253720334284e-5,5.862332302178414e-10
011010011100,5.051418021699548e-5,2.5516824029950973e-9
111010011100,5.498288417023874e-5,3.0231175516778906e-9
000110011100,0.0002966504719347719,8.800150249912286e-8
100110011100,4.76647478769036e-5,2.271928190168786e-9
010110011100,5.087838056311847e-5,2.588609608725511e-9
110110011100,5.0801179757635796e-5,2.5807598647676245e-9
001110011100,0.00012608522165526818,1.589748311985811e-8
101110011100,5.4437553745307055e-5,2.9634472577731946e-9
011110011100,0.00013380435425500387,1.7903605217598568e-8
111110011100,0.000333315284136016,1.1109907863867307e-7
000001011100,0.001163495129334764,1.3537209159857191e-6
100001011100,0.00015224932589976407,2.3179857236932566e-8
010001011100,0.00015064648112151074,2.2694362274293688e-8
110001011100,5.1067484168709666e-5,2.6078879393214117e-9
001001011100,0.0001516724508639665,2.3004532351082325e-8
101001011100,2.4685910611543945e-5,6.093941827211379e-10
011001011100,5.121905906286996e-5,2.6233920112857605e-9
111001011100,5.4735338240043196e-5,2.9959572522519355e-9
000101011100,0.00015694375978541532,2.463134373558215e-8
100101011100,2.5069270524460814e-5,6.284683246285997e-10
010101011100,2.6444878243650462e-5,6.993315853214974e-10
110101011100,2.610339337810636e-5,6.813871458521668e-10
001101011100,5.7250276005298954e-5,3.2775941026829096e-9
101101011100,2.666860779485145e-5,7.112146417156113e-10
011101011100,6.438632592919158e-5,4.145598966660089e-9
111101011100,0.00016751808145768082,2.8062307615262186e-8
000011011100,0.00032984237235133976,1.0879599059835988e-7
100011011100,5.292158322193985e-5,2.800693970716705e-9
010011011100,5.097933154691029e-5,2.598892244969802e-9
110011011100,5.08284843581058e-5,2.583534822142205e-9
001011011100,5.8539427530790186e-5,3.426864575632636e-9
101011011100,2.66941308526767e-5,7.12576621979826e-10
011011011100,6.281273432849835e-5,3.945439593822515e-9
111011011100,0.00016601243783243868,2.756012951506932e-8
000111011100,0.00015503453163218277,2.4035705998410284e-8
100111011100,5.7738701237878896e-5,3.3337576206370383e-9
010111011100,6.755848520668542e-5,4.564148923421932e-9
110111011100,0.00016418636286237164,2.6957161749974373e-8
001111011100,0.00017878639989130343,3.196457678609306e-8
101111011100,0.00017188162294327802,2.9543292305615197e-8
011111011100,0.00041449685334892986,1.7180764143616423e-7
111111011100,0.001268503657698166,1.6091015295936258e-6
000000111100,0.003106837707568533,9.652440541169698e-6
100000111100,0.0004073508740067959,1.659347345541005e-7
010000111100,0.0004019484695652018,1.6156257218580794e-7
110000111100,0.00013638230474008874,1.860013304621843e-8
001000111100,0.0004035141498284281,1.628236691117591e-7
101000111100,6.466507946859111e-5,4.181572502679203e-9
011000111100,0.00013324223154773847,1.7753492267821152e-8
111000111100,0.00013614222878218058,1.8534706457779594e-8
000100111100,0.0004079257184477,1.6640339177107217e-7
100100111100,6.235452783019458e-5,3.8880871409265106e-9
010100111100,6.486722568797112e-5,4.20775696845418e-9
110100111100,5.53599188669042e-5,3.0647206169502157e-9
001100111100,0.00013635643710127002,1.8593077938952607e-8
101100111100,5.563434625941196e-5,3.0951804837121456e-9
011100111100,0.00013386150275235666,1.7918901919119188e-8
111100111100,0.00033261969985040526,1.106358647285737e-7
000010111100,0.00043518793931569247,1.8938854252583886e-7
100010111100,6.678810834943946e-5,4.460651416896464e-9
010010111100,6.454653567006522e-5,4.1662552670070015e-9
110010111100,5.5308016529166734e-5,3.0589766923905806e-9
001010111100,7.161518337966773e-5,5.128734490503436e-9
101010111100,2.872188644647024e-5,8.249467610439309e-10
011010111100,6.65871725182468e-5,4.433851543974762e-9
111010111100,0.00016972860555766313,2.8807799544548797e-8
000110111100,0.00016481524425761006,2.7164064739695666e-8
100110111100,5.92061904027313e-5,3.5053729820044723e-9
010110111100,6.875558147827891e-5,4.72732998441625e-9
110110111100,0.00016442454823741817,2.703543206307906e-8
001110111100,0.00017881176959126565,3.197364894435988e-8
101110111100,0.0001718641504839704,2.9537286221576825e-8
011110111100,0.0004140602236660993,1.7144586882242016e-7
111110111100,0.0012678561796116345,1.6074592921794094e-6
000001111100,0.0012337228146622648,1.5220719834181811e-6
100001111100,0.0001869250193900975,3.4940962873988324e-8
010001111100,0.00017759126733803363,3.1538658234728935e-8
110001111100,0.0001395448913684042,1.947277670701973e-8
001001111100,0.00018556869819225585,3.4435741748768534e-8
101001111100,6.274693487705969e-5,3.93717783646597e-9
011001111100,0.00014314798711095145,2.0491346213917118e-8
111001111100,0.0003394135174557476,1.1520153583168306e-7
000101111100,0.0002135033326440858,4.5583673050131153e-8
100101111100,6.63119242460574e-5,4.397271297214854e-9
010101111100,7.511403962646781e-5,5.642118949006576e-9
110101111100,0.0001685478000737133,2.840836090968843e-8
001101111100,0.00018464824719106488,3.40949751907326e-8
101101111100,0.00017269391010519566,2.98231865874214e-8
011101111100,0.0004143449707235948,1.716817547639366e-7
111101111100,0.0012679363462923688,1.6076625782492418e-6
000011111100,0.000630925762579927,3.980673178870625e-7
100011111100,0.00016572418172262302,2.7464504407632983e-8
010011111100,0.00015100059125084113,2.2801178558103594e-8
110011111100,0.00033535624226203864,1.1246380922411515e-7
001011111100,0.00020292400905219123,4.117815344981378e-8
101011111100,0.00017643589644612904,3.112962555474917e-8
011011111100,0.0004253770738948469,1.80945654995342e-7
111011111100,0.0012825579306651427,1.6449548455120534e-6
000111111100,0.0006067123942612254,3.6809992935018854e-7
100111111100,0.00037640302715258723,1.4167923884963132e-7
010111111100,0.0004500988459500671,2.0258897112558226e-7
110111111100,0.0012701111478131734,1.613182327799297e-6
001111111100,0.0011912597390387116,1.419099765854579e-6
101111111100,0.0013238342242688867,1.7525370533456053e-6
011111111100,0.0031789242402683804,1.0105559325365899e-5
111111111100,0.009947775429735944,9.895823600045816e-5
000000000010,0.10799740989579071,0.011663440544199431
100000000010,0.013944229589690202,0.0001944415388499918
010000000010,0.013733588792770753,0.00018861146112891846
110000000010,0.0036047335780174006,1.2994104168486131e-5
001000000010,0.013726188055663033,0.00018840823853942656
101000000010,0.0018026794096236236,3.2496530538809764e-6
011000000010,0.0035001399240134116,1.2250979487672612e-5
111000000010,0.0011678297149613015,1.3638262431465945e-6
000100000010,0.01372605534727435,0.00018840459539643884
100100000010,0.0017747947217706423,3.1498963044249317e-6
010100000010,0.001773735054926498,3.1461360450751073e-6
110100000010,0.000475560812641545,2.2615808652028668e-7
001100000010,0.003492264081187773,1.2195908412754285e-5
101100000010,0.0004683654369408107,2.1936618252075652e-7
011100000010,0.0011146898924348037,1.242533556296314e-6
111100000010,0.0004341868644927062,1.8851823329800762e-7
000010000010,0.013726003161002922,0.00018840316277586223
100010000010,0.001772799896538601,3.1428194731672746e-6
010010000010,0.0017468451583341062,3.051468007195309e-6
110010000010,0.00046075856489294717,2.1229845512220822e-7
001010000010,0.0017727193511902911,3.1425338980845266e-6
101010000010,0.00023394296367925345,5.47293102550325e-8
011010000010,0.0004609581651852087,2.1248243005091415e-7
111010000010,0.00016186223656098093,2.6199383624522956e-8
000110000010,0.0034916846067903646,1.2191861393296785e-5
100110000010,0.00045362221602149224,2.057731148682494e-7
010110000010,0.000460027518472368,2.1162531775184492e-7
110110000010,0.00013155058471914262,1.730555633994832e-8
001110000010,0.0011110247170960587,1.2343759219983772e-6
101110000010,0.00015703104971968857,2.4658750576067305e-8
011110000010,0.00040844143353919624,1.6682440463155364e-7
111110000010,0.0002142435552302282,4.5900300957687846e-8
000001000010,0.01372605342874509,0.00018840454272876488
100001000010,0.0017725861444234754,3.142061639402082e-6
010001000010,0.001745776911855782,3.0477370259687114e-6
110001000010,0.0004595546231836877,2.111904516895012e-7
001001000010,0.0017462041977880365,3.0492291003725607e-6
101001000010,0.00022987445957497609,5.284226716488732e-8
011001000010,0.00044685315395241883,1.9967774119722414e-7
111001000010,0.00015329708547751465,2.349999641590044e-8
000101000010,0.0017728431480654692,3.1429728276426833e-6
100101000010,0.00022978044737188372,5.279905399442303e-8
010101000010,0.0002299184585349468,5.286249757508605e-8
110101000010,6.374029197206586e-5,4.062824820684204e-9
001101000010,0.00045943987855883724,2.1108500201015912e-7
101101000010,6.372765845443282e-5,4.061214452084843e-9
011101000010,0.00015247975010169933,2.3250074191076674e-8
111101000010,7.507691951560551e-5,5.636543843952707e-9
000011000010,0.0034917052797308144,1.2192005760500046e-5
100011000010,0.00045217505030786614,2.0446227612092128e-7
010011000010,0.0004455340820544259,1.9850061827207993e-7
110011000010,0.00012175617237653711,1.4824565511785018e-8
001011000010,0.0004592041495346991,2.1086845094988628e-7
101011000010,6.27466631919582e-5,3.937143741725043e-9
011011000010,0.00012586105419849303,1.5841004963956e-8
111011000010,6.047787345540796e-5,3.6575731776883386e-9
000111000010,0.0011105492135831362,1.233319555790122e-6
100111000010,0.00014849389647436233,2.2050437290138635e-8
010111000010,0.00015225055436801874,2.3180231305369027e-8
110111000010,5.944970234305993e-5,3.5342671086784253e-9
001111000010,0.000404876732513062,1.6392516853045354e-7
101111000010,7.306261657724675e-5,5.3381459411137705e-9
011111000010,0.000189191654170333,3.579348200770687e-8
111111000010,0.0002116186926067705,4.478247106059882e-8
000000100010,0.013726807752413937,0.0001884252510717314
100000100010,0.0017727279372707577,3.1425643395802355e-6
010000100010,0.0017458136338328147,3.0478652440765377e-6
110000100010,0.00045947487708073684,2.1111716266835823e-7
001000100010,0.0017450033797825465,3.0450367954525107e-6
101000100010,0.00022963563883132007,5.273252662146848e-8
011000100010,0.00044594410675501676,1.988661463495298e-7
111000100010,0.00015232480775028315,2.320284705616072e-8
000100100010,0.0017462725229590744,3.0494677244418514e-6
100100100010,0.00022616154675246812,5.1149045229468824e-8
010100100010,0.00022605914079722273,5.110273513797857e-8
110100100010,6.206374594097127e-5,3.851908560225427e-9
001100100010,0.00044568559516803234,1.9863564974028321e-7
101100100010,6.119672720860558e-5,3.745039421044486e-9
011100100010,0.00014520626698642347,2.108485997213249e-8
111100100010,6.731516899465052e-5,4.531331976778359e-9
000010100010,0.00177290210166566,3.1431818620905147e-6
100010100010,0.00022941854123842247,5.263286706396575e-8
010010100010,0.00022595068337086274,5.1053711315759866e-8
110010100010,6.110841228959778e-5,3.734238052555465e-9
001010100010,0.00022969739497232666,5.276089325707304e-8
101010100010,3.1065834925805707e-5,9.650860996374097e-10
011010100010,6.134933769767448e-5,3.763741235943303e-9
111010100010,2.7275188136648457e-5,7.439358878895688e-10
000110100010,0.00045932954939287973,2.1098363494546596e-7
100110100010,6.114195765352258e-5,3.738338985705148e-9
010110100010,6.210923560964187e-5,3.857557148014006e-9
110110100010,2.3428150191338106e-5,5.488782213878956e-10
001110100010,0.00015163038634974873,2.2991774064574062e-8
101110100010,2.7123884661230726e-5,7.357051191157476e-10
011110100010,6.74356363957487e-5,4.5475650560996264e-9
111110100010,7.671104712457261e-5,5.884584750948402e-9
000001100010,0.0034922889316238615,1.2196081981942534e-5
100001100010,0.0004520851552289546,2.04380987578388e-7
010001100010,0.000444901034686813,1.9793693066539678e-7
110001100010,0.0001206954319380349,1.4567387290708813e-8
001001100010,0.0004455876778481145,1.9854837865007508e-7
101001100010,6.018395356300808e-5,3.6221082664743126e-9
011001100010,0.00011733798163110376,1.3768201933261245e-8
111001100010,5.178848604879953e-5,2.682047287226703e-9
000101100010,0.00045943348533196096,2.110791274442732e-7
100101100010,6.104225797048157e-5,3.72615725813482e-9
010101100010,6.118216157931264e-5,3.74325689551712e-9
110101100010,2.2720490919990327e-5,5.162207076453629e-10
001101100010,0.00012496263537878686,1.5615660240811632e-8
101101100010,2.3043703340652846e-5,5.310122636520151e-10
011101100010,5.327993966122586e-5,2.838751970303868e-9
111101100010,6.80814862778549e-5,4.635088773801744e-9
000011100010,0.0011111731962753638,1.2347058721208082e-6
100011100010,0.000147171629679102,2.165948858240273e-8
010011100010,0.0001441807310957515,2.07880832193054e-8
110011100010,5.059904601440453e-5,2.5602634575678265e-9
001011100010,0.00015131625791737276,2.2896609910116872e-8
101011100010,2.6337952002995606e-5,6.936877157121002e-10
011011100010,5.3667063982524424e-5,2.8801537565043707e-9
111011100010,6.736408726074861e-5,4.537920252473752e-9
000111100010,0.00040473044920544054,1.638067365140377e-7
100111100010,6.522454997758688e-5,4.254241919778728e-9
010111100010,6.7350037902568e-5,4.5360276054773466e-9
110111100010,6.789802038677406e-5,4.6101411724427855e-9
001111100010,0.0001850625344130487,3.424814164338083e-8
101111100010,7.49459458467269e-5,5.616894798860521e-9
011111100010,0.00017031160651740903,2.900604331454076e-8
111111100010,0.0004432221721590557,1.964458938933916e-7
000000010010,0.0137366052618406,0.00018869432411962688
100000010010,0.0017743278416517583,3.1482392896605873e-6
010000010010,0.0017471206069320513,3.0524304151666195e-6
110000010010,0.0004601398801504942,2.1172870930491117e-7
001000010010,0.0017461463099958901,3.0490269359122637e-6
101000010010,0.00022985770297306927,5.2834563616055744e-8
011000010010,0.0004463906481365835,1.9926461074379908e-7
111000010010,0.00015276458855151785,2.3337019515314545e-8
000100010010,0.0017462569619567138,3.049413377182292e-6
100100010010,0.00022619372783598207,5.1163602512338333e-8
010100010010,0.00022605140526010098,5.1099237820066415e-8
110100010010,6.205837177617069e-5,3.851241507509419e-9
001100010010,0.000445245662543353,1.982437000136694e-7
101100010010,6.111163804565637e-5,3.7346323046233145e-9
011100010010,0.0001450205662050444,2.1030964622431663e-8
111100010010,6.706846006089437e-5,4.498178334939783e-9
000010010010,0.0017476079797692052,3.054133650953003e-6
100010010010,0.00022610825212257386,5.112494167792543e-8
010010010010,0.00022265474135496675,4.957513384784714e-8
110010010010,5.99585649521377e-5,3.5950295111197153e-9
001010010010,0.00022608538806610825,5.111460269700276e-8
101010010010,3.0435374156143045e-5,9.2631200002442e-10
011010010010,5.999524169007764e-5,3.5994290254508295e-9
111010010010,2.5595858693529156e-5,6.55147982259112e-10
000110010010,0.0004460485881551454,1.9895934299519854e-7
100110010010,5.9088116921789275e-5,3.4914055613630403e-9
010110010010,5.9932191070494714e-5,3.591867526510286e-9
110110010010,2.1566234144038993e-5,4.6510245515551327e-10
001110010010,0.00014495398256231633,2.1011657060676305e-8
101110010010,2.493673007317556e-5,6.218405067424183e-10
011110010010,6.19431288570592e-5,3.836951212602241e-9
111110010010,6.505485522763868e-5,4.232134188689027e-9
000001010010,0.0017744381496527146,3.14863074694295e-6
100001010010,0.00022967046852237976,5.2748524111289434e-8
010001010010,0.00022598768835151994,5.10704352864637e-8
110001010010,6.1027683009922624e-5,3.7243780935595984e-9
001001010010,0.00022610484680440535,5.112340174844362e-8
101001010010,3.0385730415323403e-5,9.232926128727097e-10
011001010010,5.915328863866408e-5,3.4991115567691047e-9
111001010010,2.493424573983808e-5,6.217166106146334e-10
000101010010,0.00023000879297753132,5.2904044846980864e-8
100101010010,3.042163494566676e-5,9.25475872767413e-10
010101010010,3.0449598245406412e-5,9.271780333066573e-10
110101010010,1.0788538398078986e-5,1.163925607668247e-10
001101010010,6.121026616838883e-5,3.7466966844050064e-9
101101010010,1.0815016646543026e-5,1.1696458506500278e-10
011101010010,2.4915617676069002e-5,6.207880041800421e-10
111101010010,2.934136109963762e-5,8.609154711793279e-10
000011010010,0.00046003060403852617,2.1162815665205126e-7
100011010010,6.0936652975899724e-5,3.7132756759052285e-9
010011010010,5.963524232728466e-5,3.5563621274339634e-9
110011010010,2.08880229073994e-5,4.3630950098004215e-10
001011010010,6.196925359687916e-5,3.840188391354321e-9
101011010010,1.0780215938899015e-5,1.1621305568929237e-10
011011010010,2.1672808091954726e-5,4.697106105906983e-10
111011010010,2.738420591310694e-5,7.498947334914412e-10
000111010010,0.0001521256278845827,2.3142206659278525e-8
100111010010,2.4913900764936605e-5,6.207024513251088e-10
010111010010,2.551720218654702e-5,6.511276074291199e-10
110111010010,2.7169358774567106e-5,7.381740562211467e-10
001111010010,6.715518620129032e-5,4.509819033729974e-9
101111010010,2.9518099823668457e-5,8.713182172000558e-10
011111010010,6.49191775802406e-5,4.214499617694813e-9
111111010010,0.00017985796890109662,3.2348888977227845e-8
000000110010,0.0034983350253774224,1.2238347949782453e-5
100000110010,0.0004532959071743652,2.054771794610307e-7
010000110010,0.0004456863172945567,1.986362934235843e-7
110000110010,0.00012137915804483887,1.4732900007673973e-8
001000110010,0.0004455456559783532,1.985109315611811e-7
101000110010,6.0138980896740866e-5,3.6166970232985627e-9
011000110010,0.00011693226709277717,1.3673155087456581e-8
111000110010,5.115945686000462e-5,2.6172900262106737e-9
000100110010,0.00044653795156346344,1.9939614218649403e-7
100100110010,5.907522667965955e-5,3.48988240725316e-9
010100110010,5.902972036779055e-5,3.484507886699547e-9
110100110010,2.0873122902452187e-5,4.356872597008741e-10
001100110010,0.00011707632139054298,1.3706865030341713e-8
101100110010,2.064176435801623e-5,4.260824358118692e-10
011100110010,4.72357416207909e-5,2.2312152864661173e-9
111100110010,5.571784602439825e-5,3.104478365598552e-9
000010110010,0.0004604954305561539,2.1205604156309757e-7
100010110010,6.102625090284313e-5,3.7242032992567615e-9
010010110010,5.965838642456896e-5,3.5591230707831943e-9
110010110010,2.08680824132567e-5,4.3547686360647366e-10
001010110010,6.117377856487216e-5,3.742231183904013e-9
101010110010,1.062722231235468e-5,1.1293785407620917e-10
011010110010,2.1171510908649986e-5,4.4823287415508536e-10
111010110010,2.6814122227381483e-5,7.189971508249539e-10
000110110010,0.00012564080609016637,1.578561215498679e-8
100110110010,2.129418810380462e-5,4.5344244700021425e-10
010110110010,2.1703216771505875e-5,4.710296182309739e-10
110110110010,2.542027493786856e-5,6.461903779168284e-10
001110110010,5.347469119286448e-5,2.8595425981722185e-9
101110110010,2.6931597099244577e-5,7.25310922316039e-10
011110110010,5.791435981428158e-5,3.3540730726980737e-9
111110110010,0.00017169079525101828,2.9477729173927082e-8
000001110010,0.0011148514885973447,1.2428938416277154e-6
100001110010,0.00014804651231505487,2.1917769808651688e-8
010001110010,0.00014419339697271938,2.0791735730532234e-8
110001110010,5.0364388272710744e-5,2.5365716060843635e-9
001001110010,0.00014490746614552778,2.0998173744717276e-8
101001110010,2.4157504777517192e-5,5.83585037075766e-10
011001110010,4.75364318227392e-5,2.259712350437932e-9
111001110010,5.460805401574959e-5,2.9820395633870257e-9
000101110010,0.0001524479856161125,2.3240388318410438e-8
100101110010,2.48846510013259e-5,6.192458554577901e-10
010101110010,2.4981551321291964e-5,6.240779064183443e-10
110101110010,2.6510008746769844e-5,7.027805637538136e-10
001101110010,5.346335808250108e-5,2.858330657457734e-9
101101110010,2.6862198089485212e-5,7.21577686198743e-10
011101110010,5.6585132658370665e-5,3.2018772379654064e-9
111101110010,0.00017066281718379397,2.9125797169109083e-8
000011110010,0.00040843774309310207,1.6682138998298683e-7
100011110010,6.434102553831633e-5,4.139767567322275e-9
010011110010,6.011785924709873e-5,3.6141570004539746e-9
110011110010,5.52067450445125e-5,3.0477846984098055e-9
001011110010,6.660295725411934e-5,4.4359539149940475e-9
101011110010,2.8700264934896653e-5,8.237052073332584e-10
011011110010,5.851861302597872e-5,3.4244280704842466e-9
111011110010,0.00017183018030847238,2.952561086484213e-8
000111110010,0.00018872213796980173,3.561604535989288e-8
100111110010,6.393626321425716e-5,4.087845753802773e-9
010111110010,6.5788898571448e-5,4.328179175244273e-9
110111110010,0.0001711898282699365,2.9305957303090353e-8
001111110010,0.00017027879586333197,2.8994868320666282e-8
101111110010,0.00017782507326830356,3.162175668287753e-8
011111110010,0.0003664020790659945,1.3425048354388328e-7
111111110010,0.0013132825580054774,1.7247110771614102e-6
000000001010,0.013945011892670169,0.00019446335668671247
100000001010,0.0018036127750132222,3.2530190421908965e-6
010000001010,0.0017738383125445727,3.1465023590509775e-6
110000001010,0.0004691919509430681,2.2014108682976243e-7
001000001010,0.001772752089324548,3.1426499702045504e-6
101000001010,0.00023391459997694516,5.4716040082374276e-8
011000001010,0.0004536765662141535,2.0582242673186522e-7
111000001010,0.0001577916506525814,2.4898205015666296e-8
000100001010,0.001772786745183148,3.1427728438970596e-6
100100001010,0.0002300632045063025,5.292907806770878e-8
010100001010,0.0002296198244084838,5.272526376138294e-8
110100001010,6.379542554849481e-5,4.0698563209135445e-9
001100001010,0.0004522841279546,2.0456093239965298e-7
101100001010,6.272276085853565e-5,3.934144729717052e-9
011100001010,0.00014821893527343277,2.1968852773590048e-8
111100001010,7.281142798395465e-5,5.3015040450626135e-9
000010001010,0.0017729254066480079,3.1432644975380043e-6
100010001010,0.0002297299995932061,5.277587271309448e-8
010010001010,0.0002259537330474643,5.105508947808476e-8
110010001010,6.131948957884414e-5,3.760079802209975e-9
001010001010,0.00022940251437372086,5.2625513600985207e-8
101010001010,3.10738463833048e-5,9.655839290532246e-10
011010001010,6.117047513964829e-5,3.741827028810329e-9
111010001010,2.7340514015225124e-5,7.475037066167215e-10
000110001010,0.0004522664920711455,2.045449798503395e-7
100110001010,6.0263721058982077e-5,3.6317160758747997e-9
010110001010,6.101783637172588e-5,3.723176355486714e-9
110110001010,2.302850311890872e-5,5.303119558975886e-10
001110001010,0.00014737038616498323,2.1718030718416278e-8
101110001010,2.641086259161259e-5,6.975336628330411e-10
011110001010,6.485959393149133e-5,4.206766924957947e-9
111110001010,7.457915207840474e-5,5.562049924733821e-9
000001001010,0.001774441194020608,3.148641551037281e-6
100001001010,0.00022996800641356037,5.288528397382735e-8
010001001010,0.00022598972896378425,5.107135759712467e-8
110001001010,6.119612885226112e-5,3.744966186502546e-9
001001001010,0.00022606172503874617,5.1103903527493677e-8
101001001010,3.0429879934055036e-5,9.259775928010054e-10
011001001010,5.910506223850905e-5,3.4934083822180282e-9
111001001010,2.5082984820062934e-5,6.291561274835076e-10
000101001010,0.0002297151590082698,5.276905427819469e-8
100101001010,3.0427740304467832e-5,9.258473800361362e-10
010101001010,3.0399999906655303e-5,9.241599943246424e-10
110101001010,1.0799484966056992e-5,1.16628875532091e-10
001101001010,6.0999134203751854e-5,3.7208943736073295e-9
101101001010,1.0801430120114073e-5,1.1667089263970751e-10
011101001010,2.478315635206143e-5,6.142048387707228e-10
111101001010,2.9334523539413313e-5,8.605142712843938e-10
000011001010,0.00045342754689201996,2.0559654028051498e-7
100011001010,6.014483832390071e-5,3.617401577008155e-9
010011001010,5.877803584290237e-5,3.4548574975495157e-9
110011001010,2.064734634508685e-5,4.263129110939714e-10
001011001010,6.0976313023423974e-5,3.718110749930584e-9
101011001010,1.062372034757083e-5,1.1286343402339047e-10
011011001010,2.1284682660171777e-5,4.5303771594421713e-10
111011001010,2.7002329508573513e-5,7.2912579888958e-10
000111001010,0.00014819536095525389,2.1961865008657985e-8
100111001010,2.435384434314901e-5,5.931097342903309e-10
010111001010,2.484514904230433e-5,6.172814309343157e-10
110111001010,2.6695649171232155e-5,7.12657684673508e-10
001111001010,6.480984775029647e-5,4.200316365416608e-9
101111001010,2.8904258153119442e-5,8.354561393821718e-10
011111001010,6.302563043740612e-5,3.9722300920324934e-9
111111001010,0.00017679432064390287,3.1256231811939144e-8
000000101010,0.0018037221491912744,3.25341359148319e-6
100000101010,0.0002339996948159148,5.475585717394127e-8
010000101010,0.00022980557825922037,5.281060379905466e-8
110000101010,6.2788531454028e-5,3.942399682153463e-9
001000101010,0.0002297021253780193,5.27630664031793e-8
101000101010,3.1057214307244454e-5,9.645505605261096e-10
011000101010,6.027193393247643e-5,3.632706019960804e-9
111000101010,2.654558055399493e-5,7.046678469486338e-10
000100101010,0.00022999668688551008,5.289847597831137e-8
100100101010,3.046682873998222e-5,9.282276534714066e-10
010100101010,3.039118721040897e-5,9.236242600581258e-10
110100101010,1.0780623801181339e-5,1.1622184954259758e-10
001100101010,6.0180081220767806e-5,3.6216421757382097e-9
101100101010,1.0635864096575096e-5,1.1312160508081518e-10
011100101010,2.4184388879550948e-5,5.848846654773475e-10
111100101010,2.872887292502804e-5,8.253481395424093e-10
000010101010,0.00023406988680082326,5.478871190695022e-8
100010101010,3.1052485388798464e-5,9.64256848821542e-10
010010101010,3.0316010289586795e-5,9.190604798783324e-10
110010101010,1.0632803875955162e-5,1.1305651826452713e-10
001010101010,3.102409853059884e-5,9.62494689636305e-10
101010101010,5.40004586851173e-6,2.91604953820306e-11
011010101010,1.068031403793238e-5,1.1406910794885546e-10
111010101010,1.3648975926828708e-5,1.8629454385114962e-10
000110101010,6.276035963616284e-5,3.938862741660498e-9
100110101010,1.0694749072378527e-5,1.1437765772114137e-10
010110101010,1.0825729842026821e-5,1.1719642661255008e-10
110110101010,1.2891840157405424e-5,1.6619954264409107e-10
001110101010,2.6337148327452336e-5,6.936453820222253e-10
101110101010,1.3594105549744011e-5,1.8479970569758095e-10
011110101010,2.8720967003041666e-5,8.248939455898082e-10
111110101010,8.718001502366901e-5,7.600355019527154e-9
000001101010,0.00046908678070767083,2.200424078346865e-7
100001101010,6.269213384140216e-5,3.930303645588281e-9
010001101010,6.0854558927778576e-5,3.703277342294475e-9
110001101010,2.2305423598618466e-5,4.975319219138056e-10
001001101010,6.112794201719266e-5,3.736625295257268e-9
101001101010,1.061724858869427e-5,1.1272596759413047e-10
011001101010,2.0792959286479296e-5,4.3234715588918566e-10
111001101010,2.6468200015381727e-5,7.005656120542532e-10
000101101010,6.378596526840525e-5,4.0686493652222e-9
100101101010,1.0847399190326485e-5,1.176660691942957e-10
010101101010,1.083170595791197e-5,1.1732585395866565e-10
110101101010,1.284922778756307e-5,1.6510265473668292e-10
001101101010,2.3023362179125672e-5,5.300752060311944e-10
101101101010,1.2961398820469742e-5,1.679978593832744e-10
011101101010,2.6745523466494847e-5,7.153230254968266e-10
111101101010,8.499694920868788e-5,7.224481374784269e-9
000011101010,0.00015722391324655093,2.4719358896558976e-8
100011101010,2.6145147354380614e-5,6.835687301822755e-10
010011101010,2.4014726781781957e-5,5.767071024036356e-10
110011101010,2.6047909969420514e-5,6.784936137750365e-10
001011101010,2.669369077164175e-5,7.125531270120319e-10
101011101010,1.3503797901256103e-5,1.8235255775796877e-10
011011101010,2.7117117174032885e-5,7.353380438302293e-10
111011101010,8.53933040001397e-5,7.292016368060276e-9
000111101010,7.277731058917017e-5,5.2965369365925395e-9
100111101010,2.922683443483365e-5,8.54207851081178e-10
010111101010,2.9660872081397243e-5,8.797673326290104e-10
110111101010,8.491190164061911e-5,7.210031040226175e-9
001111101010,7.455893696319429e-5,5.559035081081579e-9
101111101010,8.763635642750353e-5,7.68013096788844e-9
011111101010,0.0001767647466199734,3.1245775647623404e-8
111111101010,0.0006557185196194267,4.299667769718925e-7
000000011010,0.0036036419909997995,1.2986235599297e-5
100000011010,0.00046895398182188137,2.1991783706659745e-7
010000011010,0.0004594731126332002,2.111155412328415e-7
110000011010,0.0001278329929448928,1.634127408524901e-8
001000011010,0.0004591504055378637,2.1081909490558468e-7
101000011010,6.273548425460271e-5,3.935740984659505e-9
011000011010,0.00012156655674973274,1.477842771998599e-8
111000011010,5.7684660851941575e-5,3.327520097603521e-9
000100011010,0.000459374220515949,2.1102467447463577e-7
100100011010,6.124051227132424e-5,3.750400343254215e-9
010100011010,6.097863452797076e-5,3.7183938688958277e-9
110100011010,2.273837082002582e-5,5.170335075490017e-10
001100011010,0.00012073126440632449,1.4576038205149834e-8
101100011010,2.233032613455873e-5,4.986434652757567e-10
011100011010,5.0451345070560507e-5,2.54533821942877e-9
111100011010,6.576524460653012e-5,4.325067398156738e-9
000010011010,0.00046050241874815145,2.1206247767289784e-7
100010011010,6.120929160340835e-5,3.746577378591076e-9
010010011010,5.9641626827635716e-5,3.5571236506469563e-9
110010011010,2.10190116803564e-5,4.4179885201895877e-10
001010011010,6.093637992677066e-5,3.7132423985797386e-9
101010011010,1.0631561559008977e-5,1.130301011829974e-10
011010011010,2.0928717719093633e-5,4.380112253655038e-10
111010011010,2.688240451414279e-5,7.226636724620048e-10
000110011010,0.00012169928816941204,1.4810716740941594e-8
100110011010,2.0769609678931063e-5,4.3137668621514696e-10
010110011010,2.0972743624114144e-5,4.398559751228205e-10
110110011010,2.5006522399928343e-5,6.25326162538118e-10
001110011010,5.06687457227696e-5,2.567321793118682e-9
101110011010,2.629313950788495e-5,6.913291851811004e-10
011110011010,5.539975751917616e-5,3.0691331331835157e-9
111110011010,0.00016871580540750778,2.8465022994304032e-8
000001011010,0.0004757063846283553,2.262965643761807e-7
100001011010,6.369986205359713e-5,4.057672425647304e-9
010001011010,6.171603087849807e-5,3.808868467395727e-9
110001011010,2.2693670793183787e-5,5.150026940694029e-10
001001011010,6.19244405671835e-5,3.834636339558641e-9
101001011010,1.0756126647126968e-5,1.1569426044903483e-10
011001011010,2.1020791101403297e-5,4.418736585288361e-10
111001011010,2.673127488854462e-5,7.145610571669363e-10
000101011010,6.378715926133663e-5,4.068801686631123e-9
100101011010,1.0857436280223585e-5,1.1788392257911536e-10
010101011010,1.0811301621429973e-5,1.1688424274953435e-10
110101011010,1.2829885989071885e-5,1.6460597449258303e-10
001101011010,2.2744095522601908e-5,5.172938811412402e-10
101101011010,1.2906331422297341e-5,1.665733907821797e-10
011101011010,2.6521263557126253e-5,7.03377420666553e-10
111101011010,8.479868588503307e-5,7.1908171278285066e-9
000011011010,0.0001318889093467669,1.7394684408679692e-8
100011011010,2.283745354621158e-5,5.215492844753719e-10
010011011010,2.0719384303142148e-5,4.292928859012933e-10
110011011010,2.4930047354301094e-5,6.21507261087695e-10
001011011010,2.305640146220292e-5,5.315976483862729e-10
101011011010,1.2875473374249609e-5,1.6577781461101057e-10
011011011010,2.5749541179261005e-5,6.630388709424581e-10
111011011010,8.375768586547693e-5,7.015349941539914e-9
000111011010,5.949193444821185e-5,3.539290264390336e-9
100111011010,2.718514131643277e-5,7.390319083944201e-10
010111011010,2.7478522811634734e-5,7.550692159095306e-10
110111011010,8.307298119407249e-5,6.901120204470723e-9
001111011010,6.783134914388238e-5,4.601091926679273e-9
101111011010,8.54785289707251e-5,7.306578914999091e-9
011111011010,0.00017126619722921437,2.933211031335616e-8
111111011010,0.0006441996657886233,4.14993209402174e-7
000000111010,0.001163490761381915,1.3537107518210682e-6
100000111010,0.00015678602374072668,2.4581857240427713e-8
010000111010,0.00015111800128651308,2.2836650312830565e-8
110000111010,5.7173891698741006e-5,3.268853891979366e-9
001000111010,0.00015122712378392485,2.2869642967958525e-8
101000111010,2.6309555026318642e-5,6.921926856828884e-10
011000111010,5.121754329493768e-5,2.623236741168815e-9
111000111010,6.504724576933344e-5,4.231144182176066e-9
000100111010,0.00015249109136834807,2.3253532946709876e-8
100100111010,2.5022647474397365e-5,6.261328866279649e-10
010100111010,2.4779401286339255e-5,6.140187281094315e-10
110100111010,2.6489092733954345e-5,7.016720338680328e-10
001100111010,5.1124278672911435e-5,2.6136918698255064e-9
101100111010,2.6273780733387287e-5,6.903115540261129e-10
011100111010,5.408659924972823e-5,2.925360218400703e-9
111100111010,0.00016761923460963487,2.8096207811119818e-8
000010111010,0.00016114993974474426,2.596930307973471e-8
100010111010,2.68578990436556e-5,7.213467410391965e-10
010010111010,2.453281725570548e-5,6.018591225018406e-10
110010111010,2.649020662354455e-5,7.017310469580835e-10
001010111010,2.669738959737911e-5,7.127506113142462e-10
101010111010,1.3519765729199671e-5,1.8278406537244195e-10
011010111010,2.6956677519253514e-5,7.266624628770279e-10
111010111010,8.532855794120296e-5,7.2809628003252306e-9
000110111010,5.9927461708724866e-5,3.591300666850685e-9
100110111010,2.725809841928171e-5,7.430039294352481e-10
010110111010,2.748870763575577e-5,7.556290474840577e-10
110110111010,8.301714387900669e-5,6.891846177827698e-9
001110111010,6.662658754128187e-5,4.439102167396096e-9
101110111010,8.525253553063949e-5,7.267994814402949e-9
011110111010,0.00017050378535996954,2.9071540822078565e-8
111110111010,0.0006432949325096289,4.13828370192568e-7
000001111010,0.00043517616704178916,1.8937829636118322e-7
100001111010,7.220584423585884e-5,5.213683941813108e-9
010001111010,6.454253225171726e-5,4.165738469463963e-9
110001111010,6.543448038208682e-5,4.281671222873705e-9
001001111010,6.628247858392892e-5,4.393366967228995e-9
101001111010,2.861027110122881e-5,8.185476124858084e-10
011001111010,5.6693840478761343e-5,3.2141915482312386e-9
111001111010,0.00016942421365186014,2.8704564171551152e-8
000101111010,7.512832638775523e-5,5.6442654258250785e-9
100101111010,2.974845980152824e-5,8.849708605631416e-10
010101111010,2.9540753980484758e-5,8.726561457355262e-10
110101111010,8.474770126241102e-5,7.182172869262863e-9
001101111010,6.810998139749832e-5,4.6389695659675674e-9
101101111010,8.54659521859137e-5,7.304428983044888e-9
011101111010,0.00017058142432074876,2.9098022323295337e-8
111101111010,0.0006432522502330049,4.1377345742982435e-7
000011111010,0.00021517107244822253,4.6298590418518236e-8
100011111010,7.296295232892207e-5,5.323592412552554e-9
010011111010,5.822614444970513e-5,3.3902838974779276e-9
110011111010,0.0001679273549074457,2.8199596526211226e-8
001011111010,7.371384894198437e-5,5.433731525841689e-9
101011111010,8.695306921933077e-5,7.560836246661728e-9
011011111010,0.0001741502683591715,3.032831596957145e-8
111011111010,0.0006482211458404489,4.2019065391470457e-7
000111111010,0.00021077995419220777,4.44281890892692e-8
100111111010,0.00018033527595616948,3.25208117541878e-8
010111111010,0.00018199492203307144,3.3122151645823754e-8
110111111010,0.0006435673676727544,4.141789567332383e-7
001111111010,0.00044307261782698296,1.963133446680557e-7
101111111010,0.0006595973972440775,4.350687264511615e-7
011111111010,0.0013127340529337415,1.7232706937318472e-6
111111111010,0.00504963321422698,2.5498795598224307e-5
000000000110,0.027463314546207075,0.0007542336458639092
100000000110,0.003603112025970836,1.2982416271695664e-5
010000000110,0.0034960877035294874,1.2222629230770088e-5
110000000110,0.0009555056897832569,9.129911232081776e-7
001000000110,0.003491572157888445,1.2191076133741774e-5
101000000110,0.0004688441567462388,2.1981484331509178e-7
011000000110,0.0008976084215380385,8.05700878416009e-7
111000000110,0.00033266344112217207,1.1066496505924486e-7
000100000110,0.0034917117404153967,1.2192050878154721e-5
100100000110,0.0004600760667821478,2.1166998722573134e-7
010100000110,0.00045315039569011575,2.0534528111410847e-7
110100000110,0.00013172758941739114,1.7352157813716775e-8
001100000110,0.0008919931763735631,7.956518266969984e-7
101100000110,0.00012766829102853894,1.6299192534147716e-8
011100000110,0.0002969108294868479,8.815604066656806e-8
111100000110,0.00016495553167292871,2.7210327429498593e-8
000010000110,0.0034916994677003012,1.2191965172738568e-5
100010000110,0.00045924487444590776,2.109058547048376e-7
010010000110,0.00044552395024707116,1.9849159024375474e-7
110010000110,0.00012576649555965522,1.5817211405356775e-8
001010000110,0.0004521400239480199,2.0443060125571604e-7
101010000110,6.279346940734133e-5,3.943019800210712e-9
011010000110,0.0001220147729197195,1.4887604810650714e-8
111010000110,6.073207008283139e-5,3.6883843365459435e-9
000110000110,0.0008915250828635939,7.94816973374938e-7
100110000110,0.00012151026121723116,1.4764743581079752e-8
010110000110,0.0001214565807792863,1.4751701014595298e-8
110110000110,5.089057800533058e-5,2.589850929716636e-9
001110000110,0.00029283653326431697,8.57532352142634e-8
101110000110,5.734027378872785e-5,3.2879069981662704e-9
011110000110,0.00013687748693936623,1.873544643083637e-8
111110000110,0.00018502679684005434,3.4234915548890735e-8
000001000110,0.0034923293741726913,1.2196364457709424e-5
100001000110,0.000459181808035368,2.1084793283062957e-7
010001000110,0.00044523186083041534,1.9823140989851434e-7
110001000110,0.0001251943901699446,1.5673635330024323e-8
001001000110,0.0004451767267749452,1.9818231806205423e-7
101001000110,6.120552158263074e-5,3.746115872201878e-9
011001000110,0.00011734846671243946,1.3770662639760514e-8
111001000110,5.4321958205453165e-5,2.950875143275001e-9
000101000110,0.00045233027607311817,2.046026786523833e-7
100101000110,6.104625657279576e-5,3.72664544155161e-9
010101000110,6.0179510931742865e-5,3.621573535983759e-9
110101000110,2.303846222568285e-5,5.307707417242156e-10
001101000110,0.00012074581396567413,1.4579551590233186e-8
101101000110,2.277561420363491e-5,5.187286023528163e-10
011101000110,5.110557891896454e-5,2.6117801966425123e-9
111101000110,6.809719182745738e-5,4.637227534785528e-9
000011000110,0.0008921556283392988,7.959416651774891e-7
100011000110,0.00012055799290866088,1.4534229654164726e-8
010011000110,0.00011609410315576068,1.3477840787540404e-8
110011000110,4.374496244730894e-5,1.9136217395164697e-9
001011000110,0.00012045716254831338,1.4509928009190791e-8
101011000110,2.2283722071601005e-5,4.965642693643578e-10
011011000110,4.3924997245249386e-5,1.9294053829951664e-9
111011000110,6.254559760731875e-5,3.9119517800566375e-9
000111000110,0.0002927664532155318,8.571219612840215e-8
100111000110,5.0718803153716694e-5,2.572396993345462e-9
010111000110,5.105810603189777e-5,2.6069301915645154e-9
110111000110,6.165890106097418e-5,3.801820080047003e-9
001111000110,0.0001321424636341167,1.746163069529385e-8
101111000110,6.604543170683542e-5,4.361999049342261e-9
011111000110,0.00014061075481189465,1.9771384368770754e-8
111111000110,0.0004181384425480781,1.748397571365324e-7
000000100110,0.0034983774546137967,1.223864481495011e-5
100000100110,0.0004602584834308484,2.1183787157006458e-7
010000100110,0.00044604146662967326,1.9895298995314993e-7
110000100110,0.00012575149441308855,1.5813438347125042e-8
001000100110,0.00044551824778505625,1.984865091094668e-7
101000100110,6.123297547652212e-5,3.74947728570836e-9
011000100110,0.00011729951124785144,1.3759175338984828e-8
111000100110,5.407160953725571e-5,2.923738957949443e-9
000100100110,0.0004460743320658138,1.989823097279619e-7
100100100110,5.9939385379153485e-5,3.5927299196306787e-9
010100100110,5.9013080447654796e-5,3.482543663921377e-9
110100100110,2.1598223008474547e-5,4.664832371237993e-10
001100100110,0.00011674640955207636,1.3629724143301147e-8
101100100110,2.1048078952257813e-5,4.4302162758047836e-10
011100100110,4.7188003152702305e-5,2.2267076415394426e-9
111100100110,5.77849431196346e-5,3.3390996513394065e-9
000010100110,0.0004534258538850425,2.0559500497137992e-7
100010100110,6.1007690391210544e-5,3.721938286869803e-9
010010100110,5.87720329202164e-5,3.454151853575e-9
110010100110,2.117000924934711e-5,4.481692916174422e-10
001010100110,6.009209835818383e-5,3.6110602850896396e-9
101010100110,1.0631248940207395e-5,1.1302345402866087e-10
011010100110,2.075148222956496e-5,4.306240147239504e-10
111010100110,2.7086555417884798e-5,7.336814844061444e-10
000110100110,0.00012140062493299504,1.4738111734121737e-8
100110100110,2.09897878545029e-5,4.4057119417703755e-10
010110100110,2.0975947938235707e-5,4.3999039190757484e-10
110110100110,2.5454456821939e-5,6.479293720999568e-10
001110100110,5.0852700171448456e-5,2.5859971147272335e-9
101110100110,2.672298618205056e-5,7.141179904860651e-10
011110100110,5.574968145306531e-5,3.108026982118254e-9
111110100110,0.0001717724162256345,2.950576297599262e-8
000001100110,0.0008966209755607377,8.039291738154889e-7
100001100110,0.00012142929498161553,1.4745073679732198e-8
010001100110,0.00011637010756321586,1.3542001934274431e-8
110001100110,4.37142583983765e-5,1.9109363873200306e-9
001001100110,0.00011684270420003604,1.3652217524777122e-8
101001100110,2.0655118894364705e-5,4.266339365403419e-10
011001100110,3.972393478723756e-5,1.5779909949807023e-9
111001100110,5.210008181784048e-5,2.714418525425672e-9
000101100110,0.00012176272737152856,1.482616177695319e-8
100101100110,2.1007395669582673e-5,4.4131067281840084e-10
010101100110,2.0645486275031553e-5,4.262361035325163e-10
110101100110,2.5017027243999833e-5,6.258516521270299e-10
001101100110,4.3715339483320196e-5,1.911030906141934e-9
101101100110,2.5133881195650308e-5,6.317119839570641e-10
011101100110,5.0711633623246945e-5,2.5716697847384296e-9
111101100110,0.0001650853928535519,2.7253186933611565e-8
000011100110,0.0002970664643512052,8.824848424212584e-8
100011100110,5.0156835223136745e-5,2.515708119600891e-9
010011100110,4.551045670032134e-5,2.0712016690718238e-9
110011100110,5.049985859489959e-5,2.550235718104854e-9
001011100110,5.040074456035673e-5,2.5402350522383284e-9
101011100110,2.6128557363754686e-5,6.827015099110191e-10
011011100110,5.170120385297536e-5,2.673014479846914e-9
111011100110,0.00016596308924516785,2.7543746991799554e-8
000111100110,0.00013644222295094687,1.861648020379589e-8
100111100110,5.634201691755993e-5,3.1744228703386097e-9
010111100110,5.635510314212773e-5,3.175897650159855e-9
110111100110,0.0001648584976064831,2.7178324233066797e-8
001111100110,0.00014050550294820261,1.9741796358727374e-8
101111100110,0.0001696987653463877,2.8797670960088352e-8
011111100110,0.00033750893765180693,1.139122829948513e-7
111111100110,0.001271808585414965,1.6174970779352142e-6
000000010110,0.003603693883908013,1.298660960891602e-5
100000010110,0.0004755302452449591,2.2612901414273095e-7
010000010110,0.00045980393958128187,2.1141966285446713e-7
110000010110,0.00013169986502663847,1.734485444803479e-8
001000010110,0.00045916807662482745,2.1083532259134342e-7
101000010110,6.375043257790795e-5,4.064117653870387e-9
011000010110,0.00012202732939721181,1.4890669119815632e-8
111000010110,6.015968568704482e-5,3.619187781964025e-9
000100010110,0.00045933589777808175,2.1098946698759638e-7
100100010110,6.210385252771503e-5,3.856888498784177e-9
010100010110,6.105516380610833e-5,3.727733027390721e-9
110100010110,2.3423275064651316e-5,5.486498147543161e-10
001100010110,0.00012074867886065813,1.4580243446594348e-8
101100010110,2.2767679040669133e-5,5.183672088989246e-10
011100010110,5.0812452046718004e-5,2.5819052830000165e-9
111100010110,6.781479254589335e-5,4.598846088042551e-9
000010010110,0.00046001523097495437,2.1161401272894064e-7
100010010110,6.201489086081148e-5,3.845846688478359e-9
010010010110,5.961996798255969e-5,3.554540582241442e-9
110010010110,2.15791551352943e-5,4.656599363530984e-10
001010010110,6.0863285125887144e-5,3.704339476315035e-9
101010010110,1.0776183842731166e-5,1.1612613821234023e-10
011010010110,2.091736852252062e-5,4.375363059069364e-10
111010010110,2.7372248242040932e-5,7.49239973823913e-10
000110010110,0.0001213350294573168,1.4722189373407935e-8
100110010110,2.0998989080341678e-5,4.4095754239630904e-10
010110010110,2.091566134841048e-5,4.374648896413921e-10
110110010110,2.5415785117374305e-5,6.459621331325451e-10
001110010110,5.0439030412888566e-5,2.5440957889922976e-9
101110010110,2.6630227613199648e-5,7.091690227308209e-10
011110010110,5.5187152987748696e-5,3.0456218548931797e-9
111110010110,0.00017132042859295445,2.9350689253273607e-8
000001010110,0.0004690176228597108,2.1997753055297395e-7
100001010110,6.370452399954067e-5,4.058266378008053e-9
010001010110,6.089399656769734e-5,3.708078817986735e-9
110001010110,2.3017522167067896e-5,5.298063267114619e-10
001001010110,6.103547202290378e-5,3.72532884505867e-9
101001010110,1.0762823542150285e-5,1.1583837059946441e-10
011001010110,2.0743262593014717e-5,4.302829430027637e-10
111001010110,2.6921945327836113e-5,7.247911402349969e-10
000101010110,6.277992959956841e-5,3.941319560526766e-9
100101010110,1.0857581512432689e-5,1.1788707629912013e-10
010101010110,1.0648671456248962e-5,1.1339420378313138e-10
110101010110,1.289766289703868e-5,1.6634970820564818e-10
001101010110,2.234219736549955e-5,4.991737831189351e-10
101101010110,1.2926907495136993e-5,1.6710493738782893e-10
011101010110,2.615519374928969e-5,6.840941600628824e-10
111101010110,8.513205717980676e-5,7.247467159665888e-9
000011010110,0.00012797305525850177,1.6377102872195548e-8
100011010110,2.2578347252731493e-5,5.097817646649278e-10
010011010110,2.0172444675200903e-5,4.0692752417404134e-10
110011010110,2.4956979438505587e-5,6.228508226939906e-10
001011010110,2.2379728645500077e-5,5.008522542462168e-10
101011010110,1.2845991174686392e-5,1.6501948926012064e-10
011011010110,2.5197559580595107e-5,6.349170088176403e-10
111011010110,8.384589408739399e-5,7.03013395531449e-9
000111010110,5.732967856312594e-5,3.2866920441513423e-9
100111010110,2.7004625750018443e-5,7.292498118985592e-10
010111010110,2.686186467166429e-5,7.215597736388061e-10
110111010110,8.316179065987337e-5,6.915883425756603e-9
001111010110,6.575766753084466e-5,4.324070839097102e-9
101111010110,8.543669186638202e-5,7.2994283170711076e-9
011111010110,0.00016805592465369914,2.8242793811209803e-8
111111010110,0.0006452480862998937,4.163450928736752e-7
000000110110,0.0009550671224129533,9.121532083141592e-7
100000110110,0.00013142561075227483,1.7272691161608456e-8
010000110110,0.00012465639678574023,1.5539217259603906e-8
110000110110,5.091405918183757e-5,2.5922414223716586e-9
001000110110,0.00012455510476797632,1.5513974123761556e-8
101000110110,2.296193729666887e-5,5.272505644161529e-10
011000110110,4.4282012180142346e-5,1.9608966027222753e-9
111000110110,6.258225999295161e-5,3.916539265825392e-9
000100110110,0.00012564367199659096,1.5786332312786937e-8
100100110110,2.167050879392109e-5,4.696109513874112e-10
010100110110,2.1185298748719625e-5,4.4881688307250134e-10
110100110110,2.5382997696262783e-5,6.442965720484816e-10
001100110110,4.368077711812054e-5,1.9080102896429233e-9
101100110110,2.5077391798804955e-5,6.2887557943077e-10
011100110110,5.074237963244137e-5,2.5747890907628006e-9
111100110110,0.00016469590622871186,2.7124741528496652e-8
000010110110,0.00013187344541216092,1.7390605604874185e-8
100010110110,2.3258583675896267e-5,5.409617146086682e-10
010010110110,2.0731945813971635e-5,4.298135772334561e-10
110010110110,2.5408966537710153e-5,6.456155805144741e-10
001010110110,2.2680621671040228e-5,5.144105993848597e-10
101010110110,1.2883155800780878e-5,1.6597570338719398e-10
011010110110,2.539883007530966e-5,6.451005691944543e-10
111010110110,8.381124031806126e-5,7.024324003651817e-9
000110110110,5.089649032099495e-5,2.5904527269951323e-9
100110110110,2.583472117352861e-5,6.674328181139674e-10
010110110110,2.578683193713606e-5,6.649607013541002e-10
110110110110,8.160012050877736e-5,6.658579667046988e-9
001110110110,6.176578984050881e-5,3.815012794621901e-9
101110110110,8.355952373545797e-5,6.982194006896565e-9
011110110110,0.00016495404458290768,2.7209836824259898e-8
111110110110,0.0006339424395316354,4.0188301663932134e-7
000001110110,0.0003298751689685387,1.0881762710202197e-7
100001110110,5.8959383438424155e-5,3.476208895439125e-9
010001110110,5.0996929047723184e-5,2.6006867722985123e-9
110001110110,6.165735977524396e-5,3.801630014453872e-9
001001110110,5.2405009576609265e-5,2.746285028724508e-9
101001110110,2.6538698290995914e-5,7.043025069805094e-10
011001110110,5.2080822201749246e-5,2.7124120412102167e-9
111001110110,0.00016561936745072711,2.7429774874778973e-8
000101110110,5.99477640986921e-5,3.5937344204324376e-9
100101110110,2.7580274618992728e-5,7.606715480590545e-10
010101110110,2.703958754699418e-5,7.311392947115629e-10
110101110110,8.307102657263644e-5,6.900795455831671e-9
001101110110,6.209548660283789e-5,3.85584945644322e-9
101101110110,8.361864557145886e-5,6.992077887205257e-9
011101110110,0.0001645855072027493,2.708838918118625e-8
111101110110,0.0006333677506396184,4.011547075502899e-7
000011110110,0.000166539785777591,2.7735500246845905e-8
100011110110,6.629390965655085e-5,4.394882457550925e-9
010011110110,5.1239608837244104e-5,2.6254975137937836e-9
110011110110,0.00016400704382665935,2.6898310424759762e-8
001011110110,6.53959586268223e-5,4.276631404721053e-9
101011110110,8.478986583623611e-5,7.18932134852692e-9
011011110110,0.00016744157574734143,2.8036681288752677e-8
111011110110,0.000637692840482952,4.0665215880321577e-7
000111110110,0.00018419825957390626,3.392899883005615e-8
100111110110,0.00017476216006055814,3.054181258903215e-8
010111110110,0.00017412357863686256,3.0319020637307664e-8
110111110110,0.0006331955086514916,4.009365521764212e-7
001111110110,0.00041813582957973155,1.7483757197833028e-7
101111110110,0.0006478418190815761,4.1969902255092567e-7
011111110110,0.0012716150115763358,1.6170047376662849e-6
111111110110,0.004973094327414643,2.4731667189363708e-5
000000001110,0.008711276405767522,7.588633661768191e-5
100000001110,0.0011629819586232212,1.3525270360831035e-6
010000001110,0.0011126381614783853,1.2379636783780014e-6
110000001110,0.00032938480317711987,1.0849434856403001e-7
001000001110,0.0011102904031870925,1.2327447794093564e-6
101000001110,0.00015695591111640502,2.4635158034380835e-8
011000001110,0.00029753818074573844,8.85289690014837e-8
111000001110,0.00015765550115415288,2.4855257044167103e-8
000100001110,0.0011106493540598856,1.233541987673641e-6
100100001110,0.00015223775397217714,2.3176333734493134e-8
010100001110,0.00014810006169573226,2.1933628274279698e-8
110100001110,5.96353334737138e-5,3.5563729985210494e-9
001100001110,0.0002928513588998775,8.576191840950483e-8
101100001110,5.736468698967323e-5,3.2907073134231855e-9
011100001110,0.000126076861271497,1.58953749480723e-8
111100001110,0.00017868848733230822,3.192957550510848e-8
000010001110,0.0011111766643602124,1.234713579418688e-6
100010001110,0.00015143638341748214,2.2932978222566656e-8
010010001110,0.00014418610669614273,2.0789633364191452e-8
110010001110,5.343278099322782e-5,2.8550620846702485e-9
001010001110,0.00014699967671628287,2.1608904954691673e-8
101010001110,2.635958512571917e-5,6.948277280000353e-10
011010001110,5.0968708551648944e-5,2.5978092514229317e-9
111010001110,6.763060502623677e-5,4.573898736214842e-9
000110001110,0.0002927340366132999,8.56932161919168e-8
100110001110,5.118486812835413e-5,2.6198907253170025e-9
010110001110,5.0532749464129005e-5,2.5535587684044303e-9
110110001110,6.186368278564688e-5,3.827115247803143e-9
001110001110,0.00012167509557238032,1.4804828882547885e-8
101110001110,6.4546719991237e-5,4.166279061627155e-9
011110001110,0.0001339578559135872,1.7944707160965385e-8
111110001110,0.0004142359011929578,1.7159138183714188e-7
000001001110,0.0011148656527294482,1.2429254236358585e-6
100001001110,0.00015231429192284643,2.319964352395808e-8
010001001110,0.00014440894784882339,2.085394421880419e-8
110001001110,5.347178826112487e-5,2.8592321398425717e-9
001001001110,0.00014453436203892332,2.0890181809998554e-8
101001001110,2.4880134264272445e-5,6.190210810082237e-10
011001001110,4.743672802492086e-5,2.2502431657103118e-9
111001001110,5.72180646883019e-5,3.2739069266747014e-9
000101001110,0.0001481733338893285,2.1955336875878418e-8
100101001110,2.487884976445887e-5,6.189571656025151e-10
010101001110,2.425958457981788e-5,5.885274439853375e-10
110101001110,2.674334224848334e-5,7.15206354619514e-10
001101001110,5.040902632476669e-5,2.5410699350110214e-9
101101001110,2.66708164438682e-5,7.113324497825104e-10
011101001110,5.4261324771144495e-5,2.9442913659196194e-9
111101001110,0.00017071369420667426,2.914316538968989e-8
000011001110,0.0002970645033549169,8.824731915350343e-8
100011001110,5.081234861813096e-5,2.581894772090475e-9
010011001110,4.553785566390305e-5,2.073696298466467e-9
110011001110,5.1061835098948216e-5,2.6073110036721795e-9
001011001110,4.997532044998546e-5,2.4975326540787347e-9
101011001110,2.610291803008059e-5,6.813623296851062e-10
011011001110,5.1415378890190464e-5,2.6435411864218428e-9
111011001110,0.0001654967324293672,2.738916844479757e-8
000111001110,0.00012585044830749255,1.5838335339196855e-8
100111001110,5.497252476542235e-5,3.021978479084974e-9
010111001110,5.473147043252679e-5,2.9955338557065547e-9
110111001110,0.00016395275265481657,2.6880505103091465e-8
001111001110,0.00013369822304142452,1.7875214844434497e-8
101111001110,0.00016857750584171397,2.841837547581311e-8
011111001110,0.00033349293635153153,1.1121753859636668e-7
111111001110,0.001268640474648382,1.609448653916072e-6
000000101110,0.0011635158408671087,1.3537691119486948e-6
100000101110,0.00016073908338904485,2.5837052928750317e-8
010000101110,0.00015133961708509747,2.290367969946392e-8
110000101110,5.9852114215584e-5,3.5822755760753125e-9
001000101110,0.00015121905974509265,2.2867204030189896e-8
101000101110,2.7039228272926393e-5,7.31119865595422e-10
011000101110,5.1487707159135296e-5,2.6509839885048715e-9
111000101110,6.759915637801919e-5,4.569645943019892e-9
000100101110,0.0001521759422197145,2.3157517390457882e-8
100100101110,2.555374057824362e-5,6.529936575401746e-10
010100101110,2.4762490201626823e-5,6.131809209856644e-10
110100101110,2.712267149821456e-5,7.356393092000605e-10
001100101110,5.0793505135201164e-5,2.5799801639197065e-9
101100101110,2.6712586289094507e-5,7.135622662523199e-10
011100101110,5.402728679427232e-5,2.9189477183505526e-9
111100101110,0.00017052268746657582,2.9077986940823496e-8
000010101110,0.00015723858107600096,2.4723971378794128e-8
100010101110,2.6870387552565782e-5,7.220177272250823e-10
010010101110,2.4022257092995227e-5,5.770688358419595e-10
110010101110,2.672155312894857e-5,7.140414016232212e-10
001010101110,2.5986801956707325e-5,6.753138759371275e-10
101010101110,1.3526327014964167e-5,1.8296152251574946e-10
011010101110,2.6519473618681666e-5,7.032824810119528e-10
111010101110,8.557063180945798e-5,7.322333028269822e-9
000110101110,5.707622644877627e-5,3.2576956256319878e-9
100110101110,2.7025411355262102e-5,7.303728589211299e-10
010110101110,2.6818017890895782e-5,7.192060835964064e-10
110110101110,8.306441990322042e-5,6.8996978538585215e-9
001110101110,6.400544418072193e-5,4.096696884771511e-9
101110101110,8.504756788619564e-5,7.233088803357057e-9
011110101110,0.00016743429203516888,2.803424214931822e-8
111110101110,0.0006434468315247258,4.1402382499920893e-7
000001101110,0.000329865674746112,1.0881136337570776e-7
100001101110,5.938985924834285e-5,3.5271553815379746e-9
010001101110,5.098453788293235e-5,2.5994231031361637e-9
110001101110,6.20193512147061e-5,3.846399925093067e-9
001001101110,5.23943548991356e-5,2.7451684252965743e-9
101001101110,2.6686000052934648e-5,7.121425988252279e-10
011001101110,5.1983332411739106e-5,2.702266848629365e-9
111001101110,0.0001663961182972876,2.7687668184404932e-8
000101101110,5.9452393512049226e-5,3.5345870943115528e-9
100101101110,2.7583876628043956e-5,7.608702498311496e-10
010101101110,2.6957157049516207e-5,7.266883161922814e-10
110101101110,8.31482981610618e-5,6.9136394870808334e-9
001101101110,6.171268246504901e-5,3.808455177031968e-9
101101101110,8.360703702724329e-5,6.990136640474831e-9
011101101110,0.00016432771205344054,2.7003596948718473e-8
111101101110,0.0006334393237030618,4.012453768133924e-7
000011101110,0.00015672995477034304,2.4564278722313778e-8
100011101110,6.505460725484683e-5,4.23210192508237e-9
010011101110,4.9934151342859435e-5,2.493419470331591e-9
110011101110,0.0001635514826831584,2.6749087487859463e-8
001011101110,6.388699184726723e-5,4.08154772729279e-9
101011101110,8.456696970381855e-5,7.151572364886565e-9
011011101110,0.0001667528612484938,2.7806516734559426e-8
111011101110,0.0006372793186134344,4.0612492993240325e-7
000111101110,0.00017813591885493805,3.1732405586293074e-8
100111101110,0.00017390717739644657,3.024370634999914e-8
010111101110,0.00017307720715137827,2.9955719635321105e-8
110111101110,0.0006326500591644322,4.0024609736075957e-7
001111101110,0.00041446708199578664,1.717829620581021e-7
101111101110,0.0006469447143623012,4.185374634413195e-7
011111101110,0.0012685001469330689,1.6090926227692176e-6
111111101110,0.0049688971727949215,2.468993911380937e-5
000000011110,0.0031069295811456963,9.653011422198171e-6
100000011110,0.00043388621764006734,1.8825724985800392e-7
010000011110,0.0004047295501717369,1.6380600878221648e-7
110000011110,0.00016520103285650302,2.7291381256855394e-8
001000011110,0.0004034947541996575,1.6280801666664202e-7
101000011110,7.276222352762499e-5,5.294341172684062e-9
011000011110,0.00013786996513454354,1.9008127286200248e-8
111000011110,0.0001819825252987914,3.311763951412526e-8
000100011110,0.00040477199995251213,1.6384037194555647e-7
100100011110,6.727574857746179e-5,4.526026346657851e-9
010100011110,6.478437873930792e-5,4.197015728638092e-9
110100011110,6.78303094016733e-5,4.600950873526729e-9
001100011110,0.00013215915954747012,1.746604345229366e-8
101100011110,6.603830726098482e-5,4.36105802589624e-9
011100011110,0.00013395836097387248,1.794484247480632e-8
111100011110,0.0004138583689050042,1.7127874951271055e-7
000010011110,0.00040852384519019457,1.6689173208898205e-7
100010011110,6.679656569596368e-5,4.461781188775192e-9
010010011110,6.0039968129221924e-5,3.6047977729579842e-9
110010011110,5.7458375486590494e-5,3.3014649135580236e-9
001010011110,6.373582534763161e-5,4.0622554327438e-9
101010011110,2.8697005592482718e-5,8.235181299749844e-10
011010011110,5.567675197519523e-5,3.099900710507406e-9
111010011110,0.0001722160764401181,2.9658376984428597e-8
000110011110,0.00013645603476761096,1.862024942449945e-8
100110011110,5.66503006931465e-5,3.2092565686239147e-9
010110011110,5.601579587997763e-5,3.137769388067319e-9
110110011110,0.00016481281091245648,2.716326264086514e-8
001110011110,0.00013379872290997214,1.79020982523395e-8
101110011110,0.00016857433807198846,2.8417307456409057e-8
011110011110,0.0003325982368535346,1.1062158715807991e-7
111110011110,0.0012680898861145266,1.6080519592659533e-6
000001011110,0.0004352047254907848,1.894031530895094e-7
100001011110,7.4466267915815e-5,5.545225057309937e-9
010001011110,6.47760825906556e-5,4.195940875791435e-9
110001011110,6.79439734252188e-5,4.6163835248068385e-9
001001011110,6.604547262040959e-5,4.3620044536532715e-9
101001011110,2.9118411626542708e-5,8.478818956527776e-10
011001011110,5.673362354397675e-5,3.218704040429673e-9
111001011110,0.00017213695227182377,2.9631130337432136e-8
000101011110,7.28189410001287e-5,5.3025981683802226e-9
100101011110,2.971042447894923e-5,8.827093227193455e-10
010101011110,2.897119951086968e-5,8.393304010986155e-10
110101011110,8.486907727372078e-5,7.202760277292789e-9
001101011110,6.576292395148204e-5,4.3247621666484095e-9
101101011110,8.526598076165385e-5,7.270287475246724e-9
011101011110,0.00016769447152378125,2.8121435779640283e-8
111101011110,0.0006430611465561649,4.135276382101294e-7
000011011110,0.00016654828289927617,2.773833053669733e-8
100011011110,6.665909290046239e-5,4.443434666312475e-9
010011011110,5.123979559420466e-5,2.625516652535875e-9
110011011110,0.00016437195349010083,2.7018139094151873e-8
001011011110,6.494096136914992e-5,4.217328463549422e-9
101011011110,8.475997413963672e-5,7.184253216151886e-9
011011011110,0.00016700383507565998,2.7890280929978242e-8
111011011110,0.0006376006469095683,4.0653458493950007e-7
000111011110,0.00017814940342633404,3.173720994115872e-8
100111011110,0.00017395892294539935,3.026170687232339e-8
010111011110,0.00017297526726021587,2.992044308374311e-8
110111011110,0.000632578593395501,4.001556768222306e-7
001111011110,0.00041370153005020944,1.711489559658843e-7
101111011110,0.0006468927059289467,4.1847017298407483e-7
011111011110,0.0012676324831669638,1.606892112380043e-6
111111011110,0.004968715213241108,2.4688130870293638e-5
000000111110,0.0012337614221179143,1.5221672467064187e-6
100000111110,0.00021179384796274505,4.4856634034866356e-8
010000111110,0.00018131278540259592,3.28743261504478e-8
110000111110,0.0001843459679329162,3.3983435893123766e-8
001000111110,0.0001818772623655813,3.30793385655985e-8
101000111110,7.423209110311209e-5,5.5104033495407325e-9
011000111110,0.00014326721947648506,2.0525496176523337e-8
111000111110,0.0004207801638881674,1.77055946321753e-7
000100111110,0.00018888537855718963,3.567768623269283e-8
100100111110,6.577921082526555e-5,4.326904576794732e-9
010100111110,6.317637942947417e-5,3.991254917816887e-9
110100111110,0.000171121783348793,2.928266473647125e-8
001100111110,0.00014023866402045724,1.9666882886242687e-8
101100111110,0.00016959465727923526,2.8762347777661268e-8
011100111110,0.00033333379667428584,1.1111142000529415e-7
111100111110,0.0012682134230223305,1.6083652863340168e-6
000010111110,0.00021513482985149787,4.628299501523294e-8
100010111110,7.498866983316663e-5,5.623300603347674e-9
010010111110,5.8232881811909924e-5,3.39106852411987e-9
110010111110,0.000170838886010091,2.918592497316887e-8
001010111110,7.178245375115603e-5,5.1527206665368535e-9
101010111110,8.705456092987564e-5,7.57849657869343e-9
011010111110,0.00017144044894988326,2.939182753613753e-8
111010111110,0.0006489386944547074,4.211214291605802e-7
000110111110,0.00018426375721087307,3.395313222146757e-8
100110111110,0.00017500026282379105,3.062509198839595e-8
010110111110,0.00017378330183759225,3.0200635997575696e-8
110110111110,0.0006330584595476081,4.007630132047906e-7
001110111110,0.0004143567472269584,1.716915139725055e-7
101110111110,0.0006470825884858633,4.187158763215652e-7
011110111110,0.0012674382825154042,1.6063997999855976e-6
111110111110,0.00496875717835733,2.4688547897477497e-5
000001111110,0.0006310175449948242,3.9818314209129506e-7
100001111110,0.00020645876654328926,4.262522228257641e-8
010001111110,0.00015080464509676804,2.274204098276216e-8
110001111110,0.0004158827042465549,1.7295842369142744e-7
001001111110,0.00016208791255009782,2.627249139484816e-8
101001111110,0.00017556396476774537,3.082270572497014e-8
011001111110,0.0003444736652983808,1.186621060841009e-7
111001111110,0.001281521370661955,1.6422970234632961e-6
000101111110,0.0002109758732099193,4.4510819076687934e-8
100101111110,0.00018263915416852054,3.335706063539262e-8
010101111110,0.0001784147788064837,3.1831833296566504e-8
110101111110,0.0006435867443408666,4.142038974912761e-7
001101111110,0.00041781419107747743,1.745686982657268e-7
101101111110,0.0006478002696379721,4.1964518934302944e-7
011101111110,0.0012685184939431984,1.6091391694759204e-6
111101111110,0.004969378027659387,2.4694717981783904e-5
000011111110,0.0006196924712047026,3.840187588677912e-7
100011111110,0.0004311452188114588,1.8588619970398074e-7
010011111110,0.0003148917559340382,9.91568179552219e-8
110011111110,0.0012660560352754948,1.602897884457505e-6
001011111110,0.00042114743751026193,1.7736516412145996e-7
101011111110,0.0006543377479584563,4.2815788840334434e-7
011011111110,0.0012906220195772217,1.6657051974175867e-6
111011111110,0.005006426095090309,2.5064302245601207e-5
000111111110,0.001186559902626326,1.4079244025205957e-6
100111111110,0.0013397278183311337,1.7948706272102993e-6
010111111110,0.001332164688628339,1.77466275762824e-6
110111111110,0.0049688282159132905,2.468925383925606e-5
001111111110,0.003180249401690964,1.0113986256955734e-5
101111111110,0.005078952333745127,2.5795756808455077e-5
011111111110,0.009945119738145462,9.890540660605048e-5
111111111110,0.039080186061864725,0.0015272609426299662
000000000001,0.10799296976580856,0.01166248151883884
100000000001,0.027463931665822186,0.0007542675425449507
010000000001,0.013944876943911158,0.00019445959298082502
110000000001,0.008728726505431404,7.619066640662072e-5
001000000001,0.013741906083074384,0.0001888399827960368
101000000001,0.003602428785512237,1.2977493154687171e-5
011000000001,0.003598584134460701,1.2949807772792273e-5
111000000001,0.0031107545161017996,9.676793659447741e-6
000100000001,0.013744555120397677,0.00018891279545765
100100000001,0.003486538267954797,1.2155949093913239e-5
010100000001,0.0018160685404022133,3.298104943438626e-6
110100000001,0.0011669796817283884,1.3618415775668905e-6
001100000001,0.003482995945729544,1.2131260757968443e-5
101100000001,0.0009626424630898704,9.266805117437324e-7
011100000001,0.0011697107415504487,1.3682232188985002e-6
111100000001,0.0012304588297447655,1.5140289316968583e-6
000010000001,0.013725826881608297,0.00018839832358388096
100010000001,0.0034920356819277314,1.2194313203856478e-5
010010000001,0.001774335359549542,3.1482659681478024e-6
110010000001,0.0011168958530945682,1.2474563466598433e-6
001010000001,0.0017746600297083937,3.149418221044597e-6
101010000001,0.00046899850591809435,2.199595985534048e-7
011010000001,0.0004752400368208978,2.2585309259752832e-7
111010000001,0.00043562120481633807,1.8976583408563798e-7
000110000001,0.0034990004663076383,1.2243004263221072e-5
100110000001,0.0008921441407753951,7.95921167919868e-7
010110000001,0.0004739148840072213,2.2459531728357802e-7
110110000001,0.00033066343491312757,1.0933830718854817e-7
001110000001,0.0011089254874348798,1.2297157366826857e-6
101110000001,0.00033261111503953483,1.1063015384784269e-7
011110000001,0.00043772470813076015,1.916029201081592e-7
111110000001,0.000627710490906096,3.9402046039357206e-7
000001000001,0.013725374150365876,0.00018838589556753182
100001000001,0.003491835061559772,1.2192912097138139e-5
010001000001,0.0017727644958774017,3.142693957843458e-6
110001000001,0.0011132731437210608,1.2393770925305737e-6
001001000001,0.0017481443928840008,3.056008818371772e-6
101001000001,0.0004596935836743509,2.1131819087136745e-7
011001000001,0.000459626025498827,2.1125608331584837e-7
111001000001,0.0004084361519245149,1.6682009019890538e-7
000101000001,0.0017752470067675646,3.1515019350371976e-6
100101000001,0.00045185050261242467,2.041688767111008e-7
010101000001,0.00023568483148451931,5.554733979188627e-8
110101000001,0.0001575190941446501,2.481226502015114e-8
001101000001,0.0004586932705579134,2.1039951645511517e-7
101101000001,0.00013267626010429905,1.7602989995263612e-8
011101000001,0.0001620521384685056,2.626089558221572e-8
111101000001,0.00021354234906163715,4.560033484276208e-8
000011000001,0.0034916838839703502,1.2191856345578272e-5
100011000001,0.000891909960529723,7.955033776921321e-7
010011000001,0.000453292174499172,2.0547379546218782e-7
110011000001,0.0002972828326955753,8.83770826155054e-8
001011000001,0.0004599693092141095,2.115717654189051e-7
101011000001,0.00012772464691344747,1.6313585429164827e-8
011011000001,0.00013170248836910292,1.7345545442613688e-8
111011000001,0.00016537025161908375,2.7347320120559076e-8
000111000001,0.001113599979098889,1.240104913449046e-6
100111000001,0.0002951879109979981,8.713590279936203e-8
010111000001,0.00015892700419402713,2.525779266208832e-8
110111000001,0.00015579556548574286,2.4272258225022396e-8
001111000001,0.0004058616916140151,1.6472371271978989e-7
101111000001,0.00016653982585070783,2.7735513594384097e-8
011111000001,0.00021505690334333637,4.624947167562513e-8
111111000001,0.0006100676579342464,3.7218254725737664e-7
000000100001,0.013725452586439636,0.0001883880487026025
100000100001,0.0034917213506738738,1.2192117990751783e-5
010000100001,0.0017727834413453945,3.1427611299084197e-6
110000100001,0.0011128921186401648,1.2385288677313946e-6
001000100001,0.0017469480093577404,3.0518273473989724e-6
101000100001,0.00045924557737899477,2.1090650034216627e-7
011000100001,0.00045884796324771387,2.105414533765754e-7
111000100001,0.00040570956276185467,1.6460024931641525e-7
000100100001,0.0017485495984081007,3.057425698093131e-6
100100100001,0.00044440019592891287,1.9749153414165616e-7
010100100001,0.0002315877783855326,5.363289909754656e-8
110100100001,0.00015261090918468483,2.3290089602176124e-8
001100100001,0.0004445597744968644,1.9763339310070293e-7
101100100001,0.0001266444956147458,1.603882826951337e-8
011100100001,0.000153306947889184,2.3503020271096983e-8
111100100001,0.00018869400375202725,3.560542705197007e-8
000010100001,0.0017727696463163292,3.142712218900523e-6
100010100001,0.0004522040502950207,2.0448850310322163e-7
010010100001,0.000229689063725887,5.2757065995274584e-8
110010100001,0.00014836878801657478,2.20132972575073e-8
001010100001,0.0002300020579255675,5.290094664999612e-8
101010100001,6.275078915050066e-5,3.937661539010592e-9
011010100001,6.372250959898441e-5,4.060558229592661e-9
111010100001,7.269935607177503e-5,5.285196373250731e-9
000110100001,0.00046028220892980917,2.1185971185730452e-7
100110100001,0.00012120851468377494,1.4691504031846885e-8
010110100001,6.447161632964433e-5,4.156589312156862e-9
110110100001,5.977274161945022e-5,3.5727806407055566e-9
001110100001,0.00015167398725155824,2.300499840878585e-8
101110100001,6.050453231173975e-5,3.660798430262359e-9
011110100001,7.565887799526487e-5,5.724265819502374e-9
111110100001,0.00021154418937859094,4.4750944059845144e-8
000001100001,0.003491487967527866,1.2190488227391872e-5
100001100001,0.0008914604591713,7.947017502659051e-7
010001100001,0.00045223083684589447,2.0451272979433804e-7
110001100001,0.0002934363555447258,8.610489475537074e-8
001001100001,0.0004461589865358107,1.9905784126666173e-7
101001100001,0.00012137139404741983,1.4731015293014057e-8
011001100001,0.00012163171145285557,1.4794273230950717e-8
111001100001,0.00013738247827247235,1.8873945336286334e-8
000101100001,0.0004599454964005937,2.1154985965918857e-7
100101100001,0.00012095879493530984,1.4631030072202338e-8
010101100001,6.324211144968631e-5,3.999564660614545e-9
110101100001,5.7383262199470024e-5,3.2928387806531256e-9
001101100001,0.00012510855267789024,1.5652149953156436e-8
101101100001,5.127241758764267e-5,2.628860805281609e-9
011101100001,6.0276490956807344e-5,3.6332553620660775e-9
111101100001,0.00018483308222888207,3.416326828622868e-8
000011100001,0.0011106012476702319,1.2334351313266756e-6
100011100001,0.0002928216451417222,8.574451586350466e-8
010011100001,0.00014810710884464296,2.1935715690318912e-8
110011100001,0.00012629802351357905,1.595119074343657e-8
001011100001,0.00015220074406667846,2.3165066494450553e-8
101011100001,5.7164030446726056e-5,3.2677263769142237e-9
011011100001,5.960775976463515e-5,3.553085024158457e-9
111011100001,0.00017901063605471252,3.204480782071274e-8
000111100001,0.0004057929348675955,1.6466790598845656e-7
100111100001,0.0001360376434178308,1.8506240426676883e-8
010111100001,7.366782779376813e-5,5.426948851852275e-9
110111100001,0.00017906837023052208,3.206548121701533e-8
001111100001,0.00018815450023221275,3.540211595763375e-8
101111100001,0.0001855330568854325,3.4422515197253126e-8
011111100001,0.00021221532624500857,4.503534469327542e-8
111111100001,0.0011928957694716923,1.4230003168234607e-6
000000010001,0.013726204142669953,0.0001884086801662498
100000010001,0.0034923494110165837,1.2196504408627881e-5
010000010001,0.001772890771929807,3.143141689193867e-6
110000010001,0.0011132792702074304,1.2393907334735887e-6
001000010001,0.0017469308017594907,3.0517672261360573e-6
101000010001,0.0004592513345644163,2.1091178829919745e-7
011000010001,0.000458739687651536,2.104421010266288e-7
111000010001,0.000405520202309092,1.6444663448080686e-7
000100010001,0.001747312342226336,3.053100421296485e-6
100100010001,0.0004441822556698973,1.9729787625199802e-7
010100010001,0.00023133997746827454,5.3518185175021775e-8
110100010001,0.00015207926324338632,2.3128102308651192e-8
001100010001,0.00044369039558001466,1.968611671299499e-7
101100010001,0.000125933007270676,1.5859122320236137e-8
011100010001,0.00015244324084633345,2.3238941679733225e-8
111100010001,0.00018469432372987763,3.411199321803683e-8
000010010001,0.0017462080049044737,3.049242396392463e-6
100010010001,0.0004452368172873099,1.9823582346813337e-7
010010010001,0.00022609266168888928,5.1117891669566545e-8
110010010001,0.0001451644152618051,2.1072707458301786e-8
001010010001,0.00022619868359636288,5.116584446072749e-8
101010010001,6.120470523456326e-5,3.746015942849775e-9
011010010001,6.201899734512279e-5,3.846356031694348e-9
111010010001,6.733651444444858e-5,4.534206177527432e-9
000110010001,0.000446576265265983,1.9943036069891363e-7
100110010001,0.00011653645564327614,1.3580745493897269e-8
010110010001,6.188921865886345e-5,3.830275386204612e-9
110110010001,5.360337409402967e-5,2.8733217142644913e-9
001110010001,0.00014458664441596868,2.0905297743469762e-8
101110010001,5.391278739514398e-5,2.906588644713996e-9
011110010001,6.77105584452902e-5,4.584719724973059e-9
111110010001,0.00017043533773492464,2.9048204348817828e-8
000001010001,0.0017728224962579354,3.1428996032382174e-6
100001010001,0.0004522779098689914,2.0455530775546352e-7
010001010001,0.00022944112375306757,5.264322926907047e-8
110001010001,0.00014764499570122855,2.1799044755615794e-8
001001010001,0.00022621002282919106,5.117097442838314e-8
101001010001,6.09727007621283e-5,3.7176702382280413e-9
011001010001,6.1021532501265526e-5,3.723627428803005e-9
111001010001,6.497745965235929e-5,4.222070262873979e-9
000101010001,0.00023007682347816766,5.293534470180393e-8
100101010001,5.9963382816248754e-5,3.5956072787679964e-9
010101010001,3.132297848760207e-5,9.81128981334782e-10
110101010001,2.638657106787095e-5,6.962511327198042e-10
001101010001,6.099227965637383e-5,3.7200581776813133e-9
101101010001,2.3138988800629993e-5,5.354128027156801e-10
011101010001,2.7261326755329505e-5,7.431799364608444e-10
111101010001,7.461206430008271e-5,5.566960139119676e-9
000011010001,0.0004593283079808195,2.1098249451252258e-7
100011010001,0.00012072916194747037,1.4575530544538528e-8
010011010001,6.104406828344362e-5,3.726378272593727e-9
110011010001,5.073974609095117e-5,2.5745218333741942e-9
001011010001,6.209114479823357e-5,3.855310262355208e-9
101011010001,2.2743987480228896e-5,5.172889665008088e-10
011011010001,2.346438905232945e-5,5.505775535990781e-10
111011010001,6.795273116986505e-5,4.617573673443949e-9
000111010001,0.00015197889495272845,2.3097584511052464e-8
100111010001,5.0954842155462866e-5,2.596395939088135e-9
010111010001,2.735089763321296e-5,7.480716013424944e-10
110111010001,6.673825693110284e-5,4.453994938201896e-9
001111010001,6.711724452566794e-5,4.5047245127183034e-9
101111010001,6.837863004903389e-5,4.67563704738264e-9
011111010001,7.687463819619211e-5,5.90970999779544e-9
111111010001,0.000443349430442951,1.9655871747408904e-7
000000110001,0.003492092891785104,1.2194712764856053e-5
100000110001,0.0008920642261451782,7.957785835679957e-7
010000110001,0.0004522245753376691,2.0450706653933517e-7
110000110001,0.00029345325038144333,8.611481015943406e-8
001000110001,0.000445451815103694,1.9842731957917559e-7
101000110001,0.00012060940242309289,1.4546627952855566e-8
011000110001,0.00012047248795540677,1.451362035416563e-8
111000110001,0.00013208605211218385,1.7446725162582547e-8
000100110001,0.00044627587825576395,1.9916215951295345e-7
100100110001,0.00011632209950681133,1.3530830833672519e-8
010100110001,6.059632874127907e-5,3.671915056921164e-9
110100110001,5.095155396989182e-5,2.596060851946798e-9
001100110001,0.00011667582373118834,1.3613247843351334e-8
101100110001,4.4051493576287754e-5,1.9405340863017213e-9
011100110001,5.139931155958111e-5,2.641889228798888e-9
111100110001,0.00014036612804437074,1.970264990216868e-8
000010110001,0.00045937876344389017,2.1102884830323762e-7
100010110001,0.00012075119142399589,1.4580850230314497e-8
010010110001,6.097178022015564e-5,3.717557983214962e-9
110010110001,5.045474870719267e-5,2.54568166710596e-9
001010110001,6.12131803177507e-5,3.747053444613463e-9
101010110001,2.23049180704351e-5,4.975093701288223e-10
011010110001,2.2713945719632676e-5,5.159233301544196e-10
111010110001,6.573106329188466e-5,4.320572681481746e-9
000110110001,0.0001252193655824739,1.5679889516877246e-8
100110110001,4.3697449074362446e-5,1.9094670556064994e-9
010110110001,2.3221885441628302e-5,5.392559634641085e-10
110110110001,6.191260842125324e-5,3.833171081523437e-9
001110110001,5.320951966107441e-5,2.831252982562264e-9
101110110001,6.228457931244067e-5,3.879368820127713e-9
011110110001,6.822357672897713e-5,4.6544564216946295e-9
111110110001,0.00041842038786575744,1.7507562098173088e-7
000001110001,0.00111099977035977,1.2343204897394615e-6
100001110001,0.0002928225950302895,8.574507216027292e-8
010001110001,0.00014727371078993585,2.1689545889837663e-8
110001110001,0.00012172426978513985,1.4816797854725511e-8
001001110001,0.00014499053076731417,2.102225401218747e-8
101001110001,5.036042313463821e-5,2.536172218299803e-9
011001110001,5.064006124004516e-5,2.564415802395524e-9
111001110001,0.00013423579574018297,1.8019248858000122e-8
000101110001,0.0001518263487073633,2.3051240161809878e-8
100101110001,5.072136042179254e-5,2.572656403037382e-9
010101110001,2.652646531121006e-5,7.036533619068306e-10
110101110001,6.429490900089297e-5,4.133835323433107e-9
001101110001,5.326479553568002e-5,2.837138443457798e-9
101101110001,6.191678885458939e-5,3.833688742063806e-9
011101110001,6.671536419991276e-5,4.450939820327e-9
111101110001,0.00041462635224402916,1.7191501197518972e-7
000011110001,0.0004048446516181236,1.6389919194379988e-7
100011110001,0.00013206874476663275,1.7442153344233982e-8
010011110001,6.46598782082372e-5,4.180899849904068e-9
110011110001,0.0001338951042147243,1.7927898932671883e-8
001011110001,6.725372108115155e-5,4.523062999261328e-9
101011110001,6.568536800836048e-5,4.314567570393746e-9
011011110001,6.79910555311924e-5,4.622783632245689e-9
111011110001,0.0004144040602519003,1.717307251532606e-7
000111110001,0.0001853188618118722,3.434308054324779e-8
100111110001,0.00014021989700383007,1.966161951576471e-8
010111110001,7.500314193031953e-5,5.6254712994196555e-9
110111110001,0.000414847527142035,1.7209847077586142e-7
001111110001,0.00016966350066612956,2.8785703458285745e-8
101111110001,0.0004187223141029066,1.7532837632769315e-7
011111110001,0.0004433744592507704,1.9658091111591307e-7
111111110001,0.0031816511321774705,1.012290392688618e-5
000000001001,0.01373599008264791,0.00018867742355060176
100000001001,0.0034984250725022138,1.2238977987912122e-5
010000001001,0.0017743850715634633,3.148442382187277e-6
110000001001,0.0011169715673175233,1.2476254821957644e-6
001000001001,0.0017482460546436593,3.0563642675771214e-6
101000001001,0.000460281043680444,2.1185863917155883e-7
011000001001,0.0004593239948725607,2.109785322656882e-7
111000001001,0.00040862171693337884,1.6697170754958236e-7
000100001001,0.0017485460661586674,3.0574133454789516e-6
100100001001,0.0004450509457496652,1.9807034431267147e-7
010100001001,0.00023157516834601996,5.362705859448749e-8
110100001001,0.0001529452603136705,2.3392252652416437e-8
001100001001,0.0004440902827178032,1.9721617920437835e-7
101100001001,0.00012663587705387183,1.6036645357203342e-8
011100001001,0.00015298822826749115,2.3405397988425984e-8
111100001001,0.00018873455982406433,3.5620734071983315e-8
000010001001,0.001746256646429414,3.049412275198904e-6
100010001001,0.0004456762398821339,1.9862731079547737e-7
010010001001,0.00022613109723933537,5.113527313866575e-8
110010001001,0.0001455678313019082,2.1189993509940805e-8
001010001001,0.00022617189607075316,5.115372657223957e-8
101010001001,6.127025125301878e-5,3.75404368860805e-9
011010001001,6.201892798696925e-5,3.846347428652878e-9
111010001001,6.760251410964823e-5,4.570099913945187e-9
000110001001,0.00044612401330696973,1.990266352491173e-7
100110001001,0.00011651833346635702,1.3576522033777177e-8
010110001001,6.18177379926498e-5,3.8214327305278985e-9
110110001001,5.363753676956826e-5,2.8769853507067876e-9
001110001001,0.00014420577796551442,2.079530639863924e-8
101110001001,5.383561688522919e-5,2.8982736454131744e-9
011110001001,6.748260951486825e-5,4.553902586936187e-9
111110001001,0.000170411621843927,2.9040120859477578e-8
000001001001,0.001747498277567505,3.053750230101397e-6
100001001001,0.0004460848210268433,1.9899166755055084e-7
010001001001,0.00022610340231740282,5.112274853950532e-8
110001001001,0.0001452073784098511,2.1085182744661685e-8
001001001001,0.0002228713605269263,4.967164334312316e-8
101001001001,5.9893725756990445e-5,3.5872583850535806e-9
011001001001,5.980756459604835e-5,3.5769447829104962e-9
111001001001,6.213788188980525e-5,3.861116365751387e-9
000101001001,0.00022642578898853373,5.126863791908e-8
100101001001,5.884442870995704e-5,3.4626667902012166e-9
010101001001,3.065731731612663e-5,9.398711050216778e-10
110101001001,2.498812755447964e-5,6.244065186789445e-10
001101001001,5.9665115818866906e-5,3.559926045678802e-9
101101001001,2.1726667570836492e-5,4.720480837336381e-10
011101001001,2.5537714020057963e-5,6.521748373702649e-10
111101001001,6.5071658466381e-5,4.234320735565334e-9
000011001001,0.0004460452354162978,1.9895635203758053e-7
100011001001,0.00011674895123500807,1.3630317614474293e-8
010011001001,5.902822254349984e-5,3.4843310566449433e-9
110011001001,4.733431487607735e-5,2.2405373647876375e-9
001011001001,5.993917953706178e-5,3.592705243576126e-9
101011001001,2.104920201772944e-5,4.4306890558318517e-10
011011001001,2.1614901803022645e-5,4.672039799543117e-10
111011001001,5.7970517122448706e-5,3.360580855444119e-9
000111001001,0.00014523381930092464,2.1092862268733625e-8
100111001001,4.7021724365719814e-5,2.2110425623257284e-9
010111001001,2.517316819913655e-5,6.336883971820196e-10
110111001001,5.66484949038585e-5,3.2090519748724827e-9
001111001001,6.174300257796587e-5,3.8121983673427e-9
101111001001,5.801955627277112e-5,3.366268910089255e-9
011111001001,6.525944618792155e-5,4.258795316754228e-9
111111001001,0.0003666205156433168,1.3441060249057148e-7
000000101001,0.0017743350333858433,3.1482648107003417e-6
100000101001,0.00045334646686969116,2.05523019023232e-7
010000101001,0.00022972561960692654,5.277386030378632e-8
110000101001,0.00014857144160728574,2.2073473261267114e-8
001000101001,0.00022621220121756843,5.117195997969767e-8
101000101001,6.106345462536079e-5,3.728745490783496e-9
011000101001,6.096937355740214e-5,3.7172645119820472e-9
111000101001,6.503114381710054e-5,4.229049666160414e-9
000100101001,0.00022644335491472944,5.1276592985038125e-8
100100101001,5.881554019582492e-5,3.459267768526697e-9
010100101001,3.061428384160692e-5,9.372343751344744e-10
110100101001,2.482760219825164e-5,6.164098309146296e-10
001100101001,5.877234052028898e-5,3.454188010232802e-9
101100101001,2.1304268425368468e-5,4.538718531401519e-10
011100101001,2.4866113937844947e-5,6.183236223698867e-10
111100101001,6.300236852833749e-5,3.96929844018045e-9
000010101001,0.000230002686817362,5.290123594320551e-8
100010101001,6.0170868174123e-5,3.620533376827688e-9
010010101001,3.03956489805158e-5,9.238954769467312e-10
110010101001,2.422828218350209e-5,5.870096575634047e-10
001010101001,3.0456031777743148e-5,9.275698716469004e-10
101010101001,1.0621146604700507e-5,1.1280875519854111e-10
011010101001,1.0775628282222646e-5,1.1611416487663658e-10
111010101001,2.8728141180053823e-5,8.253060956611043e-10
000110101001,6.133008584117065e-5,3.761379429285361e-9
100110101001,2.058774362238265e-5,4.238551874609575e-10
010110101001,1.089603640695689e-5,1.1872360938173004e-10
110110101001,2.6767922571804697e-5,7.165216788101315e-10
001110101001,2.4814518988227207e-5,6.157603526170886e-10
101110101001,2.688472478785517e-5,7.227884269187142e-10
011110101001,2.9374051039098234e-5,8.628348744475481e-10
111110101001,0.0001768799884438444,3.128653031189453e-8
000001101001,0.0004599787356562973,2.1158043725596586e-7
100001101001,0.00012137402971774407,1.4731655089923822e-8
010001101001,6.097719934200649e-5,3.718218839594797e-9
110001101001,5.0462157317025576e-5,2.5464293210882377e-9
001001101001,5.995303814147617e-5,3.5943667823932965e-9
101001101001,2.0849191917558817e-5,4.3468880361519996e-10
011001101001,2.0893158595142405e-5,4.36524076081773e-10
111001101001,5.5504648964128376e-5,3.0807660566311172e-9
000101101001,6.216643253245946e-5,3.864665333812834e-9
100101101001,2.083604029457994e-5,4.34140575157359e-10
010101101001,1.0856104365136925e-5,1.1785500198674502e-10
110101101001,2.655202806976939e-5,7.050101946178216e-10
001101101001,2.1535604976123437e-5,4.6378228168763255e-10
101101101001,2.5496032093263114e-5,6.500476525007026e-10
011101101001,2.7212769315426274e-5,7.405348138146059e-10
111101101001,0.00017139567611045473,2.93764777893599e-8
000011101001,0.00015218737267932915,2.3160996403037017e-8
100011101001,5.0838202309937164e-5,2.5845228141061e-9
010011101001,2.4712608051748265e-5,6.107129967193331e-10
110011101001,5.41334172249685e-5,2.930426860452517e-9
001011101001,2.550633531214345e-5,6.505731410554959e-10
101011101001,2.6544556658314375e-5,7.04613488186462e-10
011011101001,2.7170745427662826e-5,7.382494070948605e-10
111011101001,0.00017059166632766838,2.9101516620450548e-8
000111101001,6.72987922312388e-5,4.5291274357834475e-9
100111101001,5.5696216370382525e-5,3.1020685179764663e-9
010111101001,2.9474899260107865e-5,8.687696863935073e-10
110111101001,0.00017065276624970765,2.912236662867736e-8
001111101001,6.491310528223266e-5,4.213711237382221e-9
101111101001,0.00017180501031999448,2.951696157105341e-8
011111101001,0.00017957688328888385,3.2247857011749415e-8
111111101001,0.0013135166159920057,1.7253259004870905e-6
000000011001,0.00349813150109803,1.2236923998974359e-5
100000011001,0.0008965493149423578,8.038006741236112e-7
010000011001,0.0004533348490205796,2.0551248533651172e-7
110000011001,0.00029726013520489533,8.836358798203264e-8
001000011001,0.0004462125387149855,1.9910562970647245e-7
101000011001,0.00012162474640991882,1.479257893927706e-8
011000011001,0.00012113253296607396,1.4673090542776994e-8
111000011001,0.00013664564337418042,1.8672031853143694e-8
000100011001,0.0004462552180363587,1.9914371962467808e-7
100100011001,0.00011676616274230765,1.3634336761563077e-8
010100011001,6.0594876840509e-5,3.6717390993164536e-9
110100011001,5.1249101237447635e-5,2.626470377646156e-9
001100011001,0.00011624986800800165,1.3514031811877805e-8
101100011001,4.4034136922518326e-5,1.9390052145110918e-9
011100011001,5.1077352487079874e-5,2.608895937089404e-9
111100011001,0.0001404536332271396,1.9727223086703854e-8
000010011001,0.00044649539850016135,1.993581408818179e-7
100010011001,0.00011712392263043231,1.3718013252339494e-8
010010011001,5.899807307053984e-5,3.4807726260367586e-9
110010011001,4.7291265808180674e-5,2.2364638217399984e-9
001010011001,5.909752099786645e-5,3.492516988093266e-9
101010011001,2.0629420879571715e-5,4.255730058265095e-10
011010011001,2.0851391311247034e-5,4.3478051961474835e-10
111010011001,5.591594143479188e-5,3.1265925065390758e-9
000110011001,0.00011736429701842755,1.3774378214629683e-8
100110011001,3.939546767296951e-5,1.5520028731719858e-9
010110011001,2.079537547835851e-5,4.3244764128591443e-10
110110011001,5.114683372637918e-5,2.6159986002338787e-9
001110011001,4.7158836772030496e-5,2.2239558856910155e-9
101110011001,5.123122526664265e-5,2.624638442321484e-9
011110011001,5.580409438512969e-5,3.1140969501444635e-9
111110011001,0.0003377680393536559,1.1408724840881286e-7
000001011001,0.0004604154137120699,2.119823531836565e-7
100001011001,0.00012165002065512933,1.4798727525393392e-8
010001011001,6.104956263801775e-5,3.727049098293253e-9
110001011001,5.071677697197621e-5,2.572191466425176e-9
001001011001,5.995308182504953e-5,3.5943720203210844e-9
101001011001,2.087100018597048e-5,4.355986487627798e-10
011001011001,2.0859435295468275e-5,4.351160408458277e-10
111001011001,5.559706960166292e-5,3.0910341482921507e-9
000101011001,6.135302641306152e-5,3.764193850041825e-9
100101011001,2.0594300083670474e-5,4.241251959362697e-10
010101011001,1.0684481381461353e-5,1.141581423907943e-10
110101011001,2.618477558589981e-5,6.856424724839346e-10
001101011001,2.097479392686081e-5,4.3994198027427713e-10
101101011001,2.5045645880605806e-5,6.272843775767066e-10
011101011001,2.6588951772791043e-5,7.069723563758079e-10
111101011001,0.00016864644663791833,2.8441623963596235e-8
000011011001,0.00012562602648014928,1.578189852919117e-8
100011011001,4.384372897307558e-5,1.9222725702645074e-9
010011011001,2.1122902774727328e-5,4.4617702163058347e-10
110011011001,5.085593563480323e-5,2.5863261892912484e-9
001011011001,2.1668835900036255e-5,4.695384492627e-10
101011011001,2.4970724430923665e-5,6.23537078605128e-10
011011011001,2.5455902896661655e-5,6.480029922842671e-10
111011011001,0.0001649408484495123,2.7205483487244992e-8
000111011001,5.353602556844591e-5,2.866106033665295e-9
100111011001,5.110274894265282e-5,2.6114909494958036e-9
010111011001,2.690604445139767e-5,7.239352280205875e-10
110111011001,0.00016454592533705133,2.7075361545026475e-8
001111011001,5.771135635919293e-5,3.3306006528177588e-9
101111011001,0.00016520952746377343,2.7294187964803313e-8
011111011001,0.00017168646781361773,2.9476243230316398e-8
111111011001,0.0012722572263535205,1.6186384500087532e-6
000000111001,0.0011146664579727045,1.242481312529415e-6
100000111001,0.00029671085898092117,8.803733383719608e-8
010000111001,0.00014816090900650672,2.195165495763436e-8
110000111001,0.00012627556124931888,1.5945517368830482e-8
001000111001,0.00014503951518747346,2.103646096581734e-8
101000111001,5.0576798375784386e-5,2.558012533944746e-9
011000111001,5.030963221283238e-5,2.5310590933904616e-9
111000111001,0.00013384658752151383,1.791490899115426e-8
000100111001,0.00014541787538407293,2.1146358481217762e-8
100100111001,4.704008121464235e-5,2.212769240680148e-9
010100111001,2.434592637183468e-5,5.927241309027955e-10
110100111001,5.4139747802181436e-5,2.93111229208381e-9
001100111001,4.7058614010135815e-5,2.2145131525549506e-9
101100111001,5.087594964741886e-5,2.5883622525266987e-9
011100111001,5.4174163559755746e-5,2.9348399973991677e-9
111100111001,0.00033349692170085,1.1122019678394288e-7
000010111001,0.00015252532493322465,2.326397474598576e-8
100010111001,5.110626738004295e-5,2.6118505655204415e-9
010010111001,2.4713075813785597e-5,6.107361161779147e-10
110010111001,5.40585871049673e-5,2.9223308397853373e-9
001010111001,2.4959606549657613e-5,6.229819591137112e-10
101010111001,2.60927693777678e-5,6.80832613801377e-10
011010111001,2.6475001065182623e-5,7.009256814014209e-10
111010111001,0.00016747666685952564,2.8048433942376534e-8
000110111001,5.3575290750284676e-5,2.8703117789775393e-9
100110111001,5.115199959328477e-5,2.616527062391405e-9
010110111001,2.6844697821142835e-5,7.20637801108471e-10
110110111001,0.00016431030965117856,2.6997877857666187e-8
001110111001,5.6361392364734735e-5,3.176606549291579e-9
101110111001,0.00016460380575275316,2.7094412868290096e-8
011110111001,0.00017065953897986641,2.9124678244820544e-8
111110111001,0.0012689254279325906,1.6101717416539083e-6
000001111001,0.00040801522698342995,1.6647642545033983e-7
100001111001,0.0001366130936718759,1.8663137362600736e-8
010001111001,6.464301577196594e-5,4.178719488094637e-9
110001111001,0.00013387602907678395,1.79227911613679e-8
001001111001,6.216595646367347e-5,3.8646061430433444e-9
101001111001,5.526051101639131e-5,3.0537240777927054e-9
011001111001,5.542309664790337e-5,3.071719642042838e-9
111001111001,0.00033306860000764606,1.1093469231105334e-7
000101111001,6.745066213171331e-5,4.549591822006543e-9
100101111001,5.56573925728948e-5,3.0977453480133253e-9
010101111001,2.8839102866824433e-5,8.316938541632813e-10
110101111001,0.00016768394121646996,2.8117904141888554e-8
001101111001,5.771383118317861e-5,3.3308863098404395e-9
101101111001,0.00016490614911336004,2.719403801539774e-8
011101111001,0.00017052880374299523,2.9080072906016986e-8
111101111001,0.0012683410675670527,1.6086890636771312e-6
000011111001,0.0001889224880631693,3.569170649597835e-8
100011111001,0.000140373951148166,1.9704846160947696e-8
010011111001,6.26502078006059e-5,3.9250485374591e-9
110011111001,0.00033354322163385385,1.1125108069789017e-7
001011111001,6.550740609960848e-5,4.291220253899023e-9
101011111001,0.00016833229590745093,2.8335761845473622e-8
011011111001,0.0001714100899432738,2.938141893436121e-8
111011111001,0.0012686446838872537,1.60945933395539e-6
000111111001,0.00017044007998135758,2.904982086405157e-8
100111111001,0.0003375912712824994,1.139678664461341e-7
010111111001,0.00017725010765274612,3.141760066291009e-8
110111111001,0.001269202045505473,1.6108738323152767e-6
001111111001,0.0003657486809181135,1.3377209759334e-7
101111111001,0.0012725638892154094,1.619418852135049e-6
011111111001,0.001313432428348507,1.7251047438374563e-6
111111111001,0.0099511218360756,9.902482579642063e-5
000000000101,0.013944434210842365,0.00019444724546051096
100000000101,0.0036037662542791862,1.2987131215481437e-5
010000000101,0.0018036970874972585,3.253323183446093e-6
110000000101,0.0011658089446886352,1.359110495516029e-6
001000000101,0.0017751851975486563,3.151282485595862e-6
101000000101,0.00047547068249638387,2.2607236991357708e-7
011000000101,0.0004684465527368093,2.1944217277100028e-7
111000000101,0.00043542325986476224,1.895934152312563e-7
000100000101,0.001775227834685012,3.1514338650404364e-6
100100000101,0.00045887760130637563,2.1056865298069304e-7
010100000101,0.0002357165958554296,5.5562313561671937e-8
110100000101,0.00016146737755598896,2.607171401480829e-8
001100000101,0.00045135259424565266,2.0371916433228077e-7
101100000101,0.0001327206383269232,1.7614767837905957e-8
011100000101,0.00015805770458551075,2.498223797884059e-8
111100000101,0.0002136949129187255,4.5665515807341686e-8
000010000101,0.0017727390879344368,3.142603873890619e-6
100010000101,0.0004593935800456865,2.1104246138719257e-7
010010000101,0.0002299829272805584,5.289214684053462e-8
110010000101,0.0001528212007651399,2.33543194032992e-8
001010000101,0.00022976513946033482,5.279201931122711e-8
101010000101,6.379306672332377e-5,4.069555361966439e-9
011010000101,6.374410696042143e-5,4.063311172181648e-9
111010000101,7.540318494598291e-5,5.685640299998102e-9
000110000101,0.0004532072658089613,2.053968257820345e-7
100110000101,0.00012113953134522924,1.4674786054541779e-8
010110000101,6.342132053455413e-5,4.022263898346657e-9
110110000101,6.012233142347993e-5,3.6146947357947623e-9
001110000101,0.00014747221463634865,2.1748054089749283e-8
101110000101,6.0005832815625e-5,3.6006999718967382e-9
011110000101,7.320461343935076e-5,5.358915428804773e-9
111110000101,0.00021163905750542215,4.479109066178338e-8
000001000101,0.0017728367557701917,3.1429501626097787e-6
100001000101,0.0004593789655516623,2.1102903399131537e-7
010001000101,0.00022973881456352655,5.277992291705444e-8
110001000101,0.00015193614375091187,2.308459177789775e-8
001001000101,0.00022624152335818949,5.11852268914342e-8
101001000101,6.203748977547113e-5,3.8486501376416855e-9
011001000101,6.115300057945165e-5,3.7396894798704136e-9
111001000101,6.742811303241927e-5,4.546550427112709e-9
000101000101,0.00022978798903265426,5.280251990367124e-8
100101000101,6.085268257027711e-5,3.703048975998907e-9
010101000101,3.132410282436104e-5,9.811994177511432e-10
110101000101,2.7125894623278062e-5,7.358141591131858e-10
001101000101,6.0790022654899826e-5,3.695426854383234e-9
101101000101,2.3563663392105634e-5,5.552462324564591e-10
011101000101,2.724673567812183e-5,7.423846051134371e-10
111101000101,7.681014520609822e-5,5.899798406581895e-9
000011000101,0.0004522779570479144,2.0455535043143511e-7
100011000101,0.00012072818186540858,1.4575293896527169e-8
010011000101,6.0184114728625904e-5,3.6221276656684054e-9
110011000101,5.128537863885459e-5,2.6301900621306827e-9
001011000101,6.1009228881119446e-5,3.722126008668819e-9
101011000101,2.2738730057774764e-5,5.170498446403495e-10
011011000101,2.302792994322885e-5,5.302855574702558e-10
111011000101,6.832057766397913e-5,4.667701332339804e-9
000111000101,0.00014767202792255628,2.1807027830760237e-8
100111000101,5.040500738470152e-5,2.540664769451815e-9
010111000101,2.662875241496189e-5,7.090904551773386e-10
110111000101,6.675426242061823e-5,4.456131551320763e-9
001111000101,6.451821558029305e-5,4.162600141665168e-9
101111000101,6.799895643675307e-5,4.6238580764874416e-9
011111000101,7.478267119388941e-5,5.592447910893377e-9
111111000101,0.0004433467804808914,1.965563677627717e-7
000000100101,0.0017743846015432344,3.148440714193743e-6
100000100101,0.0004599080594745482,2.1151542316964458e-7
010000100101,0.0002300056456339925,5.290259702350974e-8
110000100101,0.00015248926238086956,2.3252975141461677e-8
001000100101,0.0002262630208560643,5.1194954606911794e-8
101000100101,6.204894125159011e-5,3.850071110443281e-9
011000100101,6.114663599725515e-5,3.738911093780819e-9
111000100101,6.730440238569172e-5,4.529882580495105e-9
000100100101,0.00022641168586222735,5.126225149497592e-8
100100100101,5.967919609051055e-5,3.5616064460096098e-9
010100100101,3.0664678487434635e-5,9.403225067377365e-10
110100100101,2.5494275239336636e-5,6.49958069979053e-10
001100100101,5.877686260778402e-5,3.4547195780143195e-9
101100100101,2.1702764972934298e-5,4.710100074704238e-10
011100100101,2.5041374819754823e-5,6.270704528634508e-10
111100100101,6.493098403919632e-5,4.216032688298367e-9
000010100101,0.0002297124485059266,5.2767808998587985e-8
100010100101,6.0971081681990323e-5,3.717472801471936e-9
010010100101,3.039566683130217e-5,9.23896562119523e-10
110010100101,2.477861720105123e-5,6.139798703962318e-10
001010100101,3.0416548058577164e-5,9.251663957997342e-10
101010100101,1.0782465368077012e-5,1.1626155941378013e-10
011010100101,1.0790920725156856e-5,1.1644397009661978e-10
111010100101,2.935695951614753e-5,8.618310720327251e-10
000110100101,6.112240669159442e-5,3.735948599772667e-9
100110100101,2.084429376659138e-5,4.3448458262796037e-10
010110100101,1.0888734283699036e-5,1.1856453430100277e-10
110110100101,2.7254731588829478e-5,7.428203939791395e-10
001110100101,2.4676700899156438e-5,6.089395672664281e-10
101110100101,2.7299855083154068e-5,7.452820875612131e-10
011110100101,2.943522854280244e-5,8.664326793670114e-10
111110100101,0.00017996179841914725,3.238624889025379e-8
000001100101,0.0004533859525421697,2.0555882196257058e-7
100001100101,0.00012135387167755895,1.4726762171133445e-8
010001100101,6.0172404347820186e-5,3.6207182449975696e-9
110001100101,5.09696523322935e-5,2.597905458874872e-9
001001100101,5.9096519667265726e-5,3.492398636783525e-9
101001100101,2.0884421456893865e-5,4.3615905958916893e-10
011001100101,2.0551031040748846e-5,4.2234487683782266e-10
111001100101,5.597889629258561e-5,3.1336368301360556e-9
000101100101,6.117036189985107e-5,3.741813174958751e-9
100101100101,2.083174172116719e-5,4.339614631374178e-10
010101100101,1.0674471760461426e-5,1.1394434736488846e-10
110101100101,2.6647420911847705e-5,7.100850412531783e-10
001101100101,2.1072354684856546e-5,4.440441319643956e-10
101101100101,2.54895737990072e-5,6.497183724550342e-10
011101100101,2.6661335083110697e-5,7.108267884139092e-10
111101100101,0.00017159518301230345,2.9444906833025914e-8
000011100101,0.00014823657359283,2.19740817505425e-8
100011100101,5.031992308154937e-5,2.532094658933045e-9
010011100101,2.41691352617068e-5,5.84147099298679e-10
110011100101,5.407752829260098e-5,2.92437906623706e-9
001011100101,2.4815603620601174e-5,6.158141830547941e-10
101011100101,2.647824981586002e-5,7.010977133110912e-10
011011100101,2.6687077395799022e-5,7.122000999293671e-10
111011100101,0.00017075845645223722,2.9158450449950595e-8
000111100101,6.49287706303876e-5,4.215745255573483e-9
100111100101,5.5359705646887354e-5,3.0646970093100115e-9
010111100101,2.8882577290779578e-5,8.342032709578562e-10
110111100101,0.00017070540872300867,2.9140336567289447e-8
001111100101,6.28237169689323e-5,3.946819413792511e-9
101111100101,0.00017154422155962854,2.9427419950498926e-8
011111100101,0.00017678012979403725,3.125121428999666e-8
111111100101,0.0013134714766649717,1.7252073200124614e-6
000000010101,0.0018036233294210966,3.2530571144320418e-6
100000010101,0.00046908330924556147,2.2003915101276708e-7
010000010101,0.00023403310911557896,5.477149616230449e-8
110000010101,0.00015739032508173815,2.4771714429335216e-8
001000010101,0.00023010476035045368,5.294820073593972e-8
101000010101,6.37472983149238e-5,4.063718042451887e-9
011000010101,6.266094527270909e-5,3.926394062469444e-9
111000010101,7.283142764417433e-5,5.304416852688599e-9
000100010101,0.00023006123266002438,5.292817077304987e-8
100100010101,6.106093284126554e-5,3.7284375194455405e-9
010100010101,3.133000953477397e-5,9.81569497449028e-10
110100010101,2.712996372882822e-5,7.36034931927535e-10
001100010101,5.989350841025007e-5,3.5872323496886957e-9
101100010101,2.316518104936463e-5,5.366256130498421e-10
011100010101,2.6619529750096302e-5,7.08599364116262e-10
111100010101,7.481412727681165e-5,5.597153640190973e-9
000010010101,0.00022999290026605305,5.289673417279063e-8
100010010101,6.122369663437625e-5,3.7483410295781335e-9
010010010101,3.043443115348535e-5,9.262545996362397e-10
110010010101,2.495779229371932e-5,6.228913961764355e-10
001010010101,3.0427735943732088e-5,9.258471146614857e-10
101010010101,1.0781416443798151e-5,1.1623894053460117e-10
011010010101,1.0751702912655237e-5,1.1559911552199912e-10
111010010101,2.9263636817828407e-5,8.563604398057624e-10
000110010101,6.031056696371401e-5,3.6373644874846317e-9
100110010101,2.0564349895746757e-5,4.228924866346997e-10
010110010101,1.0721812759390408e-5,1.1495726884742697e-10
110110010101,2.6807722244352066e-5,7.186539719303286e-10
001110010101,2.411402182185935e-5,5.814860484251088e-10
101110010101,2.677462602256435e-5,7.168805986481801e-10
011110010101,2.8801913413387913e-5,8.295502162722946e-10
111110010101,0.00017684714277057316,3.127491190611549e-8
000001010101,0.00023405877498815624,5.4783510148956354e-8
100001010101,6.26676992031716e-5,3.9272405234191945e-9
010001010101,3.108663396049842e-5,9.663788109940138e-10
110001010101,2.622533950813609e-5,6.877684323170035e-10
001001010101,3.0414673797246233e-5,9.250523821928965e-10
101001010101,1.0750600993561033e-5,1.1557542172275547e-10
011001010101,1.058774249627407e-5,1.1210029116740787e-10
111001010101,2.896434864622669e-5,8.389334925001738e-10
000101010101,3.105982189508352e-5,9.647125361543098e-10
100101010101,1.0792603963069248e-5,1.1648030030365804e-10
010101010101,5.250536294236352e-6,2.756813137709321e-11
110101010101,1.3819702286939907e-5,1.909841712996521e-10
001101010101,1.0968185280345395e-5,1.203010883439854e-10
101101010101,1.3024101196338365e-5,1.6962721197246241e-10
011101010101,1.3320066141039908e-5,1.7742416200167779e-10
111101010101,8.654875668425119e-5,7.490687283589715e-9
000011010101,6.278399011441052e-5,3.9418294146863974e-9
100011010101,2.2362280580527264e-5,5.000715927622268e-10
010011010101,1.0612777829333821e-5,1.1263105325479949e-10
110011010101,2.621153209294224e-5,6.870444146593409e-10
001011010101,1.0842860241773298e-5,1.175676182226281e-10
101011010101,1.2816638493715577e-5,1.6426622227859187e-10
011011010101,1.2866365932756702e-5,1.6554337231560222e-10
111011010101,8.489122450881146e-5,7.206519998605431e-9
000111010101,2.6431463565158537e-5,6.986222661963032e-10
100111010101,2.6120648971876693e-5,6.822883027120028e-10
010111010101,1.3592456864285631e-5,1.847548836074656e-10
110111010101,8.475451096787638e-5,7.1833271294038775e-9
001111010101,2.8655214228249902e-5,8.211213024668956e-10
101111010101,8.502483487838365e-5,7.229222546096405e-9
011111010101,8.711150270152411e-5,7.588413902917642e-9
111111010101,0.0006560452370231524,4.3039535302076424e-7
000000110101,0.00046894459106513146,2.1990902948924338e-7
100000110101,0.00012775809628933068,1.632213116747389e-8
010000110101,6.27738710165601e-5,3.940558882403724e-9
110000110101,5.7347652778991673e-5,3.2887532792597916e-9
001000110101,6.126745323273103e-5,3.753700825624884e-9
101000110101,2.272054642626056e-5,5.162232299078615e-10
011000110101,2.2314970312648196e-5,4.979579000543703e-10
111000110101,6.587487529372568e-5,4.33949919496391e-9
000100110101,6.134746409645077e-5,3.763511351065316e-9
100100110101,2.098528001601825e-5,4.403819773506949e-10
010100110101,1.0686269096186097e-5,1.1419634719610202e-10
110100110101,2.662689187742791e-5,7.089913710522363e-10
001100110101,2.0567834715228064e-5,4.2303582487294075e-10
101100110101,2.504164054905999e-5,6.270837613883255e-10
011100110101,2.6165853910137154e-5,6.846519108466397e-10
111100110101,0.00016868109331306784,2.84533112412919e-8
000010110101,6.378355399851111e-5,4.068341760680983e-9
100010110101,2.2756061221032577e-5,5.178383222953827e-10
010010110101,1.0778676192655213e-5,1.1617986046611228e-10
110010110101,2.654576923469002e-5,7.04677864261415e-10
001010110101,1.0837454521510754e-5,1.174504205058139e-10
101010110101,1.2830520604234756e-5,1.646222589756926e-10
011010110101,1.2846585652327099e-5,1.6503476292257645e-10
111010110101,8.485644592282194e-5,7.200616414652805e-9
000110110101,2.3057180849589e-5,5.316335887306536e-10
100110110101,2.5003682509949606e-5,6.251841390583599e-10
010110110101,1.294176705345306e-5,1.6748933446584307e-10
110110110101,8.317361484155892e-5,6.917850205811991e-9
001110110101,2.668738979605258e-5,7.122167741264513e-10
101110110101,8.319220478653404e-5,6.920942937244619e-9
011110110101,8.502480011141087e-5,7.229216633985375e-9
111110110101,0.0006442747285985934,4.1508992591079117e-7
000001110101,0.00015696765534259092,2.4638844823750413e-8
100001110101,5.7258688090166835e-5,3.2785573618070134e-9
010001110101,2.6307105722462002e-5,6.920638114927929e-10
110001110101,6.42850630516225e-5,4.132569331551081e-9
001001110101,2.502737680518508e-5,6.263695897487161e-10
101001110101,2.644363422048356e-5,6.992657907867291e-10
011001110101,2.6083061387910703e-5,6.803260913655182e-10
111001110101,0.00016766893003647141,2.811287009957515e-8
000101110101,2.712248731071239e-5,7.356293179197547e-10
100101110101,2.6564332816302192e-5,7.056637779752695e-10
010101110101,1.3581046607108324e-5,1.8444482694444855e-10
110101110101,8.457363259711992e-5,7.1526993306726244e-9
001101110101,2.6703075726572245e-5,7.13054253259052e-10
101101110101,8.314590141481979e-5,6.913240922082932e-9
011101110101,8.472597838724852e-5,7.178491413676504e-9
111101110101,0.0006435118999310963,4.141075653529293e-7
000011110101,7.28385073538817e-5,5.305448153541477e-9
100011110101,6.579519275425824e-5,4.3290073895699946e-9
010011110101,2.864713470641101e-5,8.206583268872582e-10
110011110101,0.00016766039075984796,2.8110006629744912e-8
001011110101,2.9607103164985445e-5,8.765805578220911e-10
101011110101,8.462096228993036e-5,7.1607072588738155e-9
011011110101,8.489581475070677e-5,7.207299362186321e-9
111011110101,0.0006433979310131373,4.1396089763198585e-7
000111110101,7.458122882930293e-5,5.562359693688845e-9
100111110101,0.0001686906663241949,2.8456540904900862e-8
010111110101,8.728055519838247e-5,7.61789531573789e-9
110111110101,0.000643560133093202,4.141696449069399e-7
001111110101,0.00017652726247783534,3.116187439791857e-8
101111110101,0.000644379483374182,4.152249185935777e-7
011111110101,0.0006557339539069205,4.299870183064034e-7
111111110101,0.005050837418199164,2.5510958625080803e-5
000000001101,0.0036034321712682996,1.2984723412931373e-5
100000001101,0.0009550049506299125,9.120344557276417e-7
010000001101,0.00046899334001509894,2.1995475297851823e-7
110000001101,0.00033014710970001256,1.0899711404327214e-7
001000001101,0.000460274143241434,2.1185228693663613e-7
101000001101,0.00013160994521751914,1.7321177680158388e-8
011000001101,0.0001275124172843692,1.62594165617031e-8
111000001101,0.00016535093710552147,2.7340932401674122e-8
000100001101,0.0004599553924366754,2.1155896303157608e-7
100100001101,0.00012525459925758498,1.568871463517821e-8
010100001101,6.322388412874377e-5,3.9972595243248185e-9
110100001101,6.018525393996502e-5,3.6222647918180746e-9
001100001101,0.00012082175147182785,1.4597895628720135e-8
101100001101,5.126664792135376e-5,2.6282691890920456e-9
011100001101,5.743007175683975e-5,3.2982131419957633e-9
111100001101,0.0001849742201825009,3.4215462132124316e-8
000010001101,0.00045937397945278424,2.1102445299828706e-7
100010001101,0.00012500808437915104,1.5627021160144948e-8
010010001101,6.118918186053141e-5,3.744115976761186e-9
110010001101,5.361186486254378e-5,2.874232054039657e-9
001010001101,6.103618186804903e-5,3.725415497029557e-9
101010001101,2.3017826455852176e-5,5.298203347517283e-10
011010001101,2.272397008334668e-5,5.16378816348835e-10
111010001101,6.835314343259558e-5,4.672152217116984e-9
000110001101,0.0001209390115842323,1.4626244522971075e-8
100110001101,4.3662902150671966e-5,1.9064490242191546e-9
010110001101,2.24953730544096e-5,5.060418088570575e-10
110110001101,6.220366142729824e-5,3.869295494961951e-9
001110001101,5.0189360435648616e-5,2.5189719009394508e-9
101110001101,6.191479392692975e-5,3.833441707014177e-9
011110001101,6.586400467268415e-5,4.338067111523358e-9
111110001101,0.00041843106390668385,1.7508455524207933e-7
000001001101,0.000460410561079735,2.119778847537564e-7
100001001101,0.00012565024036083927,1.5787982902736682e-8
010001001101,6.125569100638458e-5,3.752259680669665e-9
110001001101,5.349291245871359e-5,2.861491683315596e-9
001001001101,5.9981436364305415e-5,3.5977727083252198e-9
101001001101,2.1563336998863233e-5,4.6497750252654404e-10
011001001101,2.101786069788422e-5,4.417504683156661e-10
111001001101,5.7839054885778444e-5,3.3453562700800916e-9
000101001101,6.115095768758472e-5,3.739439626108777e-9
100101001101,2.1126277991031935e-5,4.4631962175436036e-10
010101001101,1.0693212530886942e-5,1.1434479423071752e-10
110101001101,2.6834947120709013e-5,7.20114386971249e-10
001101001101,2.083614489368158e-5,4.341449340304931e-10
101101001101,2.5494490845993676e-5,6.499690634964553e-10
011101001101,2.667411874426278e-5,7.11508610783031e-10
111101001101,0.0001717002332327147,2.9480970092168624e-8
000011001101,0.00012169950993002907,1.4810770717209245e-8
100011001101,4.383380092429672e-5,1.9214021034708758e-9
010011001101,2.0624860729042427e-5,4.2538488009239655e-10
110011001101,5.1200483306426724e-5,2.621489490811681e-9
001011001101,2.0964910557062592e-5,4.395274746656345e-10
101011001101,2.49647412473621e-5,6.232383055477425e-10
011011001101,2.500054544421362e-5,6.250272725081904e-10
111011001101,0.0001651346783580886,2.726946199642938e-8
000111001101,5.0769835296617134e-5,2.5775761760456305e-9
100111001101,5.073718295475616e-5,2.574261734184399e-9
010111001101,2.6261540098389946e-5,6.89668488339343e-10
110111001101,0.00016451369726564735,2.7064756588013067e-8
001111001101,5.531578087568121e-5,3.0598356138863792e-9
101111001101,0.00016492926222395497,2.7201661537738104e-8
011111001101,0.0001687792110338219,2.848642207719939e-8
111111001101,0.0012722540472120496,1.6186303606474403e-6
000000101101,0.0004755811465861992,2.261774269882439e-7
100000101101,0.00013174913966684513,1.7357835802953865e-8
010000101101,6.37900315816767e-5,4.06916812919131e-9
110000101101,5.970675018171375e-5,3.5648960172615743e-9
001000101101,6.214574415987788e-5,3.862093517184996e-9
101000101101,2.3416117003793665e-5,5.483145355353548e-10
011000101101,2.2752534042547687e-5,5.176778053572914e-10
111000101101,6.794094300500997e-5,4.615971736410012e-9
000100101101,6.214718695120762e-5,3.8622728459483505e-9
100100101101,2.153748252860796e-5,4.638631536700931e-10
010100101101,1.0852393470905179e-5,1.1777444404734537e-10
110100101101,2.717817611610827e-5,7.38653256998198e-10
001100101101,2.0804209864548865e-5,4.3281514808819237e-10
101100101101,2.546515585935735e-5,6.484741629413619e-10
011100101101,2.655451153692742e-5,7.051420829648114e-10
111100101101,0.00017130107348877968,2.93440577784083e-8
000010101101,6.37961410726563e-5,4.069947615762263e-9
100010101101,2.303406644654428e-5,5.30568217063817e-10
010010101101,1.0793025635777218e-5,1.164894023745442e-10
110010101101,2.675003401487518e-5,7.155643197969791e-10
001010101101,1.082534463196878e-5,1.1718808640089529e-10
101010101101,1.2870632441899085e-5,1.6565317945446518e-10
011010101101,1.2837861059561596e-5,1.6481067658460796e-10
111010101101,8.497802214541622e-5,7.221264247746851e-9
000110101101,2.279030361379872e-5,5.193979388091271e-10
100110101101,2.49956667076405e-5,6.247833541594477e-10
010110101101,1.2890492813558186e-5,1.661648049763952e-10
110110101101,8.315207972758557e-5,6.914268363022748e-9
001110101101,2.6480748090638516e-5,7.012300194398553e-10
101110101101,8.314311654586057e-5,6.912777828958554e-9
011110101101,8.482263193250975e-5,7.1948788879580224e-9
111110101101,0.0006440842541438676,4.1484452643606223e-7
000001101101,0.0001316557394826454,1.733323373872219e-8
100001101101,5.104753068237754e-5,2.605850388768276e-9
010001101101,2.2981461351771533e-5,5.281475658629686e-10
110001101101,6.182843994231118e-5,3.822755985699981e-9
001001101101,2.1720811930022485e-5,4.717936708994071e-10
101001101101,2.536532424399918e-5,6.433996740032124e-10
011001101101,2.4972939544913967e-5,6.236477095139278e-10
111001101101,0.0001648635220011316,2.7179980886617605e-8
000101101101,2.3455060882021787e-5,5.501398809793486e-10
100101101101,2.544291781839538e-5,6.47342067113621e-10
010101101101,1.2934266947868199e-5,1.6729526147871571e-10
110101101101,8.316548349022395e-5,6.916497644162714e-9
001101101101,2.5429910491248805e-5,6.466803475929259e-10
101101101101,8.173263977085448e-5,6.6802244039122645e-9
011101101101,8.319703301921752e-5,6.921746303200772e-9
111101101101,0.0006340654768703621,4.020390289588397e-7
000011101101,5.952656049359296e-5,3.5434114041973815e-9
100011101101,6.1838928199479e-5,3.82405304086032e-9
010011101101,2.6640939865957067e-5,7.097396769415405e-10
110011101101,0.00016431744352180178,2.7000222245540523e-8
001011101101,2.7432264799734753e-5,7.525291520427665e-10
101011101101,8.290918560093943e-5,6.8739330570110234e-9
011011101101,8.307909296226885e-5,6.90213568743331e-9
111011101101,0.0006333148638432922,4.010877167648478e-7
000111101101,6.784149407814362e-5,4.602468318754796e-9
100111101101,0.0001647759954159058,2.715112866530261e-8
010111101101,8.512033937324942e-5,7.245472175017155e-9
110111101101,0.0006333725303859914,4.011607622475537e-7
001111101101,0.00017110552291197182,2.9277099970979315e-8
101111101101,0.0006340077922917327,4.0196588068663686e-7
011111101101,0.0006442996915783387,4.1512209256794247e-7
111111101101,0.004974132896146545,2.474199806852722e-5
000000011101,0.0011632238309001379,1.3530896807739923e-6
100000011101,0.00032945862587384464,1.0854298616268195e-7
010000011101,0.00015695709743896683,2.463553043646533e-8
110000011101,0.00015565892902490977,2.42297021851819e-8
001000011101,0.00015234377979777848,2.3208627243074014e-8
101000011101,5.941238252530454e-5,3.5298311973331126e-9
011000011101,5.696418829521287e-5,3.244918748132467e-9
111000011101,0.00017870744247701231,3.193634999667467e-8
000100011101,0.0001518390370331504,2.305509316715442e-8
100100011101,5.334315600412684e-5,2.845492292480613e-9
010100011101,2.6511272502885685e-5,7.028475697222626e-10
110100011101,6.671886880826369e-5,4.451407455054301e-9
001100011101,5.066503042309368e-5,2.566945307773008e-9
101100011101,6.187042506426657e-5,3.827949497633025e-9
011100011101,6.430636366125284e-5,4.1353084073332996e-9
111100011101,0.00041471338945809835,1.7198719539582433e-7
000010011101,0.00015248958406600144,2.3253073248622116e-8
100010011101,5.352173078011589e-5,2.864575665699205e-9
010010011101,2.4863017528918078e-5,6.181696406432876e-10
110010011101,5.6512676906912396e-5,3.19368265118507e-9
001010011101,2.4854443019231173e-5,6.177433377962091e-10
101010011101,2.6650426097574664e-5,7.102452111822887e-10
011010011101,2.644848075870018e-5,6.995221344433335e-10
111010011101,0.0001706316606127881,2.9115163603477704e-8
000110011101,5.122046994498249e-5,2.6235365413848543e-9
100110011101,5.1112044686492355e-5,2.612441112033991e-9
010110011101,2.6242632051376786e-5,6.886757369839481e-10
110110011101,0.00016453649147601924,2.7072257027238156e-8
001110011101,5.404358267172726e-5,2.920708827995819e-9
101110011101,0.00016426467471699894,2.6982883359881476e-8
011110011101,0.00016771262893287926,2.812752590357765e-8
111110011101,0.0012690005526420458,1.6103624026058177e-6
000001011101,0.00016098708476250612,2.5916841460330334e-8
100001011101,6.005489374313312e-5,3.60659026249901e-9
010001011101,2.703756223557193e-5,7.310297716424255e-10
110001011101,6.674273540589805e-5,4.454592729461717e-9
001001011101,2.558273339785681e-5,6.544762481058181e-10
101001011101,2.7057472564955543e-5,7.32106821603322e-10
011001011101,2.6532826320739443e-5,7.039908725665237e-10
111001011101,0.00017046922150353245,2.905975548002041e-8
000101011101,2.7126313086253935e-5,7.358368616534716e-10
100101011101,2.678086710371834e-5,7.172148428270232e-10
010101011101,1.3590118225787975e-5,1.8469131339089452e-10
110101011101,8.474127827977938e-5,7.181084244491009e-9
001101011101,2.6534876806864473e-5,7.040996871554741e-10
101101011101,8.313758209492403e-5,6.911857556590234e-9
011101011101,8.465359721796482e-5,7.166231521941422e-9
111101011101,0.0006434450350898426,4.140215131817688e-7
000011011101,5.999046471452688e-5,3.598855856664895e-9
100011011101,6.221949228978888e-5,3.871265220799099e-9
010011011101,2.6705307996278126e-5,7.131734751760765e-10
110011011101,0.00016455486978931438,2.7078305171378215e-8
001011011101,2.746405095219309e-5,7.542740947046583e-10
101011011101,8.292202076038434e-5,6.876061526985612e-9
011011011101,8.304714626487871e-5,6.8968285027401594e-9
111011011101,0.0006332403857524842,4.00993386147955e-7
000111011101,6.66595964282986e-5,4.4435017959836386e-9
100111011101,0.0001644688541701666,2.7050003992047527e-8
010111011101,8.487124074951545e-5,7.203127506362213e-9
110111011101,0.0006328539208735806,4.0050408516506424e-7
001111011101,0.00017031202309133277,2.9006185209462666e-8
101111011101,0.0006333774512539805,4.011669957569885e-7
011111011101,0.0006433842963267286,4.139433527598397e-7
111111011101,0.00497010107135806,2.4701904659514543e-5
000000111101,0.000434597628526038,1.8887509872045617e-7
100000111101,0.00016518568652973883,2.7286311034301145e-8
010000111101,7.278379371223406e-5,5.297480627145042e-9
110000111101,0.00017902383753906588,3.204953440721385e-8
001000111101,6.748333846622678e-5,4.554000970547323e-9
101000111101,6.765033405253374e-5,4.5765676974194055e-9
011000111101,6.574298616800412e-5,4.32214023028638e-9
111000111101,0.00041435638333141983,1.716912124074945e-7
000100111101,6.7424604040482e-5,4.546077230015782e-9
100100111101,5.7718597974078875e-5,3.3314365520933422e-9
010100111101,2.8847676390714034e-5,8.3218843314336e-10
110100111101,0.00017061378217330916,2.9109062667481387e-8
001100111101,5.557859331864887e-5,3.0889800352797612e-9
101100111101,0.00016481989948065475,2.716559926481314e-8
011100111101,0.00016766675823296932,2.8112141816352986e-8
111100111101,0.0012683924285743905,1.6088193528648406e-6
000010111101,7.519433165143045e-5,5.654187512505315e-9
100010111101,6.81767827974459e-5,4.648073712610115e-9
010010111101,2.9234428919572953e-5,8.546518342535635e-10
110010111101,0.00017061458153839137,2.9109335433520396e-8
001010111101,2.9601669062840073e-5,8.762588113059031e-10
101010111101,8.476836796211106e-5,7.185676206959856e-9
011010111101,8.470989265286298e-5,7.17576591325957e-9
111010111101,0.0006432360966580272,4.13752676043855e-7
000110111101,6.820408040685717e-5,4.651796584145038e-9
100110111101,0.00016512830483141088,2.7267357056495357e-8
010110111101,8.513460855001271e-5,7.247901572963898e-9
110110111101,0.0006334036545734649,4.012001896270213e-7
001110111101,0.00017036885770813868,2.9025547676776005e-8
101110111101,0.0006334395958654014,4.0124572161012303e-7
011110111101,0.0006433425342971566,4.138896164358882e-7
111110111101,0.004969619702626614,2.4697119988734637e-5
000001111101,0.00021363060791550976,4.563803663835027e-8
100001111101,0.00018496304352012867,3.421132746822901e-8
010001111101,7.422783240425375e-5,5.5097711034339824e-9
110001111101,0.00041476906075459965,1.7203337375925274e-7
001001111101,6.591347992722866e-5,4.344586836117175e-9
101001111101,0.00017065319281338613,2.9122512217402744e-8
011001111101,0.00016837675106830366,2.83507303003175e-8
111001111101,0.0012682168183310658,1.6083738982977718e-6
000101111101,7.666916096066817e-5,5.878160242412845e-9
100101111101,0.00017160885706528646,2.944959982325392e-8
010101111101,8.724448020609455e-5,7.611599326431625e-9
110101111101,0.0006435270503807051,4.141270645716906e-7
001101111101,0.00017155387279062635,2.943073126946241e-8
101101111101,0.0006339745199452085,4.019236919397576e-7
011101111101,0.0006434163107962578,4.139845489986667e-7
111101111101,0.0049695226837982364,2.4696155704785232e-5
000011111101,0.00021131410477187725,4.465365087553991e-8
100011111101,0.00041859689972366566,1.7522336445826457e-7
010011111101,0.00017609031934234107,3.100780056608766e-8
110011111101,0.0012693147072742072,1.6111598261026065e-6
001011111101,0.0001816550751195215,3.2998566316679e-8
101011111101,0.0006425478007441251,4.1286767624111196e-7
011011111101,0.0006436461222086034,4.142803306341724e-7
111011111101,0.0049699514104567565,2.470041702230111e-5
000111111101,0.0004430506868034259,1.9629391107698737e-7
100111111101,0.001271869173755192,1.617651195148715e-6
010111111101,0.0006566621764339992,4.312052139590367e-7
110111111101,0.004970909314191203,2.4709939409912866e-5
001111111101,0.0013115084549045572,1.7200544272861392e-6
101111111101,0.00497464525869853,2.4747095449891774e-5
011111111101,0.005050655631633749,2.5509122309353708e-5
111111111101,0.03908898756635701,0.0015279489489628132
000000000011,0.027461741038629646,0.0007541472208727558
100000000011,0.008712683389910277,7.591085185281842e-5
010000000011,0.003603946529339068,1.2988430586335115e-5
110000000011,0.003116215462941001,9.710798811472596e-6
001000000011,0.0035014164599277047,1.2259917225852661e-5
101000000011,0.0011625773727333792,1.3515861475916463e-6
011000000011,0.0009526994701618137,9.076362804466004e-7
111000000011,0.001235390928762956,1.526190746869799e-6
000100000011,0.0034990147858709668,1.2243104471743649e-5
100100000011,0.0011103836777336049,1.232951911777206e-6
010100000011,0.00047383659731546363,2.2452112095549683e-7
110100000011,0.00043656058233894335,1.9058514205211738e-7
001100000011,0.000890823770342331,7.935669898069262e-7
101100000011,0.0003324383898549917,1.1051528304937948e-7
011100000011,0.00033197779997691117,1.1020925967751005e-7
111100000011,0.0006278216220277906,3.9415998908560596e-7
000010000011,0.0034915770706134266,1.219111044003344e-5
100010000011,0.0011111540794492413,1.2346633882766907e-6
010010000011,0.0004601195300853934,2.1170998196600324e-7
110010000011,0.0004094513887905729,1.6765043978252885e-7
001010000011,0.00045360857325318265,2.0576073772878798e-7
101010000011,0.00015704048332622412,2.4661713403334078e-8
011010000011,0.00013163109786337867,1.732674592471837e-8
111010000011,0.0002147813961763657,4.613104814346897e-8
000110000011,0.0008945708633795442,8.002570296076232e-7
100110000011,0.00029508212285500964,8.7073459228619e-8
010110000011,0.00012960446701034436,1.679731786903544e-8
110110000011,0.00016556925482885183,2.7413178144581277e-8
001110000011,0.00029453900093270033,8.675322307043324e-8
101110000011,0.0001566236320190853,2.4530962106849846e-8
011110000011,0.00016637993451280988,2.768228260848691e-8
111110000011,0.0006101369410264572,3.722670868051225e-7
000001000011,0.0034914622781351753,1.219030883964087e-5
100001000011,0.0011107677324966362,1.2338049555557186e-6
010001000011,0.00045941335958073925,2.1106063496126162e-7
110001000011,0.0004060955497451033,1.6491359552277765e-7
001001000011,0.0004464003425040231,1.9927326578770914e-7
101001000011,0.00015209381919024088,2.313252983587368e-8
011001000011,0.00012549704422445284,1.5749508109074273e-8
111001000011,0.0001896469928540405,3.596598189858049e-8
000101000011,0.0004531245203656535,2.0532183095660355e-7
100101000011,0.00014765763354995614,2.180277674557313e-8
010101000011,6.34171429336131e-5,4.021734017862314e-9
110101000011,7.307276163232034e-5,5.339628492573907e-9
001101000011,0.00012079098711529817,1.4590462568288128e-8
101101000011,5.9985023790382854e-5,3.598203079132797e-9
011101000011,6.024613177635255e-5,3.6295963940136365e-9
111101000011,0.00021172511759436159,4.4827525420346235e-8
000011000011,0.0008915031278806219,7.947778270209324e-7
100011000011,0.0002928713153108087,8.577360733188311e-8
010011000011,0.00012140097712684814,1.4738197247353505e-8
110011000011,0.00013690405326878796,1.874271980142313e-8
001011000011,0.00012144585952628862,1.4749096796079028e-8
101011000011,5.716177917341219e-5,3.2674689982699395e-9
011011000011,5.104877511893831e-5,2.6059774411439344e-9
111011000011,0.00018513462715264516,3.427483017094894e-8
000111000011,0.00029384616922443124,8.634557116787307e-8
100111000011,0.00012551445980771037,1.5753879620821342e-8
010111000011,5.794204771910092e-5,3.357280893882569e-9
110111000011,0.00017905047041785182,3.2059070956854036e-8
001111000011,0.00013586110765960013,1.8458240574493455e-8
101111000011,0.00017939941683469836,3.2184150760629856e-8
011111000011,0.00018542847331732933,3.438371871679551e-8
111111000011,0.0011931028001195883,1.4234942916532021e-6
000000100011,0.0034920692940626063,1.2194547954534911e-5
100000100011,0.0011112847457150916,1.2349537860590557e-6
010000100011,0.0004593814753835956,2.1103133992560903e-7
110000100011,0.00040606760263167777,1.6489089790703813e-7
001000100011,0.00044614422618263923,1.9904467055610597e-7
101000100011,0.00015145053472970563,2.293726446991377e-8
011000100011,0.0001245630445089021,1.5515952057326726e-8
111000100011,0.00018495883143191853,3.420976932466085e-8
000100100011,0.00044610714728430135,1.9901158685813735e-7
100100100011,0.00014434696292173915,2.0836045704729933e-8
010100100011,6.180145141525736e-5,3.819419397032416e-9
110100100011,6.736689520966871e-5,4.538298570190485e-9
001100100011,0.00011643300461365161,1.3556644563362618e-8
101100100011,5.3859526244000566e-5,2.900848567228186e-9
011100100011,5.381630467682055e-5,2.896194649068378e-9
111100100011,0.00017041316334709728,2.9040646241964462e-8
000010100011,0.0004522692539711138,2.0454747808758786e-7
100010100011,0.0001474255622435615,2.1734296402830218e-8
010010100011,6.101196153262948e-5,3.7224594500590593e-9
110010100011,6.503502400303593e-5,4.229554347075459e-9
001010100011,6.021942636790559e-5,3.626379312079603e-9
101010100011,2.633616160696715e-5,6.935934081882905e-10
011010100011,2.2972519350761083e-5,5.277366453210923e-10
111010100011,7.458521396972928e-5,5.562954142910299e-9
000110100011,0.0001210592697509482,1.4655346792632843e-8
100110100011,5.0448127454353416e-5,2.545013563650687e-9
010110100011,2.299152081270597e-5,5.286100292810918e-10
110110100011,6.790203146043844e-5,4.610685876454371e-9
001110100011,5.075353583152404e-5,2.5759213994017945e-9
101110100011,6.682736968981293e-5,4.4658973396589276e-9
011110100011,6.826060422690446e-5,4.6595100894220865e-9
111110100011,0.0004433908604939738,1.9659545516958656e-7
000001100011,0.0008919632862810735,7.955985040733322e-7
100001100011,0.0002928263847412152,8.574729160061018e-8
010001100011,0.00012075515997135048,1.4581808659706444e-8
110001100011,0.00013256262021702956,1.757284827880441e-8
001001100011,0.00011698425799749674,1.3685316619224882e-8
101001100011,5.084912632368008e-5,2.585633647881574e-9
011001100011,4.3855817888133535e-5,1.9233327626371334e-9
111001100011,0.00014106333186267905,1.989886359620032e-8
000101100011,0.00012099737084866378,1.4640363752289072e-8
100101100011,5.021985977816207e-5,2.5220343161382606e-9
010101100011,2.2490658439065193e-5,5.058297170226944e-10
110101100011,6.575802653311909e-5,4.3241180535303936e-9
001101100011,4.353592346125347e-5,1.8953766316241205e-9
101101100011,6.188862078102472e-5,3.8302013821774845e-9
011101100011,6.211488356024047e-5,3.858258759702232e-9
111101100011,0.00041839119218504874,1.7505118969802637e-7
000011100011,0.0002928328970744359,8.575110560900717e-8
100011100011,0.00012161026029948722,1.4789055410109036e-8
010011100011,5.035785510465647e-5,2.5359135707415754e-9
110011100011,0.00013393831790543646,1.793947300333776e-8
001011100011,5.0964252205938976e-5,2.5973550029105552e-9
101011100011,6.403093891694602e-5,4.099961138585672e-9
011011100011,6.158962154723699e-5,3.793281482331879e-9
111011100011,0.00041454893371492844,1.718508184441841e-7
000111100011,0.00013259048286157232,1.75802361454649e-8
100111100011,0.00013349057846518016,1.781973453896842e-8
010111100011,6.605928234740775e-5,4.363828784254537e-9
110111100011,0.0004139311595378018,1.713390048363091e-7
001111100011,0.00014011229643359847,1.963145561189657e-8
101111100011,0.00041487693746683263,1.7212287324185814e-7
011111100011,0.0004185640681206639,1.7519587912171976e-7
111111100011,0.003181794838000723,1.0123818391128047e-5
000000010011,0.0034981204630337706,1.2236846773895603e-5
100000010011,0.0011149461081208544,1.2431048240138398e-6
010000010011,0.0004605033445309132,2.1206333032415696e-7
110000010011,0.00040932649616267096,1.6754818046080906e-7
001000010011,0.00044693958417645654,1.9975499190382388e-7
101000010011,0.00015240733704227844,2.3227996384318654e-8
011000010011,0.0001254095748419992,1.5727561462050996e-8
111000010011,0.00018941736695985857,3.587893890600572e-8
000100010011,0.0004464975266264947,1.9936004128357736e-7
100100010011,0.00014463159418924177,2.0918298037721512e-8
010100010011,6.190462355519048e-5,3.832182417509845e-9
110100010011,6.762799332948957e-5,4.573545481773485e-9
001100010011,0.00011629806996208078,1.3525241076905037e-8
101100010011,5.3851746023249635e-5,2.9000105497525832e-9
011100010011,5.3861953092677126e-5,2.9011099909577514e-9
111100010011,0.000170486298935427,2.906557812469978e-8
000010010011,0.00044602849534691567,1.989414186614336e-7
100010010011,0.00014495560563049427,2.1012127603703378e-8
010010010011,5.993139698729516e-5,3.5917723448487714e-9
110010010011,6.215719471921194e-5,3.8635168553620285e-9
001010010011,5.909865754589881e-5,3.4926513237274223e-9
101010010011,2.489201709566969e-5,6.196125150911121e-10
011010010011,2.1573377931648912e-5,4.6541063538175635e-10
111010010011,6.507165058437287e-5,4.234319709774714e-9
000110010011,0.00011709007299667962,1.3710085194367763e-8
100110010011,4.7024597916456644e-5,2.2113128092044183e-9
010110010011,2.1292558149821323e-5,4.5337303256352243e-10
110110010011,5.789331565803864e-5,3.351635997881302e-9
001110010011,4.699488324909037e-5,2.208519051595634e-9
101110010011,5.669375727499353e-5,3.2141821139558815e-9
011110010011,5.802609157037292e-5,3.3670273029333033e-9
111110010011,0.00036664981256422547,1.3443208505338164e-7
000001010011,0.0004533722519287914,2.0554639881898352e-7
100001010011,0.00014828575392889515,2.198866481826084e-8
010001010011,6.108158940110256e-5,3.7309605637648846e-9
110001010011,6.495804323668196e-5,4.219547381138642e-9
001001010011,5.912370189929496e-5,3.4956121262766945e-9
101001010011,2.4737656154398512e-5,6.119516320132506e-10
011001010011,2.114968643611777e-5,4.47309236346104e-10
111001010011,6.308897272157788e-5,3.9802184790639976e-9
000101010011,6.0294950781375156e-5,3.6354810897284524e-9
100101010011,2.4138321383316452e-5,5.826585592042722e-10
010101010011,1.071767128041232e-5,1.1486847767497507e-10
110101010011,2.879281195068746e-5,8.290260200276506e-10
001101010011,2.0549957956484387e-5,4.2230077201327603e-10
101101010011,2.6790553698765063e-5,7.177337674864145e-10
011101010011,2.687868123806188e-5,7.224635050973399e-10
111101010011,0.00017684982111670672,3.1275859229011166e-8
000011010011,0.00012131462283703543,1.4717237714092158e-8
100011010011,5.043258955790645e-5,2.5434460895162545e-9
010011010011,2.0870157740737005e-5,4.355634841232448e-10
110011010011,5.548217065363007e-5,3.07827126043853e-9
001011010011,2.0997962970683356e-5,4.409144489181894e-10
101011010011,2.647081045404731e-5,7.007038060941003e-10
011011010011,2.54614093235307e-5,6.48283364740376e-10
111011010011,0.0001714266531936868,2.9387097425188568e-8
000111010011,5.0940762022189405e-5,2.594961235401334e-9
100111010011,5.39573033038654e-5,2.9113905798253246e-9
010111010011,2.672119418731925e-5,7.140222187964242e-10
110111010011,0.00017057936128437223,2.909731849618439e-8
001111010011,5.5733054647803464e-5,3.1061733803750474e-9
101111010011,0.00017067586948350935,2.913025242395192e-8
011111010011,0.00017189559552172753,2.9548095759769355e-8
111111010011,0.001313497259396693,1.7252750504426236e-6
000000110011,0.0008964136673494992,8.035574630109787e-7
100000110011,0.00029678537408065175,8.808155826819238e-8
010000110011,0.00012172825246081321,1.4817767447163477e-8
110000110011,0.00013697765164349208,1.8762877049765867e-8
001000110011,0.00011730790487035522,1.376114454507231e-8
101000110011,5.103359904192114e-5,2.604428231171574e-9
011000110011,4.3732344984600776e-5,1.9125179978521367e-9
111000110011,0.00014041159081517484,1.971541483524809e-8
000100110011,0.00011729957975005095,1.3759191409538563e-8
100100110011,4.709663336115079e-5,2.2180928739546615e-9
010100110011,2.0810760063384693e-5,4.3308773441576734e-10
110100110011,5.582198885363345e-5,3.1160944395751775e-9
001100110011,3.942488609900368e-5,1.554321643919414e-9
101100110011,5.121590453008628e-5,2.6230688768349118e-9
011100110011,5.129170306020228e-5,2.6308388028159635e-9
111100110011,0.0003376449045394633,1.1400408156146329e-7
000010110011,0.00012170580291968079,1.4812302464324181e-8
100010110011,5.074114716311998e-5,2.5746640154293986e-9
010010110011,2.088566992816351e-5,4.3621120834819357e-10
110010110011,5.541894098430952e-5,3.0712590198223813e-9
001010110011,2.0739535683968445e-5,4.3012834038660053e-10
101010110011,2.6117383509053115e-5,6.821177213589595e-10
011010110011,2.4956565956489582e-5,6.228301843406147e-10
111010110011,0.00016870308867365815,2.8460732128032166e-8
000110110011,4.3913852572717534e-5,1.9284264477783705e-9
100110110011,5.0800661353402986e-5,2.580707193943131e-9
010110110011,2.508021531480931e-5,6.290172002371955e-10
110110110011,0.00016487841909925191,2.7184893084668564e-8
001110110011,5.097773209096468e-5,2.59872916913817e-9
101110110011,0.00016458524406680702,2.7088302564530437e-8
011110110011,0.0001650208450500836,2.7231879301043708e-8
111110110011,0.0012723079768847429,1.6187675880445476e-6
000001110011,0.0002966505905198413,8.800157285577053e-8
100001110011,0.0001261093262444584,1.5903562165831244e-8
010001110011,5.062393727591332e-5,2.562783025315606e-9
110001110011,0.00013395544127212342,1.7944060246409304e-8
001001110011,4.7518960811170996e-5,2.258051636573605e-9
101001110011,5.38948409835604e-5,2.9046538846432624e-9
011001110011,5.055801033741506e-5,2.556112409278168e-9
111001110011,0.00033333486991880953,1.1111213550378969e-7
000101110011,5.120807054968169e-5,2.6222664894211772e-9
100101110011,5.4096988821541234e-5,2.9264841995579577e-9
010101110011,2.6243685908497605e-5,6.887310500638757e-10
110101110011,0.0001676857784637425,2.8118520298991326e-8
001101110011,5.104830428229627e-5,2.6059293700979074e-9
101101110011,0.00016427825864739177,2.698734626421935e-8
011101110011,0.00016457991023083432,2.7086546851589485e-8
111101110011,0.0012690779350936795,1.6105588053416377e-6
000011110011,0.0001365510543712109,1.8646190449889395e-8
100011110011,0.0001339205803763419,1.7934721848336248e-8
010011110011,5.541097233841944e-5,3.0703758554890847e-9
110011110011,0.00033292126798433304,1.1083657067629611e-7
001011110011,5.643877377378213e-5,3.185335185088158e-9
101011110011,0.00016723262184962283,2.796674981069895e-8
011011110011,0.00016465573075218708,2.7111509669536727e-8
111011110011,0.001268538233964304,1.6091892510292752e-6
000111110011,0.00014054585127751116,1.9753136311320285e-8
100111110011,0.00033325408338832967,1.110582840949958e-7
010111110011,0.0001689737999584304,2.8552145072391657e-8
110111110011,0.0012685589947146782,1.6092419230715151e-6
001111110011,0.00033706186258812787,1.13610699211378e-7
101111110011,0.0012690799115994157,1.610563822025181e-6
011111110011,0.0012722669421460235,1.6186631720775934e-6
111111110011,0.009951224297734425,9.902686502382003e-5
000000001011,0.00360344225757961,1.2984796103710438e-5
100000001011,0.0011635498732957374,1.3538483076465263e-6
010000001011,0.0004756802738164247,2.2627172289806877e-7
110000001011,0.00043604916389622964,1.9013887333460096e-7
001000001011,0.00046094650478310415,2.1247168027176028e-7
101000001011,0.00016080975393399681,2.585977696031261e-8
011000001011,0.00013137534772099385,1.7259481988812042e-8
111000001011,0.0002141501058419592,4.586026783212233e-8
000100001011,0.0004602767013993087,2.118546418510284e-7
100100001011,0.00015192565727469517,2.3081405338348135e-8
010100001011,6.443855654944654e-5,4.15232757017622e-9
110100001011,7.548192182277908e-5,5.697520522060133e-9
001100001011,0.00012097766370614148,1.4635595115796262e-8
101100001011,6.041363559546658e-5,3.6498073658618262e-9
011100001011,5.992564584360535e-5,3.591083029773215e-9
111100001011,0.00021168901004038588,4.481223697187859e-8
000010001011,0.00045932071776138205,2.109755217648312e-7
100010001011,0.0001516706105407227,2.3003974101795583e-8
010010001011,6.209935567925657e-5,3.856329975778816e-9
110010001011,6.76500107191644e-5,4.576523950303057e-9
001010001011,6.112780912490586e-5,3.736609048410923e-9
101010001011,2.7077398597222318e-5,7.331855147928572e-10
011010001011,2.3414280340315808e-5,5.482285238548993e-10
111010001011,7.692366169974758e-5,5.917249729297213e-9
000110001011,0.0001210685197807153,1.465758648189345e-8
100110001011,5.09031198011746e-5,2.591127605492733e-9
010110001011,2.299702497216927e-5,5.28863157570577e-10
110110001011,6.825139217053756e-5,4.658252533216516e-9
001110001011,5.0368736427573005e-5,2.5370096093103198e-9
101110001011,6.684395734730887e-5,4.468114633848848e-9
011110001011,6.797020632447464e-5,4.6199489477916515e-9
111110001011,0.00044339776668956855,1.9660157950529707e-7
000001001011,0.0004599601715063777,2.115633593721764e-7
100001001011,0.00015218027015412221,2.3158834624181615e-8
010001001011,6.208546424669218e-5,3.8546048707272935e-9
110001001011,6.732157111830075e-5,4.532193937836425e-9
001001001011,6.000943677571196e-5,3.601132502138171e-9
101001001011,2.5425916375092264e-5,6.464772235131849e-10
011001001011,2.1552740194661525e-5,4.645206098985785e-10
111001001011,6.522956333332765e-5,4.254895932656603e-9
000101001011,6.111481192727022e-5,3.73502023690561e-9
100101001011,2.4687013772498268e-5,6.094486490035192e-10
010101001011,1.0872333592643665e-5,1.1820763774972792e-10
110101001011,2.9358259029957212e-5,8.619073732700642e-10
001101001011,2.07604619684988e-5,4.309967811454851e-10
101101001011,2.721743594399962e-5,7.407888193657226e-10
011101001011,2.7165412769396386e-5,7.379596509316843e-10
111101001011,0.00017952146448286846,3.222795621007381e-8
000011001011,0.00012136059655352037,1.472839439582634e-8
100011001011,5.084526625505095e-5,2.5852411005470224e-9
010011001011,2.089544336361179e-5,4.3661955336190804e-10
110011001011,5.577928185499112e-5,3.1113282842585413e-9
001011001011,2.0943790263592964e-5,4.3864235060537143e-10
101011001011,2.65469367412668e-5,7.04739850344821e-10
011011001011,2.5414477156244642e-5,6.458956491252807e-10
111011001011,0.00017170685453796452,2.9483243895321708e-8
000111001011,5.053610033539488e-5,2.5538974371090983e-9
100111001011,5.403358991513056e-5,2.9196288391164995e-9
010111001011,2.6637702857447796e-5,7.095672135216824e-10
110111001011,0.0001706920478059792,2.9135775184198694e-8
001111001011,5.522883507360444e-5,3.0502242235873996e-9
101111001011,0.00017066393596050958,2.9126179037532916e-8
011111001011,0.00017144096594174068,2.939200480303709e-8
111111001011,0.0013135702711450567,1.7254668572360981e-6
000000101011,0.0004690118918786319,2.199721547235735e-7
100000101011,0.00015704003593106436,2.4661572885229986e-8
010000101011,6.380380148035618e-5,4.070925083344701e-9
110000101011,7.306264198107546e-5,5.338149653254809e-9
001000101011,6.138806794406567e-5,3.768494885905224e-9
101000101011,2.7027383234325205e-5,7.304794444950833e-10
011000101011,2.296935267787198e-5,5.275911624404646e-10
111000101011,7.462673065998731e-5,5.569148928998288e-9
000100101011,6.131510954276163e-5,3.759542658240858e-9
100100101011,2.4837285005584975e-5,6.168907264486562e-10
010100101011,1.0887597524769897e-5,1.1853977986137558e-10
110100101011,2.9354250331885043e-5,8.616720125469732e-10
001100101011,2.054403257550699e-5,4.2205727446349246e-10
101100101011,2.6855176747158714e-5,7.212005181211342e-10
011100101011,2.6776194090321417e-5,7.169645699625636e-10
111100101011,0.0001768037129529038,3.1259552913932807e-8
000010101011,6.27875400526959e-5,3.942275185868892e-9
100010101011,2.6384213508024937e-5,6.961267224370454e-10
010010101011,1.079467936651385e-5,1.1652510262583985e-10
110010101011,2.8815935000261637e-5,8.303581099393037e-10
001010101011,1.0680301389060326e-5,1.1406883776116394e-10
101010101011,1.350219465298895e-5,1.8230926044720344e-10
011010101011,1.2873515835182688e-5,1.6572740995869939e-10
111010101011,8.715941554286142e-5,7.596763717773192e-9
000110101011,2.236688510188596e-5,5.002775491609682e-10
100110101011,2.6120935612223032e-5,6.823032772579014e-10
010110101011,1.289096718808697e-5,1.6617703504433485e-10
110110101011,8.500668262487268e-5,7.22613609088583e-9
001110101011,2.6086755915423925e-5,6.805188341909051e-10
101110101011,8.478091033885685e-5,7.187802757885285e-9
011110101011,8.497199354488147e-5,7.220239686991379e-9
111110101011,0.0006558497804436781,4.3013893450802083e-7
000001101011,0.00012774766930376128,1.6319467012543154e-8
100001101011,5.722898705874068e-5,3.2751569597695084e-9
010001101011,2.2759975824149075e-5,5.180164995158504e-10
110001101011,6.582213868172446e-5,4.332553940636167e-9
001001101011,2.1200041008601134e-5,4.494417387663698e-10
101001101011,2.653771418308928e-5,7.042502740633378e-10
011001101011,2.5004041226763915e-5,6.252020776697095e-10
111001101011,0.00016889514893199788,2.8525571332761746e-8
000101101011,2.2785076087169798e-5,5.19159692298117e-10
100101101011,2.6491029444861924e-5,7.017746410485414e-10
010101101011,1.2889854881256616e-5,1.66148358859855e-10
110101101011,8.485146909210517e-5,7.19977180708848e-9
001101101011,2.4958360033846636e-5,6.22919735579113e-10
101101101011,8.314895506034014e-5,6.913748727626464e-9
011101101011,8.316236531865426e-5,6.91597900539331e-9
111101101011,0.0006442892259646972,4.151086066941887e-7
000011101011,5.7185504421802134e-5,3.2701819159759514e-9
100011101011,6.428017892132809e-5,4.131941402157952e-9
010011101011,2.652521166275809e-5,7.035868537541176e-10
110011101011,0.00016770655836246607,2.812548971778324e-8
001011101011,2.6917938384182323e-5,7.245754068546361e-10
101011101011,8.43489430784367e-5,7.114744198449355e-9
011011101011,8.299872891270886e-5,6.888789001125334e-9
111011101011,0.0006433629585783949,4.1391589647074553e-7
000111101011,6.579446712603025e-5,4.328911904398275e-9
100111101011,0.00016753567029151496,2.806820082002721e-8
010111101011,8.493022602518014e-5,7.213143292688187e-9
110111101011,0.0006433933567807249,4.139550115495692e-7
001111101011,0.00016851004629133323,2.839563570110727e-8
101111101011,0.0006434760229821158,4.1406139215288046e-7
011111101011,0.0006443120740298228,4.1513804874061195e-7
111111101011,0.005050865180611591,2.551123907271456e-5
000000011011,0.0009548028602127313,9.116485018704124e-7
100000011011,0.0003294725954404047,1.085521911462366e-7
010000011011,0.00013174279372549786,1.7356163698599075e-8
110000011011,0.00016561842673876328,2.74294632754231e-8
001000011011,0.00012590407204055826,1.5851835356394085e-8
101000011011,5.992963851478377e-5,3.5915615725126543e-9
011000011011,5.09373771251962e-5,2.5946163883944608e-9
111000011011,0.00018519439148951262,3.429696263917086e-8
000100011011,0.0001252207306315948,1.5680231379910423e-8
100100011011,5.332249688676194e-5,2.8432886742387366e-9
010100011011,2.3224797781511856e-5,5.393912319921179e-10
110100011011,6.827123883440936e-5,4.6609620519849645e-9
001100011011,4.356455580462765e-5,1.8978705224545166e-9
101100011011,6.219866933651673e-5,3.868674467233346e-9
011100011011,6.19234335728175e-5,3.834511625447141e-9
111100011011,0.00041843122789487434,1.7508469247761224e-7
000010011011,0.00012560582071284855,1.5776822196948255e-8
100010011011,5.351961686258365e-5,2.8643493891177485e-9
010010011011,2.1593751534363155e-5,4.662901053278112e-10
110010011011,5.791879288256285e-5,3.3545865689732136e-9
001010011011,2.1290929894819672e-5,4.5330369578612603e-10
101010011011,2.674122623079198e-5,7.150931803263972e-10
011010011011,2.540807273622708e-5,6.455701601694057e-10
111010011011,0.00017170417919322583,2.9482325152419406e-8
000110011011,4.390973034263076e-5,1.928064418762549e-9
100110011011,5.107267016696157e-5,2.608417637983246e-9
010110011011,2.5099860146022138e-5,6.300029793498705e-10
110110011011,0.00016516113137593946,2.727819931738034e-8
001110011011,5.0757250800705814e-5,2.5762985088457506e-9
101110011011,0.00016453596129644725,2.7072082559745992e-8
011110011011,0.00016494077505096235,2.7205459274412167e-8
111110011011,0.0012722594565312368,1.6186441247331583e-6
000001011011,0.00013170627402477928,1.7346542617490247e-8
100001011011,5.9591893788615675e-5,3.5511938053136515e-9
010001011011,2.344572337608102e-5,5.497019446277119e-10
110001011011,6.789813969019614e-5,4.610157373389388e-9
001001011011,2.1761672353570846e-5,4.735703836241697e-10
101001011011,2.709548906174251e-5,7.341655274950081e-10
011001011011,2.5411716991464346e-5,6.457553604542776e-10
111001011011,0.0001715091892313324,2.9415401990788988e-8
000101011011,2.307318907863465e-5,5.323720542584253e-10
100101011011,2.6705997682211967e-5,7.132103122023111e-10
010101011011,1.2940327268056442e-5,1.6745206980440507e-10
110101011011,8.500412870487136e-5,7.225701896874336e-9
001101011011,2.495487232916203e-5,6.227456529647767e-10
101101011011,8.31687171585277e-5,6.917035513795181e-9
011101011011,8.315126189449078e-5,6.9141323546461965e-9
111101011011,0.0006442593350276152,4.1507009077022504e-7
000011011011,5.094100275594538e-5,2.5949857617812343e-9
100011011011,6.187215458775338e-5,3.828163513330852e-9
010011011011,2.5450963530657965e-5,6.477515446388817e-10
110011011011,0.00016491411128179744,2.7196664099865076e-8
001011011011,2.5786475236656787e-5,6.649423051307136e-10
101011011011,8.291176852542064e-5,6.874361360012933e-9
011011011011,8.159456560269279e-5,6.6576731358921385e-9
111011011011,0.0006338841745153513,4.018091467010084e-7
000111011011,6.18067698002164e-5,3.820076793136941e-9
100111011011,0.00016414598775999636,2.694390529770488e-8
010111011011,8.323284836840735e-5,6.927707047518291e-9
110111011011,0.0006334123162758477,4.012111624099346e-7
001111011011,0.000164620891588665,2.7100037947446996e-8
101111011011,0.0006333301099016709,4.0110702810806255e-7
011111011011,0.0006340710961662196,4.020461549934313e-7
111111011011,0.004974119306866648,2.4741862878943552e-5
000000111011,0.0003293025802806193,1.0844018937947373e-7
100000111011,0.00015544524356573023,2.4163223747209202e-8
010000111011,5.955444475431897e-5,3.5467318899952302e-9
110000111011,0.0001790700406160272,3.206607944622563e-8
001000111011,5.3884066041931934e-5,2.9034925732112826e-9
101000111011,6.635474097216845e-5,4.40295164948357e-9
011000111011,6.150423024952901e-5,3.782770338587079e-9
111000111011,0.00041438283753996835,1.7171313604767577e-7
000100111011,5.3560563635990354e-5,2.868733977004973e-9
100100111011,5.6478587205317584e-5,3.1898308127086633e-9
010100111011,2.6804968376059485e-5,7.185063296415492e-10
110100111011,0.00017067336176787668,2.912939641714851e-8
001100111011,5.107233463815873e-5,2.6083833653920675e-9
101100111011,0.00016453048156471188,2.7070279363916e-8
011100111011,0.00016427679049882624,2.6986863896595252e-8
111100111011,0.0012689991205926583,1.6103587680649403e-6
000010111011,5.998417601996613e-5,3.5981013727942793e-9
100010111011,6.675888959869518e-5,4.456749340450771e-9
010010111011,2.7169843295175467e-5,7.382003846843915e-10
110010111011,0.0001706790591062326,2.9131341217388843e-8
001010111011,2.7153307623110344e-5,7.373021148752624e-10
101010111011,8.452664503078467e-5,7.144753720160275e-9
011010111011,8.29492213519055e-5,6.880573322887415e-9
111010111011,0.0006432716408889717,4.1379840397199026e-7
000110111011,6.211583364034303e-5,3.858376788834771e-9
100110111011,0.00016438198819109754,2.7021438041658134e-8
010110111011,8.323237558722266e-5,6.9276283458925005e-9
110110111011,0.0006334124257148791,4.012113010500073e-7
001110111011,0.0001641769010581126,2.6954054841045296e-8
101110111011,0.0006327996922689288,4.00435450535651e-7
011110111011,0.0006332351817734609,4.009867954356681e-7
111110111011,0.004970164166309161,2.4702531840063642e-5
000001111011,0.0001649893011162969,2.7221469482844094e-8
100001111011,0.00017893160513272923,3.2016519315374934e-8
010001111011,6.784723953006901e-5,4.603247911850559e-9
110001111011,0.00041411101711772986,1.7148793449828074e-7
001001111011,5.884659720612014e-5,3.462922002739347e-9
101001111011,0.00016994354881491843,2.8880809783808566e-8
011001111011,0.00016453464441921505,2.7071649214157537e-8
111001111011,0.0012684822203253337,1.6090471432814887e-6
000101111011,6.81762075772504e-5,4.647995279616334e-9
100101111011,0.0001704885668190311,2.9066351416007235e-8
010101111011,8.509262093135106e-5,7.240754136966605e-9
110101111011,0.0006434220813839786,4.1399197481249124e-7
001101111011,0.00016492523052719112,2.720033166444714e-8
101101111011,0.0006333206366442021,4.0109502879941755e-7
011101111011,0.0006333125873597569,4.010848333083097e-7
111101111011,0.0049696791711025465,2.46977110636905e-5
000011111011,0.00018457083779148512,3.406639416305071e-8
100011111011,0.0004150332956906246,1.722526365318214e-7
010011111011,0.0001714167093933963,2.938368825926008e-8
110011111011,0.001268759520655335,1.6097507212535556e-6
001011111011,0.00017421107420289027,3.034949837492494e-8
101011111011,0.0006417102067389484,4.11791989432944e-7
011011111011,0.0006329661297101549,4.0064612136025274e-7
111011111011,0.00496935575167934,2.4694496586748546e-5
000111111011,0.0004182302785695816,1.7491656591238979e-7
100111111011,0.0012683311102117747,1.6086638051310333e-6
010111111011,0.0006447688234286554,4.157268356655727e-7
110111111011,0.004970555139820119,2.4706418397992207e-5
001111111011,0.0012704718834269802,1.6140988065784986e-6
101111111011,0.004970345749791761,2.4704336872473028e-5
011111111011,0.004973997116250798,2.474064731247126e-5
111111111011,0.03908909039515446,0.0015279569879205568
000000000111,0.008710502117872162,7.587284714545541e-5
100000000111,0.0031074270423136533,9.656102823302179e-6
010000000111,0.0011635676291295535,1.3538896275581698e-6
110000000111,0.0012369640744523704,1.5300801214858096e-6
001000000111,0.001116304395658575,1.2461355037666562e-6
101000000111,0.00043425673513475954,1.8857891200990074e-7
011000000111,0.00032847726193526057,1.0789731160848579e-7
111000000111,0.0006289485114671284,3.9557623007671655e-7
000100000111,0.0011135838646625933,1.2400690236368768e-6
100100000111,0.00040642422519977854,1.6518065082924028e-7
010100000111,0.00015890578960627886,2.5251049970394966e-8
110100000111,0.00021465101189238622,4.6075056906425334e-8
001100000111,0.00029452122977828934,8.674275479011589e-8
101100000111,0.00016640246798780312,2.7689781352431846e-8
011100000111,0.00015639609089639552,2.4459737247673613e-8
111100000111,0.0006102151298927497,3.723625047500253e-7
000010000111,0.001110570678599451,1.2333672321648447e-6
100010000111,0.00040486342573971496,1.6391439350169766e-7
010010000111,0.00015226112060718637,2.318344884855615e-8
110010000111,0.00018957889868086085,3.59401588250481e-8
001010000111,0.0001484027193213171,2.2023367101961617e-8
101010000111,7.287331249279234e-5,5.310519673672162e-9
011010000111,5.960517234564275e-5,3.5527765703537753e-9
111010000111,0.00021232689093924522,4.508270861592613e-8
000110000111,0.0002938348504123075,8.63389193168231e-8
100110000111,0.00013605407117641948,1.8510710283678216e-8
010110000111,5.7924340028735626e-5,3.3552291677645845e-9
110110000111,0.00018510730245153243,3.42647134208831e-8
001110000111,0.00012514910709953073,1.5662299007809813e-8
101110000111,0.0001793990810167601,3.2184030269658056e-8
011110000111,0.00017925543405032947,3.213251063657202e-8
111110000111,0.0011929686828806418,1.423174278333973e-6
000001000111,0.0011109705406251807,1.2342555421370062e-6
100001000111,0.0004049342965413734,1.6397178451545692e-7
010001000111,0.00015165094844850178,2.2998010165330143e-8
110001000111,0.00018552697256151164,3.442025754783989e-8
001001000111,0.00014524060414483725,2.109483309235731e-8
101001000111,6.706062241735625e-5,4.4971270790032225e-9
011001000111,5.3303195824459554e-5,2.841230685100682e-9
111001000111,0.00017062006074186267,2.911120512755691e-8
000101000111,0.00014769415935743084,2.181356470829817e-8
100101000111,6.465285566120783e-5,4.179991745148973e-9
010101000111,2.6616075710822205e-5,7.084154862442197e-10
110101000111,7.469366647051914e-5,5.579143810809154e-9
001101000111,5.035859612296394e-5,2.5359882034757988e-9
101101000111,6.801837831508035e-5,4.626499788613392e-9
011101000111,6.680013341209075e-5,4.462257823873123e-9
111101000111,0.00044329093968650834,1.9650685720814758e-7
000011000111,0.00029283241971012443,8.575082603328645e-8
100011000111,0.00013228108006245866,1.7498284142490596e-8
010011000111,5.089062923334471e-5,2.589856143765759e-9
110011000111,0.00014071383699538456,1.9800383921963654e-8
001011000111,5.058497372618108e-5,2.5588395668784302e-9
101011000111,6.560359040013646e-5,4.303831073388876e-9
011011000111,6.179473648357509e-5,3.818589457074487e-9
111011000111,0.000418469470848359,1.7511669803210555e-7
000111000111,0.00012184044279168167,1.4845093499673053e-8
100111000111,0.00013351527409923044,1.782632841779263e-8
010111000111,6.455902406227491e-5,4.1678675878733904e-9
110111000111,0.0004147863171727682,1.720476889137482e-7
001111000111,0.00013333897951974848,1.77792834593679e-8
101111000111,0.00041411191658301223,1.7148867945605565e-7
011111000111,0.00041503140433419146,1.722510665836111e-7
111111000111,0.003181796049524512,1.012382610076979e-5
000000100111,0.001114628264414677,1.2423961678320753e-6
100000100111,0.0004083251521935509,1.6672942991388648e-7
010000100111,0.00015245984639705756,2.324400476341438e-8
110000100111,0.00018951168963928454,3.5914680509936504e-8
001000100111,0.00014558554848318627,2.1195151927150178e-8
101000100111,6.71520062135355e-5,4.50939193850271e-9
011000100111,5.3133586757476287e-5,2.823178041714259e-9
111000100111,0.00016975283241800379,2.8816024113934877e-8
000100100111,0.00014514528937197048,2.1067155026873042e-8
100100100111,6.179481484991797e-5,3.818599142335642e-9
010100100111,2.5141196848458536e-5,6.320797789729414e-10
110100100111,6.520152962963655e-5,4.251239466044372e-9
001100100111,4.7095664243324145e-5,2.21800159051992e-9
101100100111,5.796585493577618e-5,3.3600403384354476e-9
011100100111,5.679168250143841e-5,3.2252952013441856e-9
111100100111,0.00036671291350884853,1.344783609341482e-7
000010100111,0.00014820281312685676,2.1964073818714023e-8
100010100111,6.487242021308263e-5,4.2084309043027714e-9
010010100111,2.4769727704745715e-5,6.135394105672474e-10
110010100111,6.311396274623537e-5,3.983372293533187e-9
001010100111,2.4295099401838184e-5,5.90251854945198e-10
101010100111,2.8687748620328497e-5,8.229869209031596e-10
011010100111,2.665349634833172e-5,7.104088675905322e-10
111010100111,0.00017674753529124654,3.1239691231530445e-8
000110100111,5.051006690796229e-5,2.551266859046827e-9
100110100111,5.531250311177616e-5,3.0594730004902473e-9
010110100111,2.6628248409036938e-5,7.090636133333782e-10
110110100111,0.0001714814482276963,2.9405887086268088e-8
001110100111,5.392197595443761e-5,2.907579490830948e-9
101110100111,0.00017063733913602115,2.9117101507421494e-8
011110100111,0.00017062161771068166,2.9111736430209997e-8
111110100111,0.0013135223071107554,1.7253408512775618e-6
000001100111,0.0002966561347137638,8.800486226331077e-8
100001100111,0.00013664535705180833,1.8671953603816183e-8
010001100111,5.1134986897462036e-5,2.614786885003614e-9
110001100111,0.00014060411488553184,1.9769517122743835e-8
001001100111,4.768825047873118e-5,2.2741692337222047e-9
101001100111,5.5605894045851295e-5,3.0920154526384407e-9
011001100111,5.109762267871021e-5,2.6109670434158396e-9
111001100111,0.0003379410473083677,1.1420415145587641e-7
000101100111,5.0762186487149636e-5,2.5767995769561567e-9
100101100111,5.535994227140588e-5,3.0647232082933913e-9
010101100111,2.6226375520026827e-5,6.878227729174623e-10
110101100111,0.00016874540118168418,2.8475010419967543e-8
001101100111,5.070139268766497e-5,2.5706312204688066e-9
101101100111,0.00016486220238116022,2.7179545773966634e-8
011101100111,0.00016437729233426923,2.701989423514581e-8
111101100111,0.00127216993807595,1.6184163513441664e-6
000011100111,0.00012595160741769369,1.586380741110083e-8
100011100111,0.00013395851132863454,1.7944882757383905e-8
010011100111,5.4129520493389684e-5,2.9300049888442944e-9
110011100111,0.00033381808040627554,1.1143451080613067e-7
001011100111,5.4636977014632205e-5,2.9851992572974483e-9
101011100111,0.00016721408204005135,2.7960549232497024e-8
011011100111,0.00016393271995959494,2.687393667335098e-8
111011100111,0.0012691024246962819,1.610620964369982e-6
000111100111,0.00013386562339851737,1.7920005127873678e-8
100111100111,0.0003323697558137055,1.1046965457966224e-7
010111100111,0.00016784683541721553,2.8172560159573836e-8
110111100111,0.0012685259353402854,1.6091580486309462e-6
001111100111,0.0003329350372459408,1.1084573902595599e-7
101111100111,0.001268463638481097,1.6090000021487034e-6
011111100111,0.0012689460636856158,1.610224112543219e-6
111111100111,0.009951281700752398,9.902800748772957e-5
000000010111,0.001163226127673443,1.353095024102153e-6
100000010111,0.0004348586460964962,1.8910204208487777e-7
010000010111,0.00016098869387485355,2.5917359555531315e-8
110000010111,0.00021447200262278995,4.599823990903003e-8
001000010111,0.0001528584903133683,2.3365718060882113e-8
101000010111,7.501405872137584e-5,5.6271090058540214e-9
011000010111,5.9767108708382837e-5,3.5721072833596514e-9
111000010111,0.00021140771833084854,4.469322336985539e-8
000100010111,0.00015194620702390976,2.308764982895284e-8
100100010111,6.715132912252856e-5,4.509301002922151e-9
010100010111,2.7345704167662978e-5,7.477875364253405e-10
110100010111,7.678382974781856e-5,5.895756510741988e-9
001100010111,5.087549395324158e-5,2.5883158849863203e-9
101100010111,6.83491258634155e-5,4.671603006293013e-9
011100010111,6.696286085864763e-5,4.484024734374602e-9
111100010111,0.00044337033184306806,1.965772511586323e-7
000010010111,0.0001521848908513466,2.3160241003436278e-8
100010010111,6.723643635180917e-5,4.520738373290885e-9
010010010111,2.5472082629636555e-5,6.488269934910322e-10
110010010111,6.529521718293207e-5,4.263465386966267e-9
001010010111,2.4896249478805077e-5,6.198232381109021e-10
101010010111,2.9242319752514687e-5,8.551132645083107e-10
011010010111,2.712600184947337e-5,7.358199763376329e-10
111010010111,0.00017943071501161302,3.2195381489578695e-8
000110010111,5.096970211346772e-5,2.5979105335356353e-9
100110010111,5.5633091014159914e-5,3.095040815789801e-9
010110010111,2.67112500860066e-5,7.134908811571877e-10
110110010111,0.00017172176853751068,2.9488365789650395e-8
001110010111,5.4012133595461513e-5,2.9173105755339826e-9
101110010111,0.00017065990135165947,2.912480192935814e-8
011110010111,0.00017071407732220328,2.91432961959712e-8
111110010111,0.0013135560639455713,1.725429533128182e-6
000001010111,0.0001569875139107248,2.4645079523870014e-8
100001010111,7.295844794358808e-5,5.322935126337251e-9
010001010111,2.7075080892903742e-5,7.330600053572814e-10
110001010111,7.468646022484484e-5,5.57806734091733e-9
001001010111,2.509340594353435e-5,6.29679021847005e-10
101001010111,2.9223639492877663e-5,8.540211052096791e-10
011001010111,2.6715596613450972e-5,7.137231024126332e-10
111001010111,0.0001766791971136948,3.1215538692739826e-8
000101010111,2.6426075312893387e-5,6.983374564427132e-10
100101010111,2.8714164564345152e-5,8.245032466282949e-10
010101010111,1.3598390220477934e-5,1.8491621658838994e-10
110101010111,8.714873580235288e-5,7.594902151948304e-9
001101010111,2.608242801776013e-5,6.802930513016385e-10
101101010111,8.50180815494635e-5,7.228074190351227e-9
011101010111,8.481741281510244e-5,7.193993516647504e-9
111101010111,0.0006559762593104016,4.3030485277886724e-7
000011010111,5.715143750620261e-5,3.2662868090253823e-9
100011010111,6.583523823791817e-5,4.334278593843442e-9
010011010111,2.6598073285101493e-5,7.074575024796297e-10
110011010111,0.0001688516539416461,2.8510881038829408e-8
001011010111,2.688543982342653e-5,7.228268744990893e-10
101011010111,8.459450106245723e-5,7.156229610006077e-9
011011010111,8.297930171808351e-5,6.885564513620737e-9
111011010111,0.0006441549742405986,4.1493563083890637e-7
000111010111,6.426552085783022e-5,4.130057171128212e-9
100111010111,0.00016748608501324043,2.8051588673062402e-8
010111010111,8.462923396369098e-5,7.1621072412811476e-9
110111010111,0.0006434945628019025,4.140852523556117e-7
001111010111,0.0001674819876208024,2.8050216177414607e-8
101111010111,0.0006433459514002915,4.1389401318314627e-7
011111010111,0.0006431742047168703,4.136730576131787e-7
111111010111,0.005050740062882031,2.5509975182801585e-5
000000110111,0.0003293172604196647,1.0844985801031327e-7
100000110111,0.00016527470847023664,2.7315729259921712e-8
010000110111,6.005662170548636e-5,3.606797810675895e-9
110000110111,0.00018516728121741838,3.42869220334505e-8
001000110111,5.389440849353856e-5,2.9046072668684017e-9
101000110111,6.790625235555754e-5,4.611259108976663e-9
011000110111,6.198698359128414e-5,3.84238613474613e-9
111000110111,0.00041823343340399396,1.7491920481689303e-7
000100110111,5.347704846335559e-5,2.859794712352083e-9
100100110111,5.77278543608321e-5,3.3325051691054417e-9
010100110111,2.6899251195678073e-5,7.235697148881883e-10
110100110111,0.00017174014483398227,2.949467734759721e-8
001100110111,5.097657906499586e-5,2.598611613169774e-9
101100110111,0.0001651575759448633,2.7277024891983296e-8
011100110111,0.00016456524013080495,2.70817182593095e-8
111100110111,0.001272242166909339,1.6186001312621707e-6
000010110111,5.953877293922457e-5,3.5448654831085403e-9
100010110111,6.796237415787898e-5,4.618884301175536e-9
010010110111,2.7167137687837053e-5,7.380533701498965e-10
110010110111,0.00017144799012478818,2.9394413317829464e-8
001010110111,2.7084479942383413e-5,7.335690537493695e-10
101010110111,8.473464554034708e-5,7.179960154848262e-9
011010110111,8.29669309500251e-5,6.883511631266233e-9
111010110111,0.0006439472670004381,4.1466808267733357e-7
000110110111,6.174988442067792e-5,3.8130482259670825e-9
100110110111,0.00016480872027718692,2.7161914279404046e-8
010110110111,8.320610780092906e-5,6.9232563753798285e-9
110110110111,0.0006340831011607499,4.020613791776339e-7
001110110111,0.00016387013067235425,2.685341972657446e-8
101110110111,0.0006333353107524568,4.0111361584591106e-7
011110110111,0.0006332533661531245,4.010098257442632e-7
111110110111,0.004974251048288848,2.4743173491402705e-5
000001110111,0.00015516260648457204,2.4075434451086163e-8
100001110111,0.00017901778098166563,3.204736590759961e-8
010001110111,6.665747876492295e-5,4.4432194752961535e-9
110001110111,0.00041487126050262607,1.721181627910378e-7
001001110111,5.7469715321237446e-5,3.3027681791040744e-9
101001110111,0.00016992731065186141,2.8875290905374216e-8
011001110111,0.000164009274812503,2.6899042224523134e-8
111001110111,0.001268681843806035,1.609553620803081e-6
000101110111,6.665985630946324e-5,4.443536443198285e-9
100101110111,0.0001704987446200663,2.9069821917018592e-8
010101110111,8.48661337475184e-5,7.202260657251682e-9
110101110111,0.0006435584843428584,4.1416752276967715e-7
001101110111,0.00016430560721475296,2.6996332562208685e-8
101101110111,0.0006333336445925932,4.011115053729372e-7
011101110111,0.0006329015031319231,4.005643126666477e-7
111101110111,0.00497026216235231,2.4703505962511065e-5
000011110111,0.00017848112458862222,3.185551183441929e-8
100011110111,0.0004143669891189687,1.717000016715195e-7
010011110111,0.00017058495875743907,2.909922815427719e-8
110011110111,0.0012688137391207355,1.6098883045815419e-6
001011110111,0.0001732652561585001,3.002084899167066e-8
101011110111,0.0006415528568061624,4.115900680761483e-7
011011110111,0.0006323339347969526,3.998462050957968e-7
111011110111,0.004969324011263561,2.4694181128920576e-5
000111110111,0.0004145459705699947,1.718483617158189e-7
100111110111,0.0012677088751552393,1.6070857921473623e-6
010111110111,0.0006438813653427963,4.145832126357036e-7
110111110111,0.004970428836425819,2.470516281797333e-5
001111110111,0.0012673530364770494,1.6061837190675973e-6
101111110111,0.004969835845110017,2.4699268327340404e-5
011111110111,0.0049701950222314556,2.4702838559014346e-5
111111110111,0.039089059021958694,0.0015279545352221706
000000001111,0.0031061485596959306,9.648158874901104e-6
100000001111,0.0012328782795255739,1.5199888521259395e-6
010000001111,0.0004348317746531036,1.890786722479675e-7
110000001111,0.0006294343101262632,3.9618755076412495e-7
001000001111,0.0004092078421627196,1.6745105808746918e-7
101000001111,0.0002133659448625534,4.552502642709017e-8
011000001111,0.0001647847628926549,2.7154018081588502e-8
111000001111,0.0006102368268619427,3.723889848585326e-7
000100001111,0.0004057785411980717,1.6465622449683512e-7
100100001111,0.00018822879275514305,3.543007842205859e-8
010100001111,7.364379427550724e-5,5.423408435293231e-9
110100001111,0.00021194621066762142,4.492119621636375e-8
001100001111,0.00013573705951316168,1.8424549325279594e-8
101100001111,0.00018540381099119786,3.437457313005982e-8
011100001111,0.00017930664881990146,3.215087431102347e-8
111100001111,0.0011929705101918976,1.4231786381875164e-6
000010001111,0.00040477135564927544,1.6383985035415223e-7
100010001111,0.00018500213776052052,3.422579097596261e-8
010010001111,6.718223397097613e-5,4.513452561330979e-9
110010001111,0.00017067277521489255,2.9129196199553242e-8
001010001111,6.500668435376663e-5,4.225869010670247e-9
101010001111,7.444044639610189e-5,5.541380059650917e-9
011010001111,6.770103090286843e-5,4.583429585311146e-9
111010001111,0.0004436740183669632,1.968466345738884e-7
000110001111,0.0001326062562989662,1.758441920962711e-8
100110001111,0.00014017834532488644,1.964996849802311e-8
010110001111,6.604472082102163e-5,4.361905148326687e-9
110110001111,0.0004184377208818217,1.750901262567733e-7
001110001111,0.00013331507774782826,1.777290995490949e-8
101110001111,0.00041487592413998864,1.7212203243100959e-7
011110001111,0.00041393564761930154,1.7134272037001056e-7
111110001111,0.0031818606732712446,1.0124237344110138e-5
000001001111,0.0004079644635925561,1.66435003554362e-7
100001001111,0.0001889870748894221,3.571611447526004e-8
010001001111,6.740636787101465e-5,4.543618429562556e-9
110001001111,0.00017066504486562437,2.9126557538985578e-8
001001001111,6.243906708831882e-5,3.8986370988595785e-9
101001001111,6.489453054699928e-5,4.211300094915423e-9
011001001111,5.7669565622876166e-5,3.3257787991312206e-9
111001001111,0.0003665832530599238,1.343832814239961e-7
000101001111,6.493569084309704e-5,4.216643945270277e-9
100101001111,6.289550651255157e-5,3.955844739470418e-9
010101001111,2.8873980455565443e-5,8.337067473483753e-10
110101001111,0.00017687071340452069,3.12832492602241e-8
001101001111,5.5281246756832417e-5,3.056016242989795e-9
101101001111,0.00017143268357556327,2.93891649979192e-8
011101001111,0.00017060110169987158,2.9104735901209925e-8
111101001111,0.0013135612165206193,1.7254430695471296e-6
000011001111,0.00013659126099091923,1.8657172579089412e-8
100011001111,0.00014059461596119084,1.976684603727474e-8
010011001111,5.5780620331191774e-5,3.1114776045325653e-9
110011001111,0.0003377963941997001,1.1410640393431917e-7
001011001111,5.599551362304062e-5,3.1354975459081276e-9
101011001111,0.00016828795419764102,2.8320835528027322e-8
011011001111,0.00016447049159961044,2.7050542607017534e-8
111011001111,0.0012719050365977223,1.6177424221226535e-6
000111001111,0.0001338773398387732,1.7923142122306366e-8
100111001111,0.00033331439839455717,1.1109848817712559e-7
010111001111,0.00016784498769450748,2.8171939894169367e-8
110111001111,0.0012692533907459305,1.611004169920042e-6
001111001111,0.00033203277020043285,1.1024576048697347e-7
101111001111,0.0012685081193264589,1.60911284879715e-6
011111001111,0.0012682225587453623,1.6083884585106342e-6
111111001111,0.009951405168034614,9.903046481838604e-5
000000101111,0.0004345730051435583,1.888536967995032e-7
100000101111,0.00021384071445703143,4.572785115949366e-8
010000101111,7.525604441070774e-5,5.663472220346414e-9
110000101111,0.00021185413029290982,4.4882172522165206e-8
001000101111,6.786030208079886e-5,4.605020598497273e-9
101000101111,7.641520383209672e-5,5.83928337670089e-9
011000101111,6.80937670226442e-5,4.636761107334146e-9
111000101111,0.00044353081155774893,1.967195808010754e-7
000100101111,6.720582084456513e-5,4.516622355391785e-9
100100101111,6.495926154963754e-5,4.2197056610742175e-9
010100101111,2.9453130135602616e-5,8.67486874784743e-10
110100101111,0.00017953884211860353,3.2234195829288846e-8
001100101111,5.557377138712882e-5,3.088444066188858e-9
101100101111,0.00017170498497809717,2.9482601866328575e-8
011100101111,0.00017072735007618751,2.9147828064037086e-8
111100101111,0.0013135263867596638,1.7253515687138981e-6
000010101111,7.286452728253605e-5,5.309239336107439e-9
100010101111,7.466989050324467e-5,5.5755925477665476e-9
010010101111,2.9346901924645093e-5,8.612406525747379e-10
110010101111,0.00017698490313375684,3.132365593726529e-8
001010101111,2.911791628292832e-5,8.478530486596221e-10
101010101111,8.691850633986115e-5,7.554826744352483e-9
011010101111,8.48129047527997e-5,7.193228812607474e-9
111010101111,0.0006558145492290219,4.300927229804652e-7
000110101111,6.58452363330739e-5,4.3355951477583545e-9
100110101111,0.0001686081729503752,2.8428715985663638e-8
010110101111,8.491108537382537e-5,7.2098924193610615e-9
110110101111,0.0006443730630731478,4.1521664441427093e-7
001110101111,0.0001674225846997327,2.8030321867539168e-8
101110101111,0.0006434499176738986,4.140277965545469e-7
011110101111,0.0006431724429876511,4.136707914187034e-7
111110101111,0.005050983584904799,2.551243517497774e-5
000001101111,0.00016499378400565174,2.7222948760503663e-8
100001101111,0.0001849968919025253,3.422385001359463e-8
010001101111,6.81855611161331e-5,4.649270744721922e-9
110001101111,0.0004185136933921087,1.7515371155670393e-7
001001101111,5.8867225724026185e-5,3.4653502644434506e-9
101001101111,0.0001710707838717607,2.9265213094498658e-8
011001101111,0.0001647851013202798,2.7154129617134885e-8
111001101111,0.0012724960695582644,1.6192462470412315e-6
000101101111,6.784960293825609e-5,4.6035686188790095e-9
100101101111,0.00017131046312279962,2.934727477534809e-8
010101101111,8.507571260580918e-5,7.23787687538624e-9
110101101111,0.0006444115853796249,4.1526629137148163e-7
001101101111,0.00016460084919713063,2.7093439556416543e-8
101101101111,0.0006339252413125613,4.0186121157318913e-7
011101101111,0.0006331943549842648,4.0093509118393916e-7
111101101111,0.004974079822760365,2.4741470083191793e-5
000011101111,0.0001784701021725388,3.185157736947645e-8
100011101111,0.0004151391031222685,1.7234047494116146e-7
010011101111,0.00017063676311562917,2.9116904926579344e-8
110011101111,0.001269447048924263,1.6114958100225205e-6
001011101111,0.00017310504315820894,2.9965355966805386e-8
101011101111,0.0006416688288262445,4.117388858872443e-7
011011101111,0.0006322493420777541,3.99739230557753e-7
111011101111,0.004969754644349945,2.469846122503785e-5
000111101111,0.0004137678017033955,1.712037937264604e-7
100111101111,0.0012676866478693548,1.6070294371862418e-6
010111101111,0.0006437475683611978,4.144109317709551e-7
110111101111,0.0049705079803975824,2.470594958319606e-5
001111101111,0.0012667947914321786,1.6047690435996971e-6
101111101111,0.004969768943502307,2.4698603351800043e-5
011111101111,0.00496963844175362,2.4697306241755354e-5
111111101111,0.03908912720420718,0.0015279598655866902
000000011111,0.0012320788288705804,1.5180182405511012e-6
100000011111,0.0006275281534846072,3.937915834158008e-7
010000011111,0.00021388097910327795,4.5745073222176825e-8
110000011111,0.000610569462170796,3.7279506813553523e-7
001000011111,0.00019032448622318773,3.622341005612038e-8
101000011111,0.0002107636109353459,4.442129969450585e-8
011000011111,0.00018437674544436372,3.3994784260655694e-8
111000011111,0.001192691924925251,1.4225140277819004e-6
000100011111,0.0001853685834024336,3.4361511712624985e-8
100100011111,0.00016998131516948191,2.8893647506746742e-8
010100011111,7.497171640909056e-5,5.620758261325099e-9
110100011111,0.00044350085848465814,1.9669301147662876e-7
001100011111,0.00013992702476062734,1.9579572258361215e-8
101100011111,0.0004185558040770839,1.7518896112661423e-7
011100011111,0.00041485513990949165,1.7210478710932386e-7
111100011111,0.0031818180135843098,1.0123965871569602e-5
000010011111,0.00018874221460747983,3.562362357493597e-8
100010011111,0.00017062041555470264,2.911132620405942e-8
010010011111,6.504164102352852e-5,4.230415067033548e-9
110010011111,0.00036685857940256934,1.3458521728127127e-7
001010011111,6.383379153195674e-5,4.0747529413453126e-9
101010011111,0.00017623687877259053,3.1059437439504774e-8
011010011111,0.00017105589888945046,2.92601205448779e-8
111010011111,0.001313187889372471,1.7244624327945254e-6
000110011111,0.00014054032940464715,1.9751584189166727e-8
100110011111,0.0003374169043546869,1.1385016734429993e-7
010110011111,0.00016895101992833424,2.8544447134824396e-8
110110011111,0.0012722623568144876,1.6186515045671547e-6
001110011111,0.00033332772024688813,1.1110736908498773e-7
101110011111,0.0012689890846740153,1.6103332970217953e-6
011110011111,0.0012687601585016236,1.6097523398010651e-6
111110011111,0.00995115208065425,9.902542773230943e-5
000001011111,0.00021355091058117948,4.560399141005091e-8
100001011111,0.00021163937301977778,4.479122421220464e-8
010001011111,7.663729540853854e-5,5.873275047535603e-9
110001011111,0.0004435312386831924,1.96719959687847e-7
001001011111,6.62150769265334e-5,4.384436412386735e-9
101001011111,0.0001787939204177193,3.1967265978337744e-8
011001011111,0.00017105898098643957,2.9261174976119096e-8
111001011111,0.001313273062288781,1.7246861361333525e-6
000101011111,7.470025922486347e-5,5.580128728261799e-9
100101011111,0.0001767684761583872,3.12470941633583e-8
010101011111,8.725767359933355e-5,7.613901601967831e-9
110101011111,0.0006559832477484255,4.303140213265722e-7
001101011111,0.00016853643860135294,2.8404531136427608e-8
101101011111,0.0006443362803860181,4.151692422216894e-7
011101011111,0.00064333388771509,4.1387849108261205e-7
111101011111,0.005050868032247624,2.5511267879180986e-5
000011011111,0.0001845386384432973,3.4054509078506e-8
100011011111,0.0004188793292996834,1.754598925145526e-7
010011011111,0.00017165562954517797,2.946565515455138e-8
110011011111,0.001272721263469796,1.619819414488154e-6
001011011111,0.0001740566732732715,3.029572551095838e-8
101011011111,0.000642447888756604,4.127392897678179e-7
011011011111,0.0006328077404995602,4.0044563643615877e-7
111011011111,0.004973278106436264,2.4733495123958274e-5
000111011111,0.0004145207406383466,1.7182744441936338e-7
100111011111,0.0012682758344315038,1.6085235922029275e-6
010111011111,0.0006438891642520107,4.1459325584115286e-7
110111011111,0.00497099976557221,2.471083866931897e-5
001111011111,0.0012668149308572457,1.6048200690428484e-6
101111011111,0.0049697870163998405,2.4698782988376433e-5
011111011111,0.004969760472003292,2.4698519149086387e-5
111111011111,0.03908914039416823,0.0015279608967549946
000000111111,0.0006265254269974672,3.925341106743586e-7
100000111111,0.000609458027294807,3.714390870340777e-7
010000111111,0.00021157898019587,4.4765664860724346e-8
110000111111,0.0011931974557842777,1.4237201684900733e-6
001000111111,0.00017335636113678042,3.005242794658583e-8
101000111111,0.0004412702235400802,1.9471941018311237e-7
011000111111,0.00041717706203501267,1.7403670108816479e-7
111000111111,0.003181412352349337,1.0121384555680941e-5
000100111111,0.00017049714765839685,2.906927735964918e-8
100100111111,0.000366212636314638,1.341116949965173e-7
010100111111,0.00017710935317599033,3.1367722982417675e-8
110100111111,0.0013138137943213147,1.72610668614897e-6
001100111111,0.00033716177992251973,1.1367806584052164e-7
101100111111,0.0012722861179169638,1.6187119658442184e-6
011100111111,0.00126889661745927,1.6100986257995771e-6
111100111111,0.009951153865983706,9.902546326448247e-5
000010111111,0.00021113363756455178,4.457741291123951e-8
100010111111,0.00044373923063427997,1.9690450480390272e-7
010010111111,0.00017952196204904238,3.2228134857937814e-8
110010111111,0.0013140733003913602,1.7267886388014422e-6
001010111111,0.00017959520396877666,3.2254437288586497e-8
101010111111,0.0006539773721656651,4.2768640330470884e-7
011010111111,0.0006429238117107667,4.133510276647015e-7
111010111111,0.005049696039961913,2.549943009600703e-5
000110111111,0.00041822406211814795,1.7491136613460444e-7
100110111111,0.0012715144152514763,1.6167489081923039e-6
010110111111,0.0006447550510712781,4.1570907588192646e-7
110110111111,0.004974959375565702,2.4750220788529083e-5
001110111111,0.0012672285310209438,1.6058681498334994e-6
101110111111,0.004970290520872735,2.470378786187737e-5
011110111111,0.004969605220807293,2.4696976050675107e-5
111110111111,0.03908929107380248,0.0015279726766524548
000001111111,0.0006077035095921838,3.6930355557065736e-7
100001111111,0.0011928531518962601,1.422898641988842e-6
010001111111,0.0004431666870652774,1.963967125244135e-7
110001111111,0.0031825419487346218,1.0128573255455563e-5
001001111111,0.00037431125314385733,1.4010891423012483e-7
101001111111,0.0013081697493690515,1.7113080931642872e-6
011001111111,0.0012690656764807716,1.6105276912215985e-6
111001111111,0.009949923856474275,9.900098474963593e-5
000101111111,0.00044310493595561725,1.9634198426823166e-7
100101111111,0.0013126269906017203,1.722989616456129e-6
010101111111,0.0006563928111335333,4.3085152250778237e-7
110101111111,0.00505172419550603,2.5519917347461052e-5
001101111111,0.0012707531128253896,1.6148134737554175e-6
101101111111,0.004974094900940658,2.474162008356386e-5
011101111111,0.0049699887730329,2.4700788404073072e-5
111101111111,0.03908902599849272,0.00152795195351084
000011111111,0.0011892978308310673,1.4144293304194817e-6
100011111111,0.0031846498625483417,1.0141994747029172e-5
010011111111,0.0013135615517071778,1.7254439501233689e-6
110011111111,0.009954398761845288,9.909005470982703e-5
001011111111,0.0013335855664558984,1.7784504630594998e-6
101011111111,0.005037123531678252,2.537261347338679e-5
011011111111,0.0049657896503696505,2.465906685171834e-5
111011111111,0.03908620077542269,0.0015277310910566538
000111111111,0.003179846574294589,1.0111424236053032e-5
100111111111,0.009946172035165561,9.892633815310946e-5
010111111111,0.005054093252238448,2.5543858602322215e-5
110111111111,0.03909620781154956,0.001528513465243869
001111111111,0.009938253162429985,9.876887592054963e-5
101111111111,0.03909030609103769,0.0015280520302910186
011111111111,0.03908815749922282,0.0015278840566840496
111111111111,0.30753281285045825,0.09457643097971496
