config,amplitude,probability
000000000000,-0.07246278781108721,0.00525085561735465
100000000000,-0.040836217788187315,0.001667596683244266
010000000000,-0.04083621779001566,0.0016675966833935912
110000000000,-0.03740271790456767,0.0013989633066486674
001000000000,-0.04083621778916765,0.0016675966833243322
101000000000,-0.024335118885752384,0.0005921980111837022
011000000000,-0.03740271790404765,0.001398963306609767
111000000000,-0.03660371260098522,0.0013398317761755246
000100000000,-0.04083621778933328,0.0016675966833378597
100100000000,-0.02329404776546267,0.0005426126612996565
010100000000,-0.024335118883805937,0.0005921980110889682
110100000000,-0.022678627071405732,0.000514320125843897
001100000000,-0.03740271790401633,0.001398963306607424
101100000000,-0.022678627071252688,0.0005143201258369553
011100000000,-0.0366037126017966,0.0013398317762349234
111100000000,-0.03636598647546333,0.001322484972333582
000010000000,-0.040836217788290996,0.0016675966832527338
100010000000,-0.023093595024268394,0.000533314131144914
010010000000,-0.02329404776542579,0.0005426126612979382
110010000000,-0.02143948894993545,0.00045965168643440416
001010000000,-0.024335118885983675,0.0005921980111949593
101010000000,-0.014580292733542657,0.00021258493619579679
011010000000,-0.02267862707103049,0.0005143201258268771
111010000000,-0.022307707484528396,0.0004976338132152843
000110000000,-0.037402717904904036,0.0013989633066738292
100110000000,-0.02143948894983025,0.0004596516864298933
010110000000,-0.022678627071327517,0.0005143201258403494
110110000000,-0.02126663636425997,0.0004522698222496645
001110000000,-0.036603712601105495,0.0013398317761843294
101110000000,-0.022307707484689562,0.0004976338132224747
011110000000,-0.036365986474957,0.0013224849722967556
111110000000,-0.03628906661920757,0.0013168963560932852
000001000000,-0.040836217788906434,0.001667596683302998
100001000000,-0.023042439850272274,0.0005309540342534157
010001000000,-0.023093595022730506,0.0005333141310738832
110001000000,-0.021187970621489177,0.0004489300990570884
001001000000,-0.023294047765659274,0.0005426126613088158
101001000000,-0.01390645275919697,0.00019338942834377703
011001000000,-0.02143948894997008,0.00045965168643588914
111001000000,-0.02101857681908017,0.0004417805714995742
000101000000,-0.024335118885867188,0.0005921980111892898
100101000000,-0.013906452759148202,0.00019338942834242064
010101000000,-0.014580292734800842,0.0002125849362324862
110101000000,-0.01361876662383439,0.00018547080435446555
001101000000,-0.022678627070964272,0.0005143201258238736
101101000000,-0.013778572373402794,0.0001898490566490987
011101000000,-0.022307707483728956,0.0004976338131796169
111101000000,-0.022203079786376468,0.0004929767520001993
000011000000,-0.037402717904871735,0.001398963306671413
100011000000,-0.02118797062144792,0.00044893009905534016
010011000000,-0.021439488950262393,0.00045965168644842316
110011000000,-0.019777052956643698,0.0003911318236498892
001011000000,-0.022678627071128003,0.0005143201258313
101011000000,-0.01361876662359614,0.0001854708043479762
011011000000,-0.021266636363456902,0.0004522698222155073
111011000000,-0.020963941665925415,0.00043948685017232365
000111000000,-0.03660371260081223,0.0013398317761628602
100111000000,-0.021018576818928054,0.0004417805714931797
010111000000,-0.02230770748342766,0.0004976338131661744
110111000000,-0.020963941665916065,0.0004394868501719316
001111000000,-0.03636598647498004,0.001322484972298431
101111000000,-0.022203079786497,0.0004929767520055517
011111000000,-0.03628906662082689,0.0013168963562108127
111111000000,-0.03627068121325678,0.0013155623156736985
000000100000,-0.04083621778888549,0.0016675966833012877
100000100000,-0.023031555562855074,0.0005304525516448804
010000100000,-0.023042439849106883,0.0005309540341997089
110000100000,-0.021125934005935137,0.00044630508762312656
001000100000,-0.023093595022423623,0.0005333141310597091
101000100000,-0.013775502129091777,0.0001897644589086121
011000100000,-0.021187970622328522,0.00044893009909265644
111000100000,-0.020756207257009784,0.00043082013969594557
000100100000,-0.023294047764341345,0.000542612661247416
100100100000,-0.013300264637398236,0.00017689703942482603
010100100000,-0.013906452761329739,0.0001933894284030955
110100100000,-0.012974764842978498,0.00016834452273059084
001100100000,-0.02143948895163445,0.00045965168650725566
101100100000,-0.0130132688568232,0.00016934516633996464
011100100000,-0.021018576817883074,0.00044178057144925176
111100100000,-0.02090338393492672,0.00043695145993095247
000010100000,-0.02433511888564015,0.0005921980111782399
100010100000,-0.013775502128242635,0.00018976445888521738
010010100000,-0.013906452759284807,0.00019338942834621999
110010100000,-0.012814959094420073,0.00016422317659165977
001010100000,-0.014580292735122184,0.0002125849362418567
101010100000,-0.008746241048223911,7.649673247363689e-5
011010100000,-0.013618766623802884,0.0001854708043536074
111010100000,-0.013412039896837454,0.0001798828141943596
000110100000,-0.022678627071301343,0.0005143201258391622
100110100000,-0.01301326885767158,0.000169345166362045
010110100000,-0.013778572373199875,0.00018984905664350685
110110100000,-0.012936802404943229,0.00016736085646454493
001110100000,-0.02230770748379722,0.0004976338131826626
101110100000,-0.013610273853523288,0.00018523955436789964
011110100000,-0.022203079786434734,0.0004929767520027868
111110100000,-0.022179582742960863,0.0004919338906518474
000001100000,-0.0374027179045175,0.001398963306644914
100001100000,-0.02112593400597232,0.00044630508762469757
010001100000,-0.021187970621523864,0.0004489300990585583
110001100000,-0.01946352822204968,0.0003788289308505245
001001100000,-0.021439488950668644,0.0004596516864658428
101001100000,-0.012814959093507135,0.00016422317656826122
011001100000,-0.01977705295691315,0.0003911318236605471
111001100000,-0.01941272748496236,0.00037685398840541304
000101100000,-0.022678627071368994,0.0005143201258422307
100101100000,-0.012974764843155098,0.00016834452273517355
010101100000,-0.013618766623795226,0.00018547080435339883
110101100000,-0.01273819992158879,0.00016226173724236467
001101100000,-0.021266636363611483,0.0004522698222220822
101101100000,-0.012936802405661127,0.00016736085648311953
011101100000,-0.020963941665624656,0.00043948685015971346
111101100000,-0.020890452077345058,0.0004364109879958504
000011100000,-0.036603712601109194,0.0013398317761846002
100011100000,-0.020756207256918967,0.0004308201396921756
010011100000,-0.021018576818959342,0.00044178057149449497
110011100000,-0.019412727485032186,0.0003768539884081241
001011100000,-0.02230770748361525,0.0004976338131745439
101011100000,-0.013412039897858689,0.0001798828142217533
011011100000,-0.020963941665742974,0.0004394868501646743
111011100000,-0.020689999334999817,0.0004280760724822928
000111100000,-0.03636598647542071,0.0013224849723304823
100111100000,-0.020903383934875657,0.00043695145992881767
010111100000,-0.02220307978648314,0.0004929767520049362
110111100000,-0.020890452077261538,0.00043641098799236086
001111100000,-0.03628906661970561,0.0013168963561294318
101111100000,-0.022179582742445036,0.0004919338906289657
011111100000,-0.036270681213382845,0.0013155623156828433
111111100000,-0.03628906661919947,0.0013168963560926976
000000010000,-0.04083621778828901,0.0016675966832525716
100000010000,-0.023042439850350458,0.0005309540342570188
010000010000,-0.023031555562025133,0.0005304525516066508
110000010000,-0.021125934006498082,0.00044630508764691206
001000010000,-0.023042439850603124,0.0005309540342686629
101000010000,-0.01375050223937042,0.00018907631183493097
011000010000,-0.021125934005845417,0.0004463050876193357
111000010000,-0.02070505208405459,0.00042869918180341336
000100010000,-0.023093595023062106,0.0005333141310891989
100100010000,-0.013190848736267663,0.00017399849038309424
010100010000,-0.01377550212968687,0.00018976445892500751
110100010000,-0.012857339112276125,0.0001653111690480654
001100010000,-0.02118797062128373,0.00044893009904838234
101100010000,-0.0128653654151301,0.00016551762726482573
011100010000,-0.020756207257371626,0.00043082013971096654
111100010000,-0.020651865605426784,0.0004264995529846097
000010010000,-0.023294047765259347,0.000542612661290184
100010010000,-0.013190848736199695,0.0001739984903813011
010010010000,-0.0133002646373345,0.00017689703942313064
110010010000,-0.012260243581440148,0.00015031357267624433
001010010000,-0.013906452759006345,0.00019338942833847518
101010010000,-0.008344196731685023,6.962561909706301e-5
011010010000,-0.012974764844084353,0.00016834452275928726
111010010000,-0.012782150164513957,0.00016338336282818418
000110010000,-0.02143948895109164,0.0004596516864839804
100110010000,-0.012306301137983658,0.00015144504769873786
010110010000,-0.01301326885667666,0.0001693451663361507
110110010000,-0.012222128134691873,0.00014938041614082661
001110010000,-0.02101857681895128,0.00044178057149415605
101110010000,-0.012828205418492491,0.00016456285425904012
011110010000,-0.020903383934488522,0.0004369514599126328
111110010000,-0.02089045207734459,0.00043641098799583085
000001010000,-0.024335118885646198,0.0005921980111785342
100001010000,-0.013750502239242957,0.00018907631183142558
010001010000,-0.01377550212960334,0.0001897644589227062
110001010000,-0.012659029348917192,0.0001602510240567468
001001010000,-0.013906452759261436,0.00019338942834557
101001010000,-0.008314751012564835,6.913508440094795e-5
011001010000,-0.012814959093154369,0.00016422317655921984
111001010000,-0.012583547679891437,0.00015834567221210117
000101010000,-0.01458029273496221,0.0002125849362371918
100101010000,-0.008344196731150381,6.962561908814071e-5
010101010000,-0.008746241046620706,7.649673244559285e-5
110101010000,-0.008183047198478356,6.696226145252447e-5
001101010000,-0.013618766624015064,0.00018547080435938668
101101010000,-0.008287038943178959,6.867501444576463e-5
011101010000,-0.013412039897841644,0.0001798828142212961
111101010000,-0.013370445731322287,0.00017876881905423437
000011010000,-0.022678627071204986,0.0005143201258347918
100011010000,-0.01286536541474561,0.0001655176272549325
010011010000,-0.013013268857184372,0.00016934516634936467
110011010000,-0.012023894177655994,0.00014457403119546973
001011010000,-0.013778572373389064,0.00018984905664872035
101011010000,-0.00828703894340521,6.867501444951453e-5
011011010000,-0.012936802405860806,0.00016736085648828594
111011010000,-0.012773350200232894,0.00016315847533778972
000111010000,-0.0223077074839079,0.0004976338131876005
100111010000,-0.012828205419286582,0.00016456285427941364
010111010000,-0.01361027385481441,0.00018523955440304468
110111010000,-0.01281138145325784,0.00016413149474087897
001111010000,-0.02220307978616188,0.0004929767519906703
101111010000,-0.013576678374288678,0.00018432619567887787
011111010000,-0.02217958274196833,0.0004919338906078194
111111010000,-0.022203079786368582,0.0004929767519998492
000000110000,-0.037402717904865344,0.0013989633066709348
100000110000,-0.021125934006425404,0.00044630508764384127
010000110000,-0.02112593400605312,0.0004463050876281115
110000110000,-0.01940148876063432,0.0003764177661290199
001000110000,-0.021187970620981635,0.0004489300990355808
101000110000,-0.012659029349050588,0.0001602510240601241
011000110000,-0.01946352822223033,0.0003788289308575565
111000110000,-0.01909917254013718,0.0003647783917179301
000100110000,-0.021439488949947672,0.00045965168643492826
100100110000,-0.012260243581331766,0.00015031357267358676
010100110000,-0.012814959094620871,0.00016422317659680618
110100110000,-0.011977359558331496,0.00014345714198955484
001100110000,-0.01977705295743242,0.00039113182368108646
101100110000,-0.012023894177379773,0.0001445740311888272
011100110000,-0.019412727484239178,0.0003768539883773352
111100110000,-0.019338951850980286,0.00037399505869453384
000010110000,-0.022678627071196136,0.0005143201258343903
100010110000,-0.012857339111732865,0.00016531116903409566
010010110000,-0.012974764843387419,0.00016834452274120217
110010110000,-0.011977359558710194,0.00014345714199862647
001010110000,-0.01361876662368934,0.00018547080435051477
101010110000,-0.0081830471990991,6.696226146268363e-5
011010110000,-0.012738199921747965,0.00016226173724641986
111010110000,-0.012566638200952204,0.00015792039567363124
000110110000,-0.021266636363990774,0.0004522698222382146
100110110000,-0.012222128135683158,0.00014938041616505786
010110110000,-0.012936802405105469,0.00016736085646874266
110110110000,-0.012167852433192527,0.00014805663283594929
001110110000,-0.020963941665558778,0.00043948685015695135
101110110000,-0.012811381452785996,0.00016413149472878903
011110110000,-0.020890452077286303,0.00043641098799339557
111110110000,-0.020903383934864937,0.00043695145992836946
000001110000,-0.03660371260111702,0.001339831776185173
100001110000,-0.020705052084150816,0.000428699181807398
010001110000,-0.02075620725735384,0.0004308201397102281
110001110000,-0.0190991725405926,0.00036477839173532637
001001110000,-0.021018576819335607,0.00044178057151031207
101001110000,-0.012583547680596458,0.0001583456722298445
011001110000,-0.019412727484021102,0.00037685398836886827
111001110000,-0.019087343935452295,0.0003643266985102475
000101110000,-0.022307707483331506,0.0004976338131618845
100101110000,-0.012782150164038605,0.00016338336281603215
010101110000,-0.013412039897936101,0.00017988281422382982
110101110000,-0.012566638201025401,0.0001579203956754709
001101110000,-0.020963941665614456,0.00043948685015928574
101101110000,-0.012773350200266218,0.00016315847533864103
011101110000,-0.02068999933540501,0.0004280760724990597
111101110000,-0.020651865605422096,0.0004264995529844161
000011110000,-0.03636598647526908,0.0013224849723194535
100011110000,-0.020651865605270076,0.00042649955297813713
010011110000,-0.020903383934674773,0.00043695145992041933
110011110000,-0.01933895185083891,0.0003739950586890657
001011110000,-0.02220307978651768,0.0004929767520064701
101011110000,-0.013370445731007985,0.00017876881904582966
011011110000,-0.02089045207753111,0.0004364109880036238
111011110000,-0.020651865605383263,0.00042649955298281215
000111110000,-0.03628906662002456,0.0013168963561525809
100111110000,-0.020890452077560018,0.0004364109880048316
010111110000,-0.02217958274151723,0.000491933890587809
110111110000,-0.020903383934476372,0.00043695145991212486
001111110000,-0.036270681213288955,0.0013155623156760326
101111110000,-0.022203079786280302,0.000492976751995929
011111110000,-0.03628906661969831,0.001316896356128902
111111110000,-0.03636598647550393,0.001322484972336535
000000001000,-0.0408362177893061,0.0016675966833356397
100000001000,-0.02309359502344042,0.0005333141311066722
010000001000,-0.023042439849526915,0.000530954034219066
110000001000,-0.021187970621428635,0.00044893009905452283
001000001000,-0.02303155556196063,0.0005304525516036796
101000001000,-0.013775502129615121,0.00018976445892303074
011000001000,-0.02112593400524737,0.0004463050875940671
111000001000,-0.020756207257028002,0.00043082013969670185
000100001000,-0.023042439850259132,0.00053095403425281
100100001000,-0.013190848736234917,0.00017399849038223032
010100001000,-0.01375050223861275,0.00018907631181409428
110100001000,-0.012865365415202123,0.0001655176272666789
001100001000,-0.021125934005863874,0.00044630508762011557
101100001000,-0.012857339112285484,0.00016531116904830608
011100001000,-0.020705052085038797,0.0004286991818441694
111100001000,-0.02065186560538201,0.00042649955298276044
000010001000,-0.023093595023052242,0.0005333141310887433
100010001000,-0.013106064198976202,0.00017176891878768576
010010001000,-0.01319084873641855,0.00017399849038707486
110010001000,-0.012188875406057885,0.00014856868366440275
001010001000,-0.01377550212891651,0.0001897644589037833
101010001000,-0.00828433771034423,6.863025129903148e-5
011010001000,-0.012857339113305376,0.00016531116907453228
111010001000,-0.012697365627490874,0.00016122309387818672
000110001000,-0.02118797062128512,0.0004489300990484413
100110001000,-0.012188875406684901,0.000148568683679688
010110001000,-0.012865365414704469,0.0001655176272538739
110110001000,-0.012112601396265566,0.00014671511258481453
001110001000,-0.02075620725671374,0.000430820139683656
101110001000,-0.012697365626802461,0.00016122309386070466
011110001000,-0.02065186560626366,0.0004264995530191758
111110001000,-0.020689999334986844,0.000428076072481756
000001001000,-0.023294047764336887,0.0005426126612472083
100001001000,-0.01319084873662762,0.0001739984903925905
010001001000,-0.013190848737891243,0.00017399849042592702
110001001000,-0.012150844152956274,0.00014764301362943163
001001001000,-0.01330026463734007,0.0001768970394232788
101001001000,-0.007970043770350196,6.352159770129798e-5
011001001000,-0.012260243581884385,0.00015031357268713725
111001001000,-0.012067844420226693,0.00014563286895079652
000101001000,-0.013906452758454,0.00019338942832311287
100101001000,-0.007975827212360842,6.361381972143572e-5
010101001000,-0.0083441967323665,6.962561910843578e-5
110101001000,-0.007825459811281766,6.123782125798605e-5
001101001000,-0.012974764843662232,0.00016834452274833343
101101001000,-0.007912990393627424,6.26154169696399e-5
011101001000,-0.012782150164794394,0.00016338336283535336
111101001000,-0.012773350200233674,0.00016315847533780967
000011001000,-0.021439488949939783,0.00045965168643459
100011001000,-0.012188875406194519,0.00014856868366773358
010011001000,-0.012306301138130176,0.00015144504770234405
110011001000,-0.011397927125831622,0.00012991274276576828
001011001000,-0.013013268857763828,0.00016934516636444593
101011001000,-0.007844300376662004,6.153304839929966e-5
011011001000,-0.012222128135287485,0.0001493804161553859
111011001000,-0.012096860191333795,0.0001463340264886763
000111001000,-0.02101857681978377,0.00044178057152915155
100111001000,-0.012113531148623466,0.00014673763688867093
010111001000,-0.012828205418974444,0.0001645628542714053
110111001000,-0.012104407138028059,0.0001465166721631446
001111001000,-0.02090338393540842,0.0004369514599510907
101111001000,-0.01281138145320529,0.0001641314947395325
011111001000,-0.020890452075257047,0.00043641098790861145
111111001000,-0.020963941666000296,0.00043948685017546323
000000101000,-0.024335118885852554,0.0005921980111885776
100000101000,-0.013775502127726642,0.00018976445887100126
010000101000,-0.013750502239186673,0.00018907631182987772
110000101000,-0.012659029349887278,0.00016025102408130749
001000101000,-0.013775502129358227,0.00018976445891595307
101000101000,-0.008249102847412424,6.804769778718777e-5
011000101000,-0.012659029348538187,0.0001602510240471511
111000101000,-0.01245259705045019,0.00015506717330088078
000100101000,-0.013906452758489772,0.0001933894283241078
100100101000,-0.007970043769749973,6.352159769173037e-5
010100101000,-0.008314751013005682,6.913508440827901e-5
110100101000,-0.007790158083361356,6.068656296376028e-5
001100101000,-0.012814959093916393,0.00016422317657875047
101100101000,-0.00780906740243389,6.098153369575559e-5
011100101000,-0.012583547680148828,0.00015834567221857895
111100101000,-0.012566638200951132,0.0001579203956736043
000010101000,-0.014580292734966633,0.00021258493623732075
100010101000,-0.008284337709977318,6.863025129295223e-5
010010101000,-0.008344196731508713,6.962561909412068e-5
110010101000,-0.0077214680670441155,5.9621069110381986e-5
001010101000,-0.008746241046429737,7.649673244225232e-5
101010101000,-0.0052672394941435325,2.774381188866541e-5
011010101000,-0.008183047199349166,6.696226146677622e-5
111010101000,-0.008092596447476513,6.549011726170947e-5
000110101000,-0.0136187666245295,0.00018547080437339864
100110101000,-0.007844300378650308,6.153304843049336e-5
010110101000,-0.008287038942310407,6.867501443136917e-5
110110101000,-0.007813531668576052,6.105127713584087e-5
001110101000,-0.013412039897264178,0.00017988281420580613
101110101000,-0.008215411021651025,6.749297825466514e-5
011110101000,-0.01337044573112287,0.0001787688190489018
111110101000,-0.013412039896826742,0.0001798828141940723
000001101000,-0.022678627071407997,0.0005143201258439998
100001101000,-0.01285733911313087,0.00016531116907004493
010001101000,-0.012865365415393768,0.00016551762727161007
110001101000,-0.011867943657740855,0.0001408480866633114
001001101000,-0.013013268857769312,0.00016934516636458864
101001101000,-0.0078090674027200425,6.098153370022475e-5
011001101000,-0.012023894176073295,0.00014457403115740932
111001101000,-0.011852116938056777,0.00014047267591337236
000101101000,-0.013778572372553317,0.00018984905662568956
100101101000,-0.007912990392981472,6.261541695941708e-5
010101101000,-0.008287038943589673,6.867501445257185e-5
110101101000,-0.007784085949754561,6.059199407316637e-5
001101101000,-0.012936802405820782,0.0001673608564872504
101101101000,-0.007901117080785334,6.242765112427776e-5
011101101000,-0.012773350200740772,0.00016315847535076434
111101101000,-0.012782150164518034,0.0001633833628282884
000011101000,-0.022307707483354106,0.0004976338131628929
100011101000,-0.012697365627225822,0.0001612230938714558
010011101000,-0.012828205419023098,0.00016456285427265358
110011101000,-0.011898174494354565,0.00014156655629810953
001011101000,-0.01361027385511094,0.0001852395544111164
101011101000,-0.008215411020984734,6.749297824371742e-5
011011101000,-0.012811381453913756,0.00016413149475768535
111011101000,-0.012697365627477154,0.0001612230938778383
000111101000,-0.022203079787088634,0.000492976752031824
100111101000,-0.012811381453622712,0.00016413149475022801
010111101000,-0.013576678373601853,0.00018432619566022824
110111101000,-0.012828205418703937,0.00016456285426446506
001111101000,-0.022179582741494584,0.0004919338905868045
101111101000,-0.013610273853809526,0.0001852395543756912
011111101000,-0.022203079786599217,0.0004929767520100908
111111101000,-0.022307707484491054,0.0004976338132136182
000000011000,-0.0374027179049405,0.0013989633066765568
100000011000,-0.02118797062134905,0.0004489300990511503
010000011000,-0.021125934005265152,0.0004463050875948184
110000011000,-0.019463528221775436,0.0003788289308398489
001000011000,-0.021125934005433174,0.00044630508760191767
101000011000,-0.012659029348128327,0.00016025102403677426
011000011000,-0.019401488762248363,0.00037641776619164955
111000011000,-0.019099172540925517,0.0003647783917480433
000100011000,-0.021187970621233544,0.0004489300990462557
100100011000,-0.012150844153609367,0.00014764301364530291
010100011000,-0.012659029349743074,0.00016025102407765652
110100011000,-0.011867943657578331,0.00014084808665945373
001100011000,-0.01946352822248006,0.0003788289308672778
101100011000,-0.011867943657697973,0.00014084808666229356
011100011000,-0.019099172539333974,0.000364778391687249
111100011000,-0.01908734393547145,0.00036432669851097876
000010011000,-0.02143948895108992,0.00045965168648390677
100010011000,-0.01218887540642074,0.00014856868367324832
010010011000,-0.012260243581489808,0.00015031357267746202
110010011000,-0.011351871871674019,0.00012886499499090381
001010011000,-0.012814959093812557,0.0001642231765760892
101010011000,-0.007721468067659702,5.962106911988845e-5
011010011000,-0.011977359556986724,0.00014345714195734122
111010011000,-0.011852116938031787,0.00014047267591277998
000110011000,-0.019777052955741104,0.00039113182361418794
100110011000,-0.01139792712481482,0.00012991274274258942
010110011000,-0.012023894178873774,0.00014457403122475462
110110011000,-0.011343458982729723,0.00012867406169287166
001110011000,-0.019412727485242642,0.0003768539884162952
101110011000,-0.011898174495036306,0.00014156655631433247
011110011000,-0.01933895185077892,0.0003739950586867454
111110011000,-0.01941272748496492,0.00037685398840551246
000001011000,-0.02267862707126148,0.0005143201258373541
100001011000,-0.012865365414968275,0.00016551762726066182
010001011000,-0.012857339111755808,0.00016531116903468565
110001011000,-0.01186794365736286,0.00014084808665433933
001001011000,-0.012974764842833686,0.00016834452272683308
101001011000,-0.007790158082491837,6.06865629502129e-5
011001011000,-0.011977359559740391,0.00014345714202330454
111001011000,-0.011813612925911201,0.00013956145036325622
000101011000,-0.013618766624538516,0.0001854708043736442
100101011000,-0.007825459812256342,6.123782127323907e-5
010101011000,-0.008183047198133267,6.696226144687671e-5
110101011000,-0.007690552132727236,5.9144592106195435e-5
001101011000,-0.012738199921405095,0.00016226173723768477
101101011000,-0.007784085949823095,6.059199407423331e-5
011101011000,-0.012566638200408528,0.00015792039565996687
111101011000,-0.012583547679890252,0.00015834567221207133
000011011000,-0.021266636363962813,0.0004522698222370254
100011011000,-0.012112601396600222,0.00014671511259292162
010011011000,-0.012222128134891447,0.00014938041614570506
110011011000,-0.011343458982649771,0.00012867406169105782
001011011000,-0.012936802405493185,0.00016736085647877427
101011011000,-0.007813531669337775,6.105127714774435e-5
011011011000,-0.012167852433129086,0.0001480566328344054
111011011000,-0.01206784442029256,0.00014563286895238626
000111011000,-0.020963941665045324,0.00043948685013542327
100111011000,-0.01210440713769367,0.00014651667215504944
010111011000,-0.012811381454058995,0.0001641314947614068
110111011000,-0.012113531148515884,0.00014673763688606453
001111011000,-0.020890452077510866,0.00043641098800277804
101111011000,-0.012828205419255502,0.00016456285427861626
011111011000,-0.020903383934681358,0.00043695145992069467
111111011000,-0.021018576819058873,0.000441780571498679
000000111000,-0.03660371260081355,0.0013398317761629567
100000111000,-0.02075620725722458,0.0004308201397048623
010000111000,-0.020705052084409127,0.0004286991818180947
110000111000,-0.019099172540160404,0.0003647783917188172
001000111000,-0.02075620725734395,0.00043082013970981766
101000111000,-0.012452597050122766,0.00015506717329272622
011000111000,-0.019099172540529907,0.00036477839173293164
111000111000,-0.01882485173246873,0.000354375042749431
000100111000,-0.021018576819779453,0.0004417805715289701
100100111000,-0.012067844420809876,0.00014563286896487204
010100111000,-0.0125835476793119,0.00015834567219751591
110100111000,-0.011813612925352155,0.00013956145035004752
001100111000,-0.019412727484245596,0.0003768539883775844
101100111000,-0.011852116939158252,0.00014047267593948198
011100111000,-0.019087343935913614,0.0003643266985278582
111100111000,-0.019099172540128644,0.00036477839171760406
000010111000,-0.022307707483921017,0.0004976338131881859
100010111000,-0.012697365627855697,0.0001612230938874513
010010111000,-0.012782150164369248,0.0001633833628244848
110010111000,-0.011852116938821683,0.00014047267593150388
001010111000,-0.013412039897860445,0.0001798828142218004
101010111000,-0.008092596447036226,6.549011725458335e-5
011010111000,-0.012566638200274921,0.0001579203956566089
111010111000,-0.012452597050437707,0.00015506717330056988
000110111000,-0.02096394166500415,0.0004394868501336969
100110111000,-0.012096860190291093,0.00014633402646344943
010110111000,-0.012773350201035493,0.00016315847535829347
110110111000,-0.012067844421131834,0.0001456328689726427
001110111000,-0.020689999335284977,0.00042807607249409276
101110111000,-0.01269736562782991,0.00016122309388679645
011110111000,-0.020651865605380987,0.00042649955298271815
111110111000,-0.020756207257036096,0.00043082013969703784
000001111000,-0.036365986475418985,0.0013224849723303567
100001111000,-0.020651865605341768,0.0004264995529810983
010001111000,-0.02065186560486426,0.00042649955296137547
110001111000,-0.019087343935410155,0.00036432669850863884
001001111000,-0.02090338393414331,0.00043695145989820056
101001111000,-0.012566638200271499,0.00015792039565652288
011001111000,-0.01933895185208689,0.000373995058737335
111001111000,-0.01909917254094048,0.0003647783917486149
000101111000,-0.022203079787116105,0.0004929767520330438
100101111000,-0.01277335020093284,0.00016315847535567106
010101111000,-0.013370445730696774,0.0001787688190375076
110101111000,-0.01258354768017832,0.00015834567221932117
001101111000,-0.020890452077111658,0.0004364109879860987
101101111000,-0.012782150164396627,0.00016338336282518474
011101111000,-0.020651865604837213,0.0004264995529602583
111101111000,-0.020705052084049318,0.00042869918180319494
000011111000,-0.03628906662002695,0.0013168963561527541
100011111000,-0.020689999335342355,0.00042807607249646705
010011111000,-0.020890452077185272,0.00043641098798917444
110011111000,-0.019412727484652503,0.00037685398839338273
001011111000,-0.022179582741702203,0.0004919338905960143
101011111000,-0.013412039897773929,0.0001798828142194797
011011111000,-0.02090338393411451,0.00043695145989699655
111011111000,-0.020756207257027804,0.00043082013969669366
000111111000,-0.03627068121282708,0.0013155623156425275
100111111000,-0.02096394166504571,0.0004394868501354394
010111111000,-0.02220307978710058,0.0004929767520323544
110111111000,-0.021018576819344235,0.0004417805715106748
001111111000,-0.03628906662009785,0.0013168963561579002
101111111000,-0.022307707483968642,0.0004976338131903106
011111111000,-0.03636598647540281,0.0013224849723291804
111111111000,-0.03660371260097591,0.0013398317761748428
000000000100,-0.040836217789185156,0.001667596683325762
100000000100,-0.023294047765621162,0.0005426126613070402
010000000100,-0.02309359502208722,0.0005333141310441716
110000000100,-0.02143948895050627,0.0004596516864588804
001000000100,-0.023042439850008284,0.0005309540342412497
101000000100,-0.013906452758742378,0.00019338942833113348
011000000100,-0.02118797062144748,0.00044893009905532145
111000000100,-0.021018576819366773,0.0004417805715116222
000100000100,-0.023031555561960092,0.0005304525516036548
100100000100,-0.013300264637425625,0.0001768970394255546
010100000100,-0.013775502129142483,0.0001897644589100091
110100000100,-0.013013268857472558,0.00016934516635686516
001100000100,-0.021125934006087792,0.00044630508762957653
101100000100,-0.012974764843347692,0.00016834452274017126
011100000100,-0.020756207257269215,0.0004308201397067152
111100000100,-0.02090338393447179,0.0004369514599119333
000010000100,-0.023042439850611145,0.0005309540342690325
100010000100,-0.013190848736563109,0.0001739984903908886
010010000100,-0.01319084873645872,0.00017399849038813464
110010000100,-0.012306301137216404,0.00015144504767985374
001010000100,-0.013750502238755775,0.00018907631181802758
101010000100,-0.00834419673204534,6.962561910307611e-5
011010000100,-0.012865365414719923,0.00016551762725427156
111010000100,-0.012828205418670482,0.00016456285426360675
000110000100,-0.021125934005411268,0.0004463050876009921
100110000100,-0.012260243580973117,0.00015031357266479252
010110000100,-0.012857339113139073,0.00016531116907025586
110110000100,-0.012222128135176785,0.00014938041615267995
001110000100,-0.02070505208430186,0.0004286991818136527
101110000100,-0.012782150164413726,0.00016338336282562186
011110000100,-0.020651865606093747,0.00042649955301215777
111110000100,-0.02089045207725518,0.0004364109879920952
000001000100,-0.023093595022373636,0.0005333141310574003
100001000100,-0.013190848736626615,0.000173998490392564
010001000100,-0.013106064199936901,0.0001717689188128677
110001000100,-0.012188875405980616,0.00014856868366251908
001001000100,-0.013190848736190556,0.00017399849038106003
101001000100,-0.007975827212316036,6.361381972072099e-5
011001000100,-0.012188875407532402,0.00014856868370034817
111001000100,-0.01211353114851238,0.00014673763688597964
000101000100,-0.01377550212937646,0.00018976445891645538
100101000100,-0.007970043770357597,6.352159770141594e-5
010101000100,-0.008284337710824893,6.863025130699542e-5
110101000100,-0.007844300376606361,6.15330483984267e-5
001101000100,-0.012857339112560632,0.00016531116905538142
101101000100,-0.007912990393644608,6.261541696991185e-5
011101000100,-0.012697365627038286,0.0001612230938666934
111101000100,-0.012811381453234698,0.00016413149474028602
000011000100,-0.021187970620969613,0.0004489300990350714
100011000100,-0.012150844153168746,0.0001476430136345951
010011000100,-0.012188875406865774,0.00014856868368409726
110011000100,-0.011397927125866663,0.00012991274276656707
001011000100,-0.012865365415373467,0.0001655176272710877
101011000100,-0.007825459811386328,6.123782125962255e-5
011011000100,-0.012112601396305451,0.00014671511258578074
111011000100,-0.012104407138034484,0.00014651667216330016
000111000100,-0.020756207257337882,0.00043082013970956575
100111000100,-0.012067844420378686,0.00014563286895446497
010111000100,-0.01269736562764979,0.00016122309388222236
110111000100,-0.012096860191309658,0.00014633402648809232
001111000100,-0.02065186560616189,0.00042649955301497235
101111000100,-0.012773350200184122,0.00016315847533654375
011111000100,-0.020689999333423057,0.0004280760724170465
111111000100,-0.02096394166597341,0.00043948685017433604
000000100100,-0.02329404776566197,0.0005426126613089414
100000100100,-0.013300264635997395,0.0001768970393875629
010000100100,-0.01319084873627901,0.00017399849038339358
110000100100,-0.012260243581879021,0.0001503135726870057
001000100100,-0.013190848736211023,0.00017399849038159996
101000100100,-0.00797004376979887,6.352159769250979e-5
011000100100,-0.012150844153670931,0.00014764301364679903
111000100100,-0.01206784442114576,0.00014563286897297884
000100100100,-0.013300264637314135,0.0001768970394225889
100100100100,-0.007689253961481972,5.9124626484166205e-5
010100100100,-0.007970043770273709,6.352159770007877e-5
110100100100,-0.0075390105969425115,5.683668078081149e-5
001100100100,-0.012260243581459893,0.00015031357267672848
101100100100,-0.007539010597514971,5.6836680789443044e-5
011100100100,-0.012067844420220597,0.0001456328689506494
111100100100,-0.012167852433173256,0.00014805663283548031
000010100100,-0.013906452759263211,0.00019338942834561937
100010100100,-0.007970043770341818,6.352159770116442e-5
010010100100,-0.007975827212611544,6.361381972543483e-5
110010100100,-0.007451411262088177,5.552352979677453e-5
001010100100,-0.008344196731657129,6.96256190965975e-5
101010100100,-0.0050704714964578835,2.570968119639185e-5
011010100100,-0.007825459810790338,6.123782125029475e-5
111010100100,-0.007813531668535824,6.105127713521222e-5
000110100100,-0.012974764842818978,0.00016834452272645138
100110100100,-0.007539010596909623,5.6836680780315594e-5
010110100100,-0.007912990394241537,6.261541697935883e-5
110110100100,-0.007532747562045597,5.6742285833503886e-5
001110100100,-0.012782150164557813,0.00016338336282930533
101110100100,-0.007901117081828187,6.242765114075718e-5
011110100100,-0.012773350200096019,0.00016315847533429303
111110100100,-0.012936802404885093,0.00016736085646304076
000001100100,-0.021439488950695536,0.00045965168646699587
100001100100,-0.012260243581964326,0.00015031357268909743
010001100100,-0.012188875405626711,0.0001485686836538917
110001100100,-0.011351871870893959,0.00012886499497319353
001001100100,-0.012306301136747784,0.00015144504766831978
101001100100,-0.007451411261285805,5.552352978481692e-5
011001100100,-0.011397927126725342,0.00012991274278614142
111001100100,-0.01134345898274385,0.00012867406169319218
000101100100,-0.013013268857790016,0.00016934516636512748
100101100100,-0.007539010597656571,5.683668079157808e-5
010101100100,-0.007844300376389203,6.15330483950198e-5
110101100100,-0.0074392137447139225,5.534190113954054e-5
001101100100,-0.012222128134997606,0.00014938041614830002
101101100100,-0.007532747561915347,5.674228583154161e-5
011101100100,-0.012096860190956562,0.00014633402647954962
111101100100,-0.012222128134677424,0.00014938041614047344
000011100100,-0.0210185768193466,0.00044178057151077427
100011100100,-0.01206784442115617,0.00014563286897323007
010011100100,-0.012113531148217173,0.00014673763687882764
110011100100,-0.011343458982159287,0.00012867406167993021
001011100100,-0.01282820541885803,0.00016456285426841855
101011100100,-0.007813531669008588,6.105127714260014e-5
011011100100,-0.012104407137850923,0.00014651667215885634
111011100100,-0.012112601396284561,0.0001467151125852747
000111100100,-0.02090338393414405,0.0004369514598982316
100111100100,-0.012167852432714411,0.00014805663282431398
010111100100,-0.012811381453901765,0.0001641314947573781
110111100100,-0.012222128135172837,0.00014938041615258343
001111100100,-0.02089045207748659,0.00043641098800176377
101111100100,-0.01293680240506132,0.00016736085646760037
011111100100,-0.020963941665855017,0.00043948685016937197
111111100100,-0.021266636364277315,0.0004522698222504022
000000010100,-0.02433511888596455,0.0005921980111940285
100000010100,-0.013906452759110966,0.00019338942834138499
010000010100,-0.013775502129003121,0.00018976445890616953
110000010100,-0.012814959093653622,0.00016422317657201568
001000010100,-0.013750502238764489,0.00018907631181826721
101000010100,-0.008314751012371065,6.913508439772563e-5
011000010100,-0.012659029348975021,0.00016025102405821092
111000010100,-0.012583547680156917,0.00015834567221878254
000100010100,-0.01377550212891331,0.00018976445890369516
100100010100,-0.007970043770096386,6.352159769725221e-5
010100010100,-0.008249102847112832,6.804769778224504e-5
110100010100,-0.007809067401830872,6.0981533686337566e-5
001100010100,-0.012659029349240757,0.00016025102406493882
101100010100,-0.007790158083184662,6.068656296100732e-5
011100010100,-0.012452597050368663,0.0001550671732988503
111100010100,-0.012566638201044415,0.0001579203956759488
000010010100,-0.01390645275899965,0.00019338942833828894
100010010100,-0.007975827212458235,6.361381972298929e-5
010010010100,-0.007970043770172556,6.352159769846637e-5
110010010100,-0.0074514112617856485,5.552352979226599e-5
001010010100,-0.00831475101199678,6.913508439150149e-5
101010010100,-0.005055843691356452,2.5561555431428835e-5
011010010100,-0.007790158083510456,6.06865629660833e-5
111010010100,-0.007784085949756676,6.059199407319929e-5
000110010100,-0.012814959093844605,0.00016422317657691055
100110010100,-0.007451411261898619,5.552352979394957e-5
010110010100,-0.007809067401452245,6.098153368042412e-5
110110010100,-0.007439213744698498,5.534190113931106e-5
001110010100,-0.012583547680169775,0.00015834567221910612
101110010100,-0.007784085949499447,6.059199406919471e-5
011110010100,-0.012566638201197204,0.0001579203956797889
111110010100,-0.012738199921592839,0.0001622617372424678
000001010100,-0.014580292735132366,0.00021258493624215364
100001010100,-0.008344196731496065,6.962561909390961e-5
010001010100,-0.008284337710603957,6.86302513033348e-5
110001010100,-0.007721468066642635,5.9621069104181955e-5
001001010100,-0.008344196731662187,6.962561909668192e-5
101001010100,-0.005055843691029807,2.5561555428125905e-5
011001010100,-0.007721468066624122,5.962106910389605e-5
111001010100,-0.007690552132718475,5.914459210606068e-5
000101010100,-0.008746241046423704,7.649673244214679e-5
100101010100,-0.005070471495711943,2.5709681188827307e-5
010101010100,-0.0052672394938918015,2.7743811886013556e-5
110101010100,-0.0049987079730588494,2.498708139992211e-5
001101010100,-0.008183047198363295,6.696226145064137e-5
101101010100,-0.005046905331215775,2.5471253422254214e-5
011101010100,-0.008092596447563327,6.549011726311457e-5
111101010100,-0.008183047198480937,6.696226145256671e-5
000011010100,-0.013618766623698434,0.00018547080435076245
100011010100,-0.007825459811391319,6.123782125970065e-5
010011010100,-0.007844300376802192,6.153304840149902e-5
110011010100,-0.007351628333371706,5.404643915203365e-5
001011010100,-0.008287038943549086,6.867501445189915e-5
101011010100,-0.005051336046387046,2.5515995853529115e-5
011011010100,-0.007813531669199878,6.105127714558943e-5
111011010100,-0.007825459811313076,6.123782125847608e-5
000111010100,-0.013412039897849141,0.0001798828142214972
100111010100,-0.00781353166924885,6.105127714635472e-5
010111010100,-0.00821541102126117,6.74929782482595e-5
110111010100,-0.007844300376631554,6.153304839882195e-5
001111010100,-0.013370445731131383,0.00017876881904912943
101111010100,-0.008287038943424644,6.867501444983663e-5
011111010100,-0.013412039897482672,0.000179882814211667
111111010100,-0.01361876662381728,0.00018547080435399953
000000110100,-0.02267862707113517,0.000514320125831625
100000110100,-0.012974764843068561,0.00016834452273292795
010000110100,-0.012857339112464328,0.00016531116905290502
110000110100,-0.01197735955865044,0.00014345714199719508
001000110100,-0.012865365415362609,0.00016551762727080833
101000110100,-0.0077901580833049985,6.0686562962882205e-5
011000110100,-0.011867943657406323,0.00014084808665537095
111000110100,-0.011813612925320773,0.000139561450349306
000100110100,-0.013013268857754026,0.0001693451663641908
100100110100,-0.007539010596759427,5.683668077805094e-5
010100110100,-0.007809067401351093,6.098153367884432e-5
110100110100,-0.007403978881068267,5.481890327130492e-5
001100110100,-0.012023894177022945,0.0001445740311802463
101100110100,-0.007409932988617757,5.49071068958057e-5
011100110100,-0.011852116939359277,0.00014047267594424713
111100110100,-0.011977359558355173,0.00014345714199012202
000010110100,-0.013778572373390726,0.00018984905664876615
100010110100,-0.007912990393952673,6.261541697478727e-5
010010110100,-0.007912990393462271,6.26154169670262e-5
110010110100,-0.007409932988273733,5.49071068907073e-5
001010110100,-0.008287038943554028,6.867501445198106e-5
101010110100,-0.005046905330603539,2.547125341607442e-5
011010110100,-0.0077840859497745815,6.059199407347805e-5
111010110100,-0.00779015808340163,6.068656296438776e-5
000110110100,-0.012936802405490076,0.00016736085647869384
100110110100,-0.00753274756182013,5.6742285830107114e-5
010110110100,-0.00790111708099764,6.242765112763266e-5
110110110100,-0.007539010596939529,5.683668078076651e-5
001110110100,-0.01277335020002385,0.00016315847533244932
101110110100,-0.007912990394123761,6.261541697749493e-5
011110110100,-0.012782150164524832,0.0001633833628284622
111110110100,-0.012974764843084758,0.00016834452273334827
000001110100,-0.022307707483610686,0.0004976338131743403
100001110100,-0.012782150164597212,0.00016338336283031252
010001110100,-0.012697365627150858,0.0001612230938695521
110001110100,-0.01185211693894002,0.00014047267593430898
001001110100,-0.012828205418878852,0.00016456285426895276
101001110100,-0.007784085949784433,6.059199407363142e-5
011001110100,-0.01189817449506979,0.00014156655631512925
111001110100,-0.011867943657597184,0.00014084808665990124
000101110100,-0.013610273855110593,0.00018523955441110697
100101110100,-0.007901117080977136,6.242765112730865e-5
010101110100,-0.008215411021004362,6.749297824403993e-5
110101110100,-0.007809067401851796,6.098153368666436e-5
001101110100,-0.01281138145350779,0.0001641314947472834
101101110100,-0.00791299039347369,6.261541696720689e-5
011101110100,-0.012697365627122469,0.0001612230938688312
111101110100,-0.012857339112300274,0.00016531116904868642
000011110100,-0.02220307978650596,0.0004929767520059497
100011110100,-0.012773350200205874,0.00016315847533709946
010011110100,-0.012811381453561808,0.00016413149474866747
110011110100,-0.012023894177243737,0.00014457403118555586
001011110100,-0.01357667837404816,0.00018432619567234702
101011110100,-0.008287038943485042,6.867501445083768e-5
011011110100,-0.012828205418871579,0.00016456285426876615
111011110100,-0.012865365415189558,0.00016551762726635562
000111110100,-0.022179582741720296,0.0004919338905968168
100111110100,-0.012936802405490758,0.0001673608564787115
010111110100,-0.013610273855121363,0.00018523955441140014
110111110100,-0.013013268857465926,0.00016934516635669255
001111110100,-0.022203079786625193,0.0004929767520112443
101111110100,-0.01377857237319781,0.00018984905664344996
011111110100,-0.0223077074835876,0.0004976338131733103
111111110100,-0.02267862707132014,0.0005143201258400148
000000001100,-0.03740271790403501,0.0013989633066088213
100000001100,-0.021439488950465168,0.000459651686457118
010000001100,-0.021187970621723225,0.0004489300990670064
110000001100,-0.019777052956919883,0.0003911318236608135
001000001100,-0.021125934006083834,0.00044630508762940924
101000001100,-0.012814959093686936,0.00016422317657286952
011000001100,-0.019463528222928232,0.00037882893088472385
111000001100,-0.01941272748463836,0.0003768539883928335
000100001100,-0.02112593400583709,0.0004463050876189839
100100001100,-0.012260243581515626,0.00015031357267809509
010100001100,-0.012659029350306373,0.00016025102409191817
110100001100,-0.012023894177195136,0.0001445740311843871
001100001100,-0.0194014887612557,0.0003764177661531312
101100001100,-0.011977359558601044,0.00014345714199601178
011100001100,-0.019099172539495234,0.00036477839169340884
111100001100,-0.0193389518508601,0.0003739950586898854
000010001100,-0.021187970621285898,0.00044893009904847423
100010001100,-0.012188875405962123,0.0001485686836620683
010010001100,-0.012150844153217953,0.0001476430136357909
110010001100,-0.011397927126251905,0.000129912742775349
001010001100,-0.012659029349226768,0.00016025102406458464
101010001100,-0.0077214680672453625,5.962106911348983e-5
011010001100,-0.011867943657408618,0.00014084808665542543
111010001100,-0.011898174494343074,0.0001415665562978361
000110001100,-0.019463528222474998,0.00037882893086708074
100110001100,-0.011351871871664468,0.00012886499499068695
010110001100,-0.011867943657377145,0.0001408480866546784
110110001100,-0.011343458982175307,0.00012867406168029367
001110001100,-0.01909917254069899,0.00036477839173939034
101110001100,-0.011852116938674703,0.00014047267592801982
011110001100,-0.019087343934789665,0.00036432669848495184
111110001100,-0.01941272748504458,0.00037685398840860525
000001001100,-0.021439488951647073,0.00045965168650779684
100001001100,-0.01230630113722513,0.0001514450476800685
010001001100,-0.01218887540522691,0.00014856868364414544
110001001100,-0.01139792712585329,0.00012991274276626225
001001001100,-0.012260243581469028,0.00015031357267695247
101001001100,-0.007451411261680821,5.552352979070376e-5
011001001100,-0.011351871870479334,0.00012886499496378
111001001100,-0.011343458982683899,0.00012867406169183204
000101001100,-0.012814959093928017,0.0001642231765790484
100101001100,-0.007451411261680934,5.552352979070544e-5
010101001100,-0.0077214680661511085,5.962106909659134e-5
110101001100,-0.007351628333396249,5.4046439152394514e-5
001101001100,-0.011977359558400475,0.00014345714199120722
101101001100,-0.007409932988138484,5.4907106888702934e-5
011101001100,-0.011852116938728131,0.00014047267592928628
111101001100,-0.012023894177668273,0.00014457403119576498
000011001100,-0.019777052957435436,0.0003911318236812057
100011001100,-0.011397927125552989,0.0001299127427594166
010011001100,-0.011397927124956617,0.0001299127427458218
110011001100,-0.010716895939397073,0.00011485185857586545
001011001100,-0.012023894177019347,0.0001445740311801598
101011001100,-0.007351628333501149,5.404643915393689e-5
011011001100,-0.011343458982502688,0.00012867406168772094
111011001100,-0.011397927125871914,0.0001299127427666868
000111001100,-0.01941272748425169,0.0003768539883778209
100111001100,-0.01134345898262564,0.00012867406169051032
010111001100,-0.01189817449460698,0.00014156655630411606
110111001100,-0.011397927125906041,0.00012991274276746473
001111001100,-0.01933895184999721,0.0003739950586565106
101111001100,-0.012023894177611315,0.00014457403119439528
011111001100,-0.01941272748652637,0.00037685398846613643
111111001100,-0.019777052956553052,0.0003911318236463038
000000101100,-0.02267862707097254,0.0005143201258242487
100000101100,-0.013013268858744029,0.00016934516638995712
010000101100,-0.012865365415237464,0.00016551762726758828
110000101100,-0.012023894176803218,0.00014457403117496234
001000101100,-0.012857339112559157,0.0001653111690553435
101000101100,-0.007809067401521597,6.098153368150726e-5
011000101100,-0.011867943657471496,0.00014084808665691792
111000101100,-0.011852116938812692,0.00014047267593129075
000100101100,-0.01297476484366018,0.0001683445227482802
100100101100,-0.007539010596820173,5.683668077896686e-5
010100101100,-0.007790158082765261,6.068656295447293e-5
110100101100,-0.00740993298829079,5.490710689096008e-5
001100101100,-0.011977359558408,0.0001434571419913875
101100101100,-0.007403978880378635,5.481890326109287e-5
011100101100,-0.011813612925350046,0.00013956145034999768
111100101100,-0.011977359558717681,0.00014345714199880583
000010101100,-0.013618766624010186,0.00018547080435925382
100010101100,-0.007844300376768943,6.153304840097738e-5
010010101100,-0.007825459811401005,6.123782125985226e-5
110010101100,-0.007351628332778496,5.404643914331154e-5
001010101100,-0.0081830471983661,6.696226145068727e-5
101010101100,-0.004998707972504751,2.4987081394382557e-5
011010101100,-0.007690552132481237,5.91445921024117e-5
111010101100,-0.00772146806705124,5.962106911049201e-5
000110101100,-0.012738199921414133,0.00016226173723791503
100110101100,-0.0074392137438157166,5.534190112617665e-5
010110101100,-0.007784085949852264,6.0591994074687424e-5
110110101100,-0.007451411262060066,5.552352979635559e-5
001110101100,-0.012566638201089957,0.00015792039567709342
101110101100,-0.00780906740112743,6.0981533675351115e-5
011110101100,-0.012583547680389004,0.0001583456722246235
111110101100,-0.012814959094448911,0.00016422317659239887
000001101100,-0.02126663636357673,0.000452269822220604
100001101100,-0.01222212813426757,0.00014938041613045484
010001101100,-0.012112601396343974,0.00014671511258671397
110001101100,-0.011343458982821126,0.0001286740616949453
001001101100,-0.012222128135008595,0.00014938041614856866
101001101100,-0.007439213744613012,5.534190113803915e-5
011001101100,-0.011343458982834136,0.00012867406169524048
111001101100,-0.011351871871655088,0.000128864994990474
000101101100,-0.012936802405814109,0.00016736085648707774
100101101100,-0.007532747561860617,5.674228583071708e-5
010101101100,-0.007813531669235527,6.105127714614652e-5
110101101100,-0.007451411261781527,5.552352979220457e-5
001101101100,-0.01216785243334222,0.00014805663283959215
101101101100,-0.007539010597012164,5.683668078186171e-5
011101101100,-0.012067844420676618,0.00014563286896165575
111101101100,-0.012260243581440488,0.00015031357267625267
000011101100,-0.020963941665601053,0.00043948685015872386
100011101100,-0.012096860191167357,0.00014633402648464954
010011101100,-0.012104407138384371,0.0001465166721717705
110011101100,-0.011397927126237283,0.0001299127427750157
001011101100,-0.012811381453512013,0.00016413149474739158
101011101100,-0.007844300376915955,6.15330484032838e-5
011011101100,-0.012113531148356622,0.0001467376368822061
111011101100,-0.01218887540606739,0.00014856868366463447
000111101100,-0.020890452077121133,0.0004364109879864946
100111101100,-0.012222128135358912,0.0001493804161571319
010111101100,-0.012828205419203582,0.00016456285427728415
110111101100,-0.012306301137214285,0.0001514450476798016
001111101100,-0.020903383934747704,0.0004369514599234684
101111101100,-0.013013268858110745,0.00016934516637347497
011111101100,-0.02101857681874741,0.000441780571485586
111111101100,-0.021439488949946014,0.00045965168643485714
000000011100,-0.036603712601094684,0.001339831776183538
100000011100,-0.021018576819112587,0.000441780571500937
010000011100,-0.02075620725720707,0.0004308201397041354
110000011100,-0.01941272748484906,0.0003768539884010142
001000011100,-0.02070505208429268,0.00042869918181327255
101000011100,-0.012583547680452481,0.000158345672226221
011000011100,-0.01909917254014388,0.000364778391718186
111000011100,-0.01908734393541151,0.0003643266985086905
000100011100,-0.020756207256709434,0.0004308201396834773
100100011100,-0.012067844420360479,0.00014563286895402552
010100011100,-0.012452597051225046,0.0001550671733201787
110100011100,-0.01185211693889122,0.00014047267593315216
001100011100,-0.019099172540713017,0.00036477839173992615
101100011100,-0.011813612925095642,0.0001395614503439868
011100011100,-0.0188248517318658,0.0003543750427267308
111100011100,-0.019099172540608618,0.00036477839173593824
000010011100,-0.021018576818953708,0.00044178057149425813
100010011100,-0.012113531147692872,0.00014673763686612538
010010011100,-0.012067844420488727,0.00014563286895712086
110010011100,-0.011343458982841503,0.0001286740616954076
001010011100,-0.012583547680174384,0.00015834567221922213
101010011100,-0.007690552133076033,5.914459211156031e-5
011010011100,-0.011813612925743561,0.00013956145035929534
111010011100,-0.011867943657709856,0.00014084808666257558
000110011100,-0.019412727485255722,0.00037685398841680296
100110011100,-0.01134345898340191,0.0001286740617081215
010110011100,-0.011852116938279766,0.00014047267591865814
110110011100,-0.011351871870896748,0.00012886499497325685
001110011100,-0.01908734393531143,0.00036432669850487
101110011100,-0.011867943657288773,0.0001408480866525808
011110011100,-0.019099172540544777,0.00036477839173349965
111110011100,-0.01946352822205867,0.0003788289308508744
000001011100,-0.022307707483808024,0.0004976338131831446
100001011100,-0.012828205418979763,0.00016456285427154176
010001011100,-0.012697365627195353,0.00016122309387068206
110001011100,-0.011898174495046453,0.00014156655631457392
001001011100,-0.01278215016457145,0.00016338336282965395
101001011100,-0.007784085950126637,6.05919940789589e-5
011001011100,-0.011852116938524141,0.00014047267592445087
111001011100,-0.011867943657362904,0.0001408480866543404
000101011100,-0.013412039897276072,0.00017988281420612515
100101011100,-0.0078135316687364,6.105127713834664e-5
010101011100,-0.008092596447848138,6.549011726772428e-5
110101011100,-0.007721468066640726,5.962106910415248e-5
001101011100,-0.012566638201079844,0.00015792039567683923
101101011100,-0.007790158083584077,6.068656296723034e-5
011101011100,-0.012452597050792429,0.0001550671733094043
111101011100,-0.012659029348917,0.00016025102405674193
000011011100,-0.020963941665572933,0.00043948685015754484
100011011100,-0.01210440713808379,0.0001465166721644938
010011011100,-0.012096860191429798,0.00014633402649099895
110011011100,-0.011397927125802145,0.00012991274276509635
001011011100,-0.012773350200018642,0.00016315847533231629
101011011100,-0.007825459811693549,6.123782126443083e-5
011011011100,-0.012067844420933551,0.000145632868967857
111011011100,-0.012150844152997895,0.0001476430136304431
000111011100,-0.020689999335266055,0.00042807607249330975
100111011100,-0.01211260139680383,0.00014671511259785406
010111011100,-0.01269736562690886,0.00016122309386340666
110111011100,-0.012188875406039221,0.00014856868366394776
001111011100,-0.020651865605348586,0.00042649955298137987
101111011100,-0.012865365414566985,0.00016551762725033634
011111011100,-0.020756207257096617,0.0004308201396995502
111111011100,-0.021187970621457643,0.0004489300990557521
000000111100,-0.036365986474989745,0.0013224849722991371
100000111100,-0.020903383934621406,0.00043695145991818826
010000111100,-0.020651865606474785,0.0004264995530278961
110000111100,-0.019338951850763206,0.00037399505868613767
001000111100,-0.020651865606128382,0.00042649955301358837
101000111100,-0.012566638201407476,0.00015792039568507372
011000111100,-0.019087343934583677,0.00036432669847708834
111000111100,-0.01909917254018572,0.0003647783917197843
000100111100,-0.02090338393542803,0.00043695145995191064
100100111100,-0.0121678524333495,0.00014805663283976934
010100111100,-0.012566638199150161,0.00015792039562834
110100111100,-0.011977359558745878,0.00014345714199948126
001100111100,-0.019338951850001725,0.00037399505865668515
101100111100,-0.01197735955841124,0.00014345714199146513
011100111100,-0.01909917254154714,0.0003647783917717883
111100111100,-0.019401488760580902,0.0003764177661269471
000010111100,-0.02220307978615985,0.0004929767519905802
100010111100,-0.012811381454070889,0.00016413149476171153
010010111100,-0.012773350200126779,0.00016315847533507883
110010111100,-0.012023894176801175,0.0001445740311749132
001010111100,-0.013370445731138473,0.000178768819049319
101010111100,-0.008183047196862105,6.696226142607275e-5
011010111100,-0.012583547680664414,0.00015834567223155474
111010111100,-0.01265902934990669,0.00016025102408179893
000110111100,-0.020890452077497915,0.0004364109880022369
100110111100,-0.012222128134722763,0.0001493804161415817
010110111100,-0.01278215016435104,0.00016338336282401935
110110111100,-0.012260243581844476,0.00015031357268615865
001110111100,-0.020651865605357013,0.00042649955298172795
101110111100,-0.012857339112880829,0.00016531116906361518
011110111100,-0.020705052084015563,0.0004286991818017972
111110111100,-0.02112593400590754,0.00044630508762196055
000001111100,-0.036289066619700286,0.0013168963561290456
100001111100,-0.02089045207722443,0.0004364109879908104
010001111100,-0.0206899993353536,0.00042807607249693234
110001111100,-0.0194127274848383,0.00037685398840059636
001001111100,-0.020890452077493685,0.0004364109880020602
101001111100,-0.012738199921855873,0.000162261737249169
011001111100,-0.019412727484044382,0.00037685398836977217
111001111100,-0.01946352822176171,0.0003788289308393146
000101111100,-0.022179582741500226,0.0004919338905870547
100101111100,-0.01293680240529628,0.00016736085647367963
010101111100,-0.013412039897964925,0.000179882814224603
110101111100,-0.012814959093637173,0.0001642231765715941
001101111100,-0.020903383934736876,0.00043695145992301567
101101111100,-0.012974764843263212,0.00016834452273797908
011101111100,-0.020756207257353027,0.0004308201397101944
111101111100,-0.021125934006495393,0.00044630508764679843
000011111100,-0.036270681213289455,0.0013155623156760688
100011111100,-0.02096394166554751,0.00043948685015647885
010011111100,-0.020963941665686242,0.0004394868501622956
110011111100,-0.019777052956941876,0.00039113182366168337
001011111100,-0.022203079786635844,0.0004929767520117172
101011111100,-0.013618766623649935,0.00018547080434944143
011011111100,-0.021018576819224123,0.0004417805715056256
111011111100,-0.021187970621386987,0.000448930099052758
000111111100,-0.03628906662009481,0.0013168963561576794
100111111100,-0.0212666363638824,0.0004522698222336051
010111111100,-0.022307707483207335,0.0004976338131563446
110111111100,-0.02143948895048154,0.00045965168645782
001111111100,-0.03636598647513099,0.0013224849723094104
101111111100,-0.022678627071274545,0.0005143201258379467
011111111100,-0.036603712601212444,0.0013398317761921588
111111111100,-0.037402717904616,0.0013989633066522826
000000000010,-0.04083621778996413,0.0016675966833893828
100000000010,-0.02433511888568636,0.0005921980111804889
010000000010,-0.023294047762787175,0.0005426126611750102
110000000010,-0.022678627071351022,0.0005143201258414155
001000000010,-0.023093595022154984,0.0005333141310473015
101000000010,-0.01458029273480886,0.00021258493623272
011000000010,-0.02143948895164846,0.00045965168650785636
111000000010,-0.022307707483953245,0.0004976338131896236
000100000010,-0.02304243984952126,0.0005309540342188053
100100000010,-0.0139064527593961,0.00019338942834931538
010100000010,-0.013906452761082135,0.00019338942839620892
110100000010,-0.013778572373103096,0.0001898490566408399
001100000010,-0.02118797062171982,0.000448930099066862
101100000010,-0.01361876662388647,0.00018547080435588406
011100000010,-0.021018576818115836,0.0004417805714590364
111100000010,-0.022203079786328035,0.0004929767519980486
000010000010,-0.02303155556202227,0.000530452551606519
100010000010,-0.013775502128609078,0.00018976445889531325
010010000010,-0.013300264637351332,0.00017689703942357836
110010000010,-0.013013268858093707,0.0001693451663730315
001010000010,-0.013775502128999596,0.0001897644589060724
101010000010,-0.008746241048493258,7.649673247834844e-5
011010000010,-0.013013268856984898,0.00016934516634417305
111010000010,-0.013610273853811918,0.0001852395543757563
000110000010,-0.021125934005318873,0.00044630508759708825
100110000010,-0.012814959093972294,0.00016422317658018322
010110000010,-0.012974764843987558,0.00016834452275677552
110110000010,-0.012936802405099855,0.00016736085646859743
001110000010,-0.020756207257209624,0.0004308201397042414
101110000010,-0.013412039896810772,0.0001798828141936439
011110000010,-0.020903383935602704,0.00043695145995921317
111110000010,-0.02217958274240487,0.0004919338906271839
000001000010,-0.023042439849130677,0.0005309540342008053
100001000010,-0.013750502239353778,0.00018907631183447327
010001000010,-0.013190848737612853,0.0001739984904185826
110001000010,-0.012865365414515276,0.00016551762724900584
001001000010,-0.013190848736244888,0.00017399849038249337
101001000010,-0.008344196731048352,6.9625619086438e-5
011001000010,-0.012306301138714684,0.00015144504771673033
111001000010,-0.012828205419211572,0.00016456285427748915
000101000010,-0.013750502239144143,0.0001890763118287081
100101000010,-0.008314751012495757,6.91350843997992e-5
010101000010,-0.008344196731773532,6.962561909854009e-5
110101000010,-0.008287038943413936,6.867501444965915e-5
001101000010,-0.012865365415282187,0.00016551762726873902
101101000010,-0.008287038943283743,6.867501444750133e-5
011101000010,-0.01282820541888522,0.00016456285426911615
111101000010,-0.013576678374276348,0.00018432619567854307
000011000010,-0.021125934006049278,0.0004463050876279492
100011000010,-0.01265902934900247,0.00016025102405890586
010011000010,-0.012260243582184303,0.00015031357269449137
110011000010,-0.01202389417753762,0.0001445740311926231
001011000010,-0.012857339112451122,0.00016531116905256542
101011000010,-0.008183047198509845,6.69622614530398e-5
011011000010,-0.01222212813494418,0.00014938041614699407
111011000010,-0.012811381453248758,0.00016413149474064627
000111000010,-0.020705052084408537,0.00042869918181807025
100111000010,-0.01258354767993932,0.00015834567221330626
010111000010,-0.012782150164996854,0.0001633833628405291
110111000010,-0.012773350200184276,0.0001631584753365477
001111000010,-0.02065186560645869,0.0004264995530272313
101111000010,-0.013370445731231594,0.00017876881905180917
011111000010,-0.0208904520752671,0.00043641098790903136
111111000010,-0.022203079786557996,0.0004929767520082604
000000100010,-0.023093595022759966,0.0005333141310752439
100000100010,-0.013775502127773747,0.00018976445887229903
010000100010,-0.01319084873764679,0.00017399849041947795
110000100010,-0.012857339112840878,0.00016531116906258787
001000100010,-0.013106064199891533,0.0001717689188116785
101000100010,-0.008284337710376595,6.863025129956773e-5
011000100010,-0.012188875405812585,0.0001485686836584229
111000100010,-0.012697365627813893,0.0001612230938863897
000100100010,-0.013190848737821583,0.00017399849042408927
100100100010,-0.007970043770114165,6.35215976975356e-5
010100100010,-0.007975827210432732,6.361381969067917e-5
110100100010,-0.007912990394231031,6.261541697919257e-5
001100100010,-0.012188875405274587,0.0001485686836453077
101100100010,-0.007844300377592922,6.153304841390447e-5
011100100010,-0.012113531149234365,0.0001467376369034712
111100100010,-0.012811381452747251,0.00016413149472779628
000010100010,-0.013775502129605008,0.0001897644589227521
100010100010,-0.008249102848229658,6.804769780067065e-5
010010100010,-0.0079700437698028,6.352159769257241e-5
110010100010,-0.007809067401179895,6.098153367617052e-5
001010100010,-0.00828433771059152,6.863025130312875e-5
101010100010,-0.0052672394923068055,2.774381186931645e-5
011010100010,-0.007844300376079553,6.153304839016181e-5
111010100010,-0.008215411021635097,6.749297825440342e-5
000110100010,-0.012857339111741415,0.00016531116903431553
100110100010,-0.0078090674009782274,6.0981533673020846e-5
010110100010,-0.007912990394494786,6.261541698336675e-5
110110100010,-0.007901117081724198,6.24276511391139e-5
001110100010,-0.012697365627195345,0.00016122309387068184
101110100010,-0.00821541102359426,6.749297828659409e-5
011110100010,-0.012811381453308648,0.00016413149474218082
111110100010,-0.013610273853561276,0.00018523955436893373
000001100010,-0.021187970621530387,0.0004489300990588347
100001100010,-0.012659029349465578,0.00016025102407063086
010001100010,-0.01215084415212681,0.00014764301360927428
110001100010,-0.011867943657332363,0.00014084808665361547
001001100010,-0.012188875405694933,0.0001485686836555548
101001100010,-0.007721468066241255,5.962106909798346e-5
011001100010,-0.011397927126793913,0.00012991274278770454
111001100010,-0.011898174495023742,0.00014156655631403347
000101100010,-0.012865365415437598,0.00016551762727273786
100101100010,-0.007790158084466968,6.068656298098606e-5
010101100010,-0.007825459811320105,6.123782125858609e-5
110101100010,-0.007784085949521964,6.0591994069545256e-5
001101100010,-0.012112601396280903,0.00014671511258518605
101101100010,-0.007813531669141985,6.105127714468473e-5
011101100010,-0.012104407137831449,0.0001465166721583849
111101100010,-0.012828205418511495,0.0001645628542595277
000011100010,-0.020756207257351587,0.00043082013971013463
100011100010,-0.012452597051152514,0.00015506717331837227
010011100010,-0.012067844420565988,0.0001456328689589856
110011100010,-0.011852116938689162,0.00014047267592836256
001011100010,-0.01269736562714589,0.00016122309386942593
101011100010,-0.00809259644745696,6.549011726139299e-5
011011100010,-0.012096860190945366,0.00014633402647927876
111011100010,-0.012697365626840965,0.00016122309386168245
000111100010,-0.02065186560488815,0.0004264995529623621
100111100010,-0.01256663820014782,0.00015792039565341444
010111100010,-0.012773350200628171,0.00016315847534788776
110111100010,-0.012782150164399961,0.00016338336282526998
001111100010,-0.020689999335323898,0.0004280760724957033
101111100010,-0.013412039896809586,0.00017988281419361208
011111100010,-0.020963941665841496,0.0004394868501688051
111111100010,-0.022307707484647794,0.0004976338132206112
000000010010,-0.02329404776547168,0.0005426126613000762
100000010010,-0.013906452759273234,0.00019338942834589814
010000010010,-0.013300264637295585,0.00017689703942209547
110000010010,-0.012974764843264406,0.00016834452273801004
001000010010,-0.013190848736453094,0.0001739984903879862
101000010010,-0.008344196731442792,6.962561909302057e-5
011000010010,-0.012260243581541697,0.00015031357267873436
111000010010,-0.012782150164397403,0.00016338336282520455
000100010010,-0.013190848736415597,0.00017399849038699696
100100010010,-0.007975827212600468,6.361381972525816e-5
010100010010,-0.00797004377037229,6.352159770165015e-5
110100010010,-0.007912990393465262,6.261541696707352e-5
001100010010,-0.0121508441532,0.00014764301363535463
101100010010,-0.007825459811380239,6.123782125952725e-5
011100010010,-0.012067844420306197,0.0001456328689527154
111100010010,-0.012773350200269193,0.00016315847533871704
000010010010,-0.013300264637329952,0.00017689703942300964
100010010010,-0.007970043769801923,6.352159769255845e-5
010010010010,-0.007689253961059336,5.91246264776667e-5
110010010010,-0.007539010597016468,5.68366807819266e-5
001010010010,-0.007970043770163427,6.352159769832087e-5
101010010010,-0.0050704714959224845,2.57096811909624e-5
011010010010,-0.0075390105967528915,5.683668077795239e-5
111010010010,-0.007901117080781967,6.242765112422456e-5
000110010010,-0.012260243581471417,0.00015031357267701105
100110010010,-0.007451411261802851,5.5523529792522356e-5
010110010010,-0.007539010596731387,5.683668077762815e-5
110110010010,-0.007532747561917065,5.6742285831567494e-5
001110010010,-0.012067844420473896,0.00014563286895676294
101110010010,-0.00781353166913328,6.10512771445487e-5
011110010010,-0.012167852433654683,0.00014805663284719618
111110010010,-0.012936802405660437,0.00016736085648310167
000001010010,-0.013906452759231138,0.0001933894283447273
100001010010,-0.008314751011981864,6.913508439125342e-5
010001010010,-0.007970043769851193,6.352159769334381e-5
110001010010,-0.007790158083587409,6.068656296728225e-5
001001010010,-0.007975827212606715,6.36138197253578e-5
101001010010,-0.005055843691055466,2.556155542838536e-5
011001010010,-0.007451411261715058,5.5523529791214e-5
111001010010,-0.0077840859498196375,6.059199407417949e-5
000101010010,-0.00834419673149465,6.962561909388599e-5
100101010010,-0.005055843691043836,2.556155542826776e-5
010101010010,-0.005070471495738643,2.570968118909807e-5
110101010010,-0.005046905331214208,2.5471253422238395e-5
001101010010,-0.007825459811414186,6.123782126005854e-5
101101010010,-0.005051336046629137,2.551599585597488e-5
011101010010,-0.007813531669269465,6.105127714667687e-5
111101010010,-0.008287038943180116,6.86750144457838e-5
000011010010,-0.012974764843364541,0.0001683445227406085
100011010010,-0.007790158083492762,6.0686562965807626e-5
010011010010,-0.007539010596881021,5.683668077988433e-5
110011010010,-0.00740993298813382,5.490710688863381e-5
001011010010,-0.00791299039347655,6.261541696725217e-5
101011010010,-0.005046905331194284,2.5471253422037282e-5
011011010010,-0.007532747561990022,5.674228583266662e-5
111011010010,-0.007912990393630684,6.261541696969148e-5
000111010010,-0.012782150164389276,0.0001633833628249968
100111010010,-0.007784085949796958,6.0591994073826405e-5
010111010010,-0.007901117080855445,6.242765112538567e-5
110111010010,-0.007912990393644685,6.261541696991306e-5
001111010010,-0.01277335020016682,0.00016315847533610175
101111010010,-0.008287038943293062,6.867501444765577e-5
011111010010,-0.012936802405650757,0.00016736085648285122
111111010010,-0.013778572373403054,0.0001898490566491059
000000110010,-0.021439488950286648,0.0004596516864494632
100000110010,-0.012814959093611968,0.0001642231765709481
010000110010,-0.012260243582166158,0.00015031357269404644
110000110010,-0.01197735955836557,0.0001434571419903711
001000110010,-0.012188875406822614,0.00014856868368304512
101000110010,-0.007721468066753127,5.962106910588827e-5
011000110010,-0.011351871870447821,0.00012886499496306454
111000110010,-0.011852116939151527,0.00014047267593932255
000100110010,-0.012306301138107364,0.0001514450477017826
100100110010,-0.007451411261751153,5.552352979175191e-5
010100110010,-0.007451411259745727,5.552352976186541e-5
110100110010,-0.007409932988688873,5.4907106896859624e-5
001100110010,-0.011397927124986605,0.0001299127427465054
101100110010,-0.0073516283331844495,5.404643914928037e-5
011100110010,-0.01134345898367132,0.0001286740617142336
111100110010,-0.012023894177360769,0.0001445740311883702
000010110010,-0.013013268857186644,0.00016934516634942382
100010110010,-0.007809067402657636,6.0981533699250075e-5
010010110010,-0.007539010596837026,5.683668077922097e-5
110010110010,-0.007403978880408714,5.481890326153828e-5
001010110010,-0.007844300376802492,6.153304840150372e-5
101010110010,-0.00499870797170083,2.4987081386345423e-5
011010110010,-0.007439213744822606,5.5341901141157575e-5
111010110010,-0.007809067402421014,6.098153369555449e-5
000110110010,-0.01222212813487567,0.0001493804161453194
100110110010,-0.0074392137440014135,5.534190112893953e-5
010110110010,-0.007532747562344321,5.674228583800431e-5
110110110010,-0.007539010597440305,5.683668078831723e-5
001110110010,-0.012096860191438952,0.00014633402649122043
101110110010,-0.007844300377528758,6.153304841289782e-5
011110110010,-0.012222128134966488,0.0001493804161475394
111110110010,-0.013013268856892656,0.0001693451663417723
000001110010,-0.02101857681893654,0.0004417805714935365
100001110010,-0.012583547680355908,0.00015834567222379052
010001110010,-0.012067844420616545,0.00014563286896020585
110001110010,-0.011813612925104078,0.00013956145034418614
001001110010,-0.012113531148256158,0.00014673763687977212
101001110010,-0.007690552132510243,5.914459210285785e-5
011001110010,-0.011343458982853893,0.0001286740616956887
111001110010,-0.011867943657701243,0.00014084808666237116
000101110010,-0.012828205419058316,0.00016456285427355715
100101110010,-0.0077840859498407525,6.059199407450821e-5
010101110010,-0.00781353166936631,6.105127714819026e-5
110101110010,-0.00779015808319173,6.068656296111744e-5
001101110010,-0.012104407138344627,0.00014651667217080834
101101110010,-0.007825459811383986,6.123782125958589e-5
011101110010,-0.012112601396124112,0.00014671511258138777
111101110010,-0.012865365415135437,0.00016551762726496302
000011110010,-0.020903383934675335,0.00043695145992044286
100011110010,-0.012566638200955242,0.0001579203956737076
010011110010,-0.012167852433445465,0.0001480566328421047
110011110010,-0.011977359558607407,0.00014345714199616422
001011110010,-0.012811381453560448,0.00016413149474863264
101011110010,-0.008183047198430504,6.69622614517413e-5
011011110010,-0.012222128134954206,0.00014938041614723916
111011110010,-0.012857339112296612,0.00016531116904859225
000111110010,-0.020890452077188103,0.00043641098798929273
100111110010,-0.01273819992142295,0.00016226173723813967
010111110010,-0.012936802405773062,0.0001673608564860157
110111110010,-0.012974764843355654,0.00016834452274037788
001111110010,-0.020963941665686228,0.00043948685016229506
101111110010,-0.013618766623916149,0.00018547080435669247
011111110010,-0.021266636363558085,0.00045226982221981094
111111110010,-0.022678627071220214,0.0005143201258354824
000000001010,-0.02433511888389659,0.0005921980110933804
100000001010,-0.014580292735134764,0.00021258493624222354
010000001010,-0.013906452761029654,0.00019338942839474928
110000001010,-0.01361876662359683,0.000185470804347995
001000001010,-0.013775502129147422,0.00018976445891014516
101000001010,-0.008746241046494803,7.649673244339049e-5
011000001010,-0.012814959095056441,0.0001642231766079698
111000001010,-0.01341203989773346,0.00017988281421839415
000100001010,-0.0137505022386161,0.00018907631181418639
100100001010,-0.008344196731757061,6.962561909826522e-5
010100001010,-0.008314751013126549,6.913508441028896e-5
110100001010,-0.00828703894344418,6.867501445016043e-5
001100001010,-0.012659029350245554,0.00016025102409037833
101100001010,-0.00818304719842217,6.696226145160491e-5
011100001010,-0.012583547679063865,0.00015834567219127357
111100001010,-0.013370445731042114,0.0001787688190467423
000010001010,-0.01377550212967123,0.00018976445892457663
100010001010,-0.008284337710266512,6.863025129774378e-5
010010001010,-0.00797004377037233,6.352159770165078e-5
110010001010,-0.00784430037691547,6.153304840327617e-5
001010001010,-0.008249102847085835,6.804769778179962e-5
101010001010,-0.0052672394942968066,2.7743811890280075e-5
011010001010,-0.007809067400902209,6.098153367183358e-5
111010001010,-0.008215411020991374,6.749297824382653e-5
000110001010,-0.012659029349692057,0.00016025102407636488
100110001010,-0.007721468066794059,5.962106910652039e-5
010110001010,-0.007790158083007034,6.068656295823982e-5
110110001010,-0.007813531669029903,6.105127714293322e-5
001110001010,-0.01245259705116194,0.00015506717331860705
101110001010,-0.008092596447484338,6.549011726183612e-5
011110001010,-0.012566638199302756,0.00015792039563217522
111110001010,-0.01341203989788651,0.0001798828142224996
000001001010,-0.013906452761293252,0.0001933894284020807
100001001010,-0.008344196731396155,6.962561909224227e-5
010001001010,-0.007975827210396075,6.361381969009443e-5
110001001010,-0.007825459811777605,6.123782126574639e-5
001001001010,-0.00797004377023234,6.352159769941933e-5
101001001010,-0.00507047149570214,2.5709681188727896e-5
011001001010,-0.007451411260023885,5.5523529766010746e-5
111001001010,-0.00781353166943476,6.105127714925994e-5
000101001010,-0.00831475101299953,6.913508440817672e-5
100101001010,-0.00505584369098193,2.556155542764178e-5
010101001010,-0.00505584369013523,2.5561555419080223e-5
110101001010,-0.0050513360464268355,2.5515995853931093e-5
001101001010,-0.007790158082780157,6.068656295470501e-5
101101001010,-0.005046905331215463,2.5471253422251063e-5
011101001010,-0.007784085949321284,6.059199406642104e-5
111101001010,-0.008287038943415105,6.867501444967853e-5
000011001010,-0.012814959094616447,0.0001642231765966928
100011001010,-0.007721468066476123,5.962106910161051e-5
010011001010,-0.007451411259743996,5.552352976183961e-5
110011001010,-0.007351628333569032,5.404643915493498e-5
001011001010,-0.007809067401361148,6.0981533679001345e-5
101011001010,-0.004998707973052226,2.4987081399855897e-5
011011001010,-0.007439213744817641,5.534190114108371e-5
111011001010,-0.0078443003766809,6.153304839959611e-5
000111001010,-0.012583547679323907,0.00015834567219781805
100111001010,-0.007690552132679077,5.9144592105454695e-5
010111001010,-0.007784085949580486,6.059199407045633e-5
110111001010,-0.007825459811417346,6.123782126010801e-5
001111001010,-0.0125666381992273,0.00015792039563027873
101111001010,-0.008183047198587336,6.696226145430805e-5
011111001010,-0.01273819992508436,0.0001622617373314192
111111001010,-0.013618766623444028,0.00018547080434383307
000000101010,-0.014580292734848368,0.00021258493623387207
100000101010,-0.00874624104949015,7.649673249578654e-5
010000101010,-0.008344196731682454,6.962561909702015e-5
110000101010,-0.008183047196940501,6.696226142735578e-5
001000101010,-0.00828433771081405,6.863025130681576e-5
101000101010,-0.005267239493059366,2.7743811877244282e-5
011000101010,-0.007721468066396289,5.9621069100377645e-5
111000101010,-0.008092596447047034,6.549011725475826e-5
000100101010,-0.008344196732319795,6.962561910765633e-5
100100101010,-0.005070471495917115,2.570968119090794e-5
010100101010,-0.0050558436901265436,2.5561555418992386e-5
110100101010,-0.005046905330673866,2.5471253416784282e-5
001100101010,-0.007721468066170245,5.962106909688686e-5
101100101010,-0.004998707971715382,2.4987081386490903e-5
011100101010,-0.007690552133006941,5.914459211049761e-5
111100101010,-0.008183047199073175,6.696226146225933e-5
000010101010,-0.0087462410466108,7.649673244541958e-5
100010101010,-0.0052672394938390165,2.7743811885457493e-5
010010101010,-0.005070471495709067,2.570968118879814e-5
110010101010,-0.004998707972530838,2.4987081394643358e-5
001010101010,-0.0052672394938869825,2.774381188596279e-5
101010101010,-0.0033687750002052434,1.1348645002007839e-5
011010101010,-0.004998707972710834,2.498708139644286e-5
111010101010,-0.005267239494147284,2.774381188870493e-5
000110101010,-0.008183047198146167,6.696226144708782e-5
100110101010,-0.004998707970886748,2.4987081378206714e-5
010110101010,-0.005046905331760363,2.547125342775118e-5
110110101010,-0.005070471496380514,2.570968119560725e-5
001110101010,-0.008092596447863754,6.549011726797704e-5
101110101010,-0.005267239492273527,2.7743811868965873e-5
011110101010,-0.008183047198470931,6.696226145240295e-5
111110101010,-0.008746241048184403,7.649673247294579e-5
000001101010,-0.013618766623711639,0.0001854708043511221
100001101010,-0.008183047196969285,6.696226142782687e-5
010001101010,-0.0078254598114422,6.123782126049698e-5
110001101010,-0.007690552133024972,5.914459211077494e-5
001001101010,-0.007844300376444981,6.153304839589487e-5
101001101010,-0.0049987079723730985,2.4987081393066372e-5
011001101010,-0.0073516283341437975,5.404643916338591e-5
111001101010,-0.007721468067549226,5.962106911818238e-5
000101101010,-0.008287038943574507,6.867501445232047e-5
100101101010,-0.005046905331175494,2.5471253421847625e-5
010101101010,-0.005051336046310567,2.5515995852756475e-5
110101101010,-0.005055843691338978,2.5561555431252144e-5
001101101010,-0.007813531669230118,6.1051277146062e-5
101101101010,-0.005070471495906636,2.570968119080168e-5
011101101010,-0.00782545981121569,6.12378212569519e-5
111101101010,-0.008344196731691029,6.962561909716324e-5
000011101010,-0.013412039897887317,0.00017988281422252124
100011101010,-0.008092596446977428,6.549011725363167e-5
010011101010,-0.007813531669444658,6.105127714941462e-5
110011101010,-0.007721468067180777,5.9621069112492446e-5
001011101010,-0.008215411021012229,6.749297824416919e-5
101011101010,-0.005267239494270314,2.7743811890000988e-5
011011101010,-0.007844300376481097,6.153304839646148e-5
111011101010,-0.008284337710370482,6.863025129946644e-5
000111101010,-0.013370445730755073,0.00017876881903906654
100111101010,-0.008183047198848855,6.696226145858808e-5
010111101010,-0.008287038943694175,6.867501445430386e-5
110111101010,-0.008344196732000044,6.96256191023202e-5
001111101010,-0.013412039897973845,0.00017988281422484228
101111101010,-0.008746241048432638,7.649673247728805e-5
011111101010,-0.013618766623417898,0.00018547080434312135
111111101010,-0.01458029273365933,0.000212584936199199
000000011010,-0.022678627071240243,0.0005143201258363909
100000011010,-0.013618766623743093,0.00018547080435197885
010000011010,-0.012974764844063956,0.00016834452275875798
110000011010,-0.012738199921814842,0.00016226173724812366
001000011010,-0.012857339113077477,0.00016531116906867192
101000011010,-0.00818304719936963,6.696226146711115e-5
011000011010,-0.011977359556808604,0.00014345714195307442
111000011010,-0.012566638200349879,0.00015792039565849282
000100011010,-0.012865365414758962,0.00016551762725527605
100100011010,-0.007825459810825395,6.123782125084342e-5
010100011010,-0.007790158082997859,6.0686562958096875e-5
110100011010,-0.007784085949793929,6.059199407377925e-5
001100011010,-0.011867943657428019,0.00014084808665588595
101100011010,-0.00769055213250846,5.914459210283042e-5
011100011010,-0.01181361292604682,0.0001395614503664605
111100011010,-0.012583547680553404,0.00015834567222876094
000010011010,-0.013013268856718847,0.00016934516633724866
100010011010,-0.007844300376250713,6.153304839284708e-5
010010011010,-0.007539010596733883,5.683668077766578e-5
110010011010,-0.007439213744610726,5.5341901138005136e-5
001010011010,-0.007809067401489483,6.098153368100571e-5
101010011010,-0.004998707972358927,2.498708139292469e-5
011010011010,-0.007403978882882944,5.4818903298176576e-5
111010011010,-0.007809067402655984,6.0981533699224284e-5
000110011010,-0.01202389417884356,0.00014457403122402804
100110011010,-0.007351628334539805,5.404643916920852e-5
010110011010,-0.007409932986644698,5.490710686656523e-5
110110011010,-0.007451411261349331,5.552352978576363e-5
001110011010,-0.011852116938343283,0.00014047267592016375
101110011010,-0.007721468066245999,5.962106909805672e-5
011110011010,-0.01197735955867982,0.00014345714199789884
111110011010,-0.012814959093514152,0.00016422317656844106
000001011010,-0.013778572373298268,0.00018984905664621828
100001011010,-0.008287038943358636,6.86750144487426e-5
010001011010,-0.007912990394399322,6.261541698185594e-5
110001011010,-0.007784085950097527,6.059199407850572e-5
001001011010,-0.007912990394211826,6.261541697888864e-5
101001011010,-0.005046905332223681,2.5471253432427822e-5
011001011010,-0.0074099329868663995,5.4907106869850807e-5
111001011010,-0.007790158082562255,6.068656295131003e-5
000101011010,-0.00828703894237687,6.867501443247074e-5
100101011010,-0.005051336045504758,2.5515995844615645e-5
010101011010,-0.005046905331719932,2.5471253427343076e-5
110101011010,-0.005055843691002549,2.5561555427850283e-5
001101011010,-0.007784085949827771,6.059199407430611e-5
101101011010,-0.00505584369105404,2.556155542837094e-5
011101011010,-0.00779015808419285,6.0686562976715215e-5
111101011010,-0.008314751012538538,6.913508440051064e-5
000011011010,-0.01293680240517549,0.00016736085647055433
100011011010,-0.007813531668862976,6.105127714032464e-5
010011011010,-0.007532747562267557,5.674228583684783e-5
110011011010,-0.007451411261688324,5.552352979081558e-5
001011011010,-0.007901117080992144,6.242765112754583e-5
101011011010,-0.005070471495736939,2.5709681189080793e-5
011011011010,-0.0075390105973742105,5.683668078732065e-5
111011011010,-0.007970043770283415,6.352159770023347e-5
000111011010,-0.012773350200924757,0.00016315847535546454
100111011010,-0.007825459812201424,6.123782127237955e-5
010111011010,-0.007912990392828908,6.26154169570026e-5
110111011010,-0.00797582721237496,6.361381972166091e-5
001111011010,-0.012782150164299061,0.00016338336282269053
101111011010,-0.00834419673107372,6.962561908686136e-5
011111011010,-0.012974764843016972,0.00016834452273158926
111111011010,-0.01390645275919648,0.00019338942834376337
000000111010,-0.02230770748343478,0.0004976338131664922
100000111010,-0.01341203989747957,0.0001798828142115838
010000111010,-0.012782150164991273,0.00016338336284038644
110000111010,-0.012566638201378847,0.00015792039568435418
001000111010,-0.012697365627616993,0.0001612230938813895
101000111010,-0.008092596448016375,6.549011727044723e-5
011000111010,-0.011852116938283985,0.00014047267591875813
111000111010,-0.012452597050143897,0.00015506717329325247
000100111010,-0.012828205418994367,0.00016456285427191646
100100111010,-0.007813531668797403,6.105127713929993e-5
010100111010,-0.007784085949569596,6.05919940702868e-5
110100111010,-0.007790158083304,6.068656296286665e-5
001100111010,-0.011898174494609146,0.00014156655630416761
101100111010,-0.007721468066748969,5.9621069105824054e-5
011100111010,-0.011867943658150496,0.00014084808667303458
111100111010,-0.01265902934903726,0.00016025102405978667
000010111010,-0.013610273854810444,0.00018523955440293675
100010111010,-0.008215411021074962,6.749297824519994e-5
010010111010,-0.00790111708084495,6.242765112521983e-5
110010111010,-0.00780906740152356,6.098153368153793e-5
001010111010,-0.008215411021270432,6.749297824841168e-5
101010111010,-0.0052672394930284834,2.774381187691895e-5
011010111010,-0.007809067402535816,6.098153369734747e-5
111010111010,-0.008249102847409182,6.804769778713427e-5
000110111010,-0.012811381454063134,0.00016413149476151285
100110111010,-0.007844300377637737,6.153304841460755e-5
010110111010,-0.00791299039278191,6.26154169562588e-5
110110111010,-0.007970043769806432,6.352159769263032e-5
001110111010,-0.012697365626908355,0.00016122309386339383
101110111010,-0.00828433771034691,6.86302512990759e-5
011110111010,-0.012857339112203119,0.0001653111690461881
111110111010,-0.013775502129108799,0.00018976445890908105
000001111010,-0.022203079786477186,0.0004929767520046719
100001111010,-0.013370445731233681,0.00017876881905186495
010001111010,-0.012773350200651972,0.00016315847534849578
110001111010,-0.012583547680452074,0.00015834567222621076
001001111010,-0.012811381453895527,0.0001641314947572183
101001111010,-0.008183047199400412,6.696226146761491e-5
011001111010,-0.012023894176167057,0.00014457403115966408
111001111010,-0.012659029348165717,0.0001602510240377209
000101111010,-0.0135766783736105,0.00018432619566046305
100101111010,-0.008287038942450423,6.867501443368983e-5
010101111010,-0.008287038943702038,6.86750144544342e-5
110101111010,-0.008314751012357792,6.913508439750493e-5
001101111010,-0.012828205419204805,0.00016456285427731554
101101111010,-0.008344196731441126,6.962561909299277e-5
011101111010,-0.012865365415487657,0.0001655176272740259
111101111010,-0.013750502239362528,0.00018907631183471388
000011111010,-0.022179582741525625,0.0004919338905881814
100011111010,-0.013412039897378684,0.00017988281420887762
010011111010,-0.012936802405782807,0.00016736085648626784
110011111010,-0.012814959093691689,0.00016422317657299133
001011111010,-0.01361027385512622,0.00018523955441153236
101011111010,-0.008746241046510256,7.64967324436608e-5
011011111010,-0.013013268857747519,0.00016934516636402143
111011111010,-0.013775502129581537,0.00018976445892210546
000111111010,-0.02220307978708037,0.000492976752031457
100111111010,-0.013618766624529806,0.00018547080437340696
010111111010,-0.013778572372476332,0.00018984905662356808
110111111010,-0.013906452758782887,0.00019338942833226015
001111111010,-0.022307707483215897,0.0004976338131567266
101111111010,-0.014580292734825816,0.00021258493623321447
011111111010,-0.022678627071511307,0.0005143201258486856
111111111010,-0.024335118885732816,0.0005921980111827499
000000000110,-0.03740271790405459,0.001398963306610286
100000000110,-0.022678627071147872,0.0005143201258322012
010000000110,-0.02143948895167032,0.0004596516865087936
110000000110,-0.021266636363850462,0.00045226982223224674
001000000110,-0.02118797062143077,0.00044893009905461325
101000000110,-0.013618766624541808,0.00018547080437373388
011000000110,-0.019777052956565722,0.00039113182364680497
111000000110,-0.020963941665053738,0.00043948685013577607
000100000110,-0.02112593400526944,0.0004463050875949996
100100000110,-0.01297476484293363,0.00016834452272942657
010100000110,-0.01281495909506189,0.00016422317660810945
110100000110,-0.012936802405440024,0.00016736085647739882
001100000110,-0.019463528222916988,0.00037882893088428616
101100000110,-0.01273819992140131,0.00016226173723758836
011100000110,-0.019412727484309604,0.0003768539883800695
111100000110,-0.02089045207757086,0.0004364109880052846
000010000110,-0.021125934005841594,0.00044630508761917415
100010000110,-0.012857339111447175,0.00016531116902674924
010010000110,-0.012260243581562191,0.00015031357267923689
110010000110,-0.01222212813533885,0.0001493804161566415
001010000110,-0.012659029348971201,0.0001602510240581142
101010000110,-0.008183047198842866,6.696226145849007e-5
011010000110,-0.012023894178719088,0.00014457403122103478
111010000110,-0.012811381453622067,0.00016413149475021148
000110000110,-0.019401488762249956,0.00037641776619171135
100110000110,-0.011977359560123085,0.00014345714203247188
010110000110,-0.011977359556699176,0.0001434571419504531
110110000110,-0.012167852432780908,0.00014805663282593226
001110000110,-0.019099172540120442,0.0003647783917172908
101110000110,-0.012566638200139466,0.00015792039565320446
011110000110,-0.019338951849974022,0.00037399505865561364
111110000110,-0.020903383934875303,0.00043695145992880287
000001000110,-0.021187970622357364,0.0004489300990938786
100001000110,-0.012865365414918171,0.00016551762725937262
010001000110,-0.012188875405780503,0.0001485686836576408
110001000110,-0.012112601396852888,0.0001467151125990425
001001000110,-0.01215084415365821,0.0001476430136464899
101001000110,-0.007825459812263404,6.123782127334959e-5
011001000110,-0.011397927123648679,0.00012991274271600622
111001000110,-0.012104407137732764,0.00014651667215599587
000101000110,-0.012659029348491793,0.0001602510240459765
100101000110,-0.0077901580824894555,6.068656295017579e-5
010101000110,-0.0077214680664711485,5.9621069101533696e-5
110101000110,-0.007813531669250839,6.10512771463858e-5
001101000110,-0.011867943657494174,0.0001408480866574562
101101000110,-0.007784085949807464,6.059199407398997e-5
011101000110,-0.011898174495261758,0.0001415665563196974
111101000110,-0.012828205419299556,0.0001645628542797465
000011000110,-0.019463528222239016,0.0003788289308578947
100011000110,-0.011867943657288172,0.00014084808665256656
010011000110,-0.011351871870422787,0.00012886499496249617
110011000110,-0.011343458982661423,0.00012867406169132214
001011000110,-0.011867943657423236,0.00014084808665577243
101011000110,-0.007690552132670087,5.9144592105316425e-5
011011000110,-0.01134345898302979,0.00012867406169967926
111011000110,-0.012113531148605193,0.00014673763688822822
000111000110,-0.01909917254052069,0.0003647783917325795
100111000110,-0.011813612925850857,0.00013956145036183044
010111000110,-0.01185211693827504,0.00014047267591854612
110111000110,-0.012067844420416272,0.00014563286895537213
001111000110,-0.019087343934584996,0.00036432669847713864
101111000110,-0.012583547679978638,0.00015834567221429576
011111000110,-0.019412727486435983,0.00037685398846262714
111111000110,-0.021018576818855696,0.000441780571490138
000000100110,-0.021439488949999922,0.0004596516864371687
100000100110,-0.013013268858623216,0.00016934516638681277
010000100110,-0.012306301138615647,0.00015144504771429275
110000100110,-0.012222128134666166,0.00014938041614019824
001000100110,-0.012188875407416644,0.00014856868369752624
101000100110,-0.007844300377587437,6.153304841381841e-5
011000100110,-0.011397927123738952,0.0001299127427180641
111000100110,-0.01209686019037982,0.0001463340264655961
000100100110,-0.01226024358194469,0.0001503135726886159
100100100110,-0.007539010596183712,5.6836680769370295e-5
010100100110,-0.007451411259978092,5.5523529765328295e-5
110100100110,-0.007532747561874429,5.674228583092516e-5
001100100110,-0.011351871870504342,0.00012886499496434777
101100100110,-0.00743921374398722,5.534190112872835e-5
011100100110,-0.01134345898406542,0.0001286740617231745
111100100110,-0.012222128135625064,0.00014938041616363777
000010100110,-0.012814959093180651,0.00016422317655989349
100010100110,-0.007809067401660516,6.098153368367692e-5
010010100110,-0.007451411261665404,5.5523529790474013e-5
110010100110,-0.007439213743841887,5.534190112656602e-5
001010100110,-0.0077214680666533395,5.962106910434726e-5
101010100110,-0.004998707970842796,2.49870813777673e-5
011010100110,-0.007351628334709623,5.404643917170539e-5
111010100110,-0.007844300378584445,6.153304842946008e-5
000110100110,-0.011977359559666185,0.00014345714202152696
100110100110,-0.0074039788813820735,5.4818903275951746e-5
010110100110,-0.007409932986934044,5.4907106870853294e-5
110110100110,-0.007539010596901342,5.6836680780190734e-5
001110100110,-0.011852116938571982,0.0001404726759255849
101110100110,-0.007809067400900766,6.0981533671811045e-5
011110100110,-0.012023894177590621,0.00014457403119389766
111110100110,-0.013013268857728221,0.00016934516636351918
000001100110,-0.019777052956857166,0.00039113182365833275
100001100110,-0.012023894176936273,0.00014457403117816204
010001100110,-0.011397927126885978,0.00012991274278980323
110001100110,-0.011343458983347338,0.00012867406170688345
001001100110,-0.01139792712670058,0.00012991274278557693
101001100110,-0.007351628334557232,5.4046439169464755e-5
011001100110,-0.010716895937114324,0.00011485185852693749
111001100110,-0.01139792712488421,0.00012991274274417122
000101100110,-0.012023894176144039,0.00014457403115911054
100101100110,-0.007409932986514931,5.490710686464209e-5
010101100110,-0.007351628334107407,5.404643916285086e-5
110101100110,-0.007451411261857078,5.55235297933305e-5
001101100110,-0.011343458982817021,0.0001286740616948522
101101100110,-0.007451411261794568,5.552352979239891e-5
011101100110,-0.011397927126770813,0.00012991274278717794
111101100110,-0.01230630113794874,0.00015144504769787844
000011100110,-0.019412727484043813,0.00037685398836975005
100011100110,-0.011852116938115114,0.0001404726759147552
010011100110,-0.011343458982904455,0.00012867406169683577
110011100110,-0.01135187187164081,0.00012886499499014983
001011100110,-0.011898174495083487,0.0001415665563154552
101011100110,-0.007721468066822118,5.962106910695369e-5
011011100110,-0.011397927126734373,0.00012991274278634728
111011100110,-0.012188875406622798,0.00014856868367817407
000111100110,-0.019338951852016794,0.0003739950587346238
100111100110,-0.011977359560077826,0.0001434571420313877
010111100110,-0.012023894176210869,0.00014457403116071766
110111100110,-0.012260243581058042,0.00015031357266687492
001111100110,-0.01941272748409095,0.00037685398837158013
101111100110,-0.012814959094016299,0.00016422317658131106
011111100110,-0.01977705295671073,0.00039113182365254067
111111100110,-0.02143948894983721,0.0004596516864301917
000000010110,-0.022678627071009903,0.0005143201258259433
100000010110,-0.013778572373399215,0.0001898490566490001
010000010110,-0.013013268857047003,0.0001693451663457894
110000010110,-0.012936802405320488,0.00016736085647430597
001000010110,-0.012865365414771016,0.0001655176272555862
101000010110,-0.008287038942486134,6.86750144342817e-5
011000010110,-0.012023894178672908,0.00014457403121992426
111000010110,-0.012773350200863695,0.0001631584753539046
000100010110,-0.012857339113242553,0.00016531116907291682
100100010110,-0.007912990394198849,6.261541697868325e-5
010100010110,-0.007809067400912385,6.0981533671992514e-5
110100010110,-0.007901117081020705,6.242765112799715e-5
001100010110,-0.011867943657426603,0.00014084808665585234
101100010110,-0.007784085949851941,6.059199407468239e-5
011100010110,-0.011852116938748523,0.00014047267592976967
111100010110,-0.012782150164058396,0.0001633833628165381
000010010110,-0.012974764844063838,0.00016834452275875492
100010010110,-0.007912990394461805,6.26154169828448e-5
010010010110,-0.007539010596745747,5.683668077784467e-5
110010010110,-0.007532747561865631,5.674228583079261e-5
001010010110,-0.0077901580834893016,6.068656296575371e-5
101010010110,-0.005046905331171761,2.5471253421809942e-5
011010010110,-0.007409932986570005,5.490710686545828e-5
111010010110,-0.007912990393044526,6.261541696041496e-5
000110010110,-0.011977359557052371,0.00014345714195891377
100110010110,-0.007409932986532305,5.490710686489957e-5
010110010110,-0.007403978882903921,5.481890329848721e-5
110110010110,-0.007539010597571136,5.683668079028991e-5
001110010110,-0.011813612925731002,0.0001395614503589986
101110010110,-0.007790158084465942,6.068656298097008e-5
011110010110,-0.011977359558493113,0.00014345714199342634
111110010110,-0.012974764843157663,0.00016834452273524012
000001010110,-0.013618766623835783,0.0001854708043545035
100001010110,-0.008287038943336064,6.86750144483685e-5
010001010110,-0.007844300376056717,6.153304838980355e-5
110001010110,-0.007813531668763883,6.105127713877612e-5
001001010110,-0.007825459810843923,6.12378212511334e-5
101001010110,-0.005051336045506027,2.5515995844628465e-5
011001010110,-0.007351628334651729,5.404643917085416e-5
111001010110,-0.007825459812188443,6.123782127217639e-5
000101010110,-0.008183047199334052,6.696226146652886e-5
100101010110,-0.005046905332247998,2.5471253432673275e-5
010101010110,-0.004998707972669181,2.4987081396026434e-5
110101010110,-0.005070471495735639,2.570968118906761e-5
001101010110,-0.007690552132458332,5.91445921020594e-5
101101010110,-0.005055843691044262,2.5561555428272065e-5
011101010110,-0.007721468066038664,5.962106909485486e-5
111101010110,-0.008344196731178302,6.962561908860666e-5
000011010110,-0.01273819992172516,0.0001622617372458389
100011010110,-0.007784085950241896,6.0591994080753284e-5
010011010110,-0.0074392137447859465,5.534190114061215e-5
110011010110,-0.00745141126169342,5.552352979089153e-5
001011010110,-0.007784085949760338,6.05919940732563e-5
101011010110,-0.005055843690979796,2.5561555427620206e-5
011011010110,-0.007451411261194622,5.552352978345803e-5
111011010110,-0.007975827212409947,6.361381972221902e-5
000111010110,-0.012566638200338712,0.00015792039565821217
100111010110,-0.007790158082571419,6.06865629514528e-5
010111010110,-0.007809067402469863,6.0981533696317416e-5
110111010110,-0.007970043770285479,6.352159770026637e-5
001111010110,-0.012583547680604143,0.00015834567223003789
101111010110,-0.008314751012454349,6.91350843991106e-5
011111010110,-0.01281495909368466,0.00016422317657281116
111111010110,-0.013906452759155061,0.0001933894283426114
000000110110,-0.021266636363456624,0.00045226982221549555
100000110110,-0.012936802405776633,0.0001673608564861081
010000110110,-0.01222212813493306,0.00014938041614672226
110000110110,-0.012167852433392816,0.00014805663284082345
001000110110,-0.012112601396314655,0.0001467151125860037
101000110110,-0.007813531668785997,6.105127713912169e-5
011000110110,-0.01134345898304642,0.00012867406170005653
111000110110,-0.012067844420828255,0.00014563286896531564
000100110110,-0.012222128135279856,0.00014938041615519942
100100110110,-0.0075327475621420085,5.674228583495638e-5
010100110110,-0.007439213744834759,5.53419011413384e-5
110100110110,-0.0075390105967695275,5.683668077820323e-5
001100110110,-0.0113434589824975,0.00012867406168760325
101100110110,-0.007451411261803868,5.552352979253752e-5
011100110110,-0.011351871871054743,0.00012886499497684394
111100110110,-0.012260243581313548,0.00015031357267314004
000010110110,-0.012936802405874501,0.00016736085648864032
100010110110,-0.00790111708109391,6.242765112915395e-5
010010110110,-0.007532747561990789,5.6742285832678184e-5
110010110110,-0.007539010596844588,5.6836680779334994e-5
001010110110,-0.007813531669205795,6.10512771456819e-5
101010110110,-0.005070471495973087,2.570968119147556e-5
011010110110,-0.007451411261118758,5.552352978232745e-5
111010110110,-0.007970043769714124,6.352159769115893e-5
000110110110,-0.012167852433094239,0.00014805663283355737
100110110110,-0.0075390105961683105,5.6836680769138066e-5
010110110110,-0.007539010597444789,5.683668078838483e-5
110110110110,-0.007689253961476028,5.91246264840748e-5
001110110110,-0.01206784442095061,0.00014563286896826876
101110110110,-0.007970043770191356,6.352159769876605e-5
011110110110,-0.01226024358122693,0.0001503135726710161
111110110110,-0.013300264637345795,0.00017689703942343107
000001110110,-0.020963941665741344,0.0004394868501646059
100001110110,-0.01277335020007315,0.0001631584753337088
010001110110,-0.012096860190922782,0.00014633402647873235
110001110110,-0.012067844420346798,0.00014563286895369533
001001110110,-0.012104407137854406,0.00014651667215894067
101001110110,-0.007825459810788332,6.123782125026336e-5
011001110110,-0.011397927126791638,0.0001299127427876527
111001110110,-0.012150844153582604,0.00014764301364465253
000101110110,-0.0128113814539309,0.00016413149475812464
100101110110,-0.00791299039425628,6.261541697959217e-5
010101110110,-0.007844300376440617,6.15330483958264e-5
110101110110,-0.007970043770106992,6.352159769742128e-5
001101110110,-0.01211353114835159,0.00014673763688208418
101101110110,-0.00797582721259303,6.36138197251395e-5
011101110110,-0.012188875405737864,0.00014856868365660135
111101110110,-0.013190848736261997,0.00017399849038294475
000011110110,-0.020890452077530954,0.0004364109880036173
100011110110,-0.012782150164568575,0.00016338336282958044
010011110110,-0.01222212813495306,0.00014938041614721113
110011110110,-0.012260243581488394,0.00015031357267742735
001011110110,-0.012828205418854096,0.0001645628542683176
101011110110,-0.008344196731741997,6.962561909801382e-5
011011110110,-0.012306301136757774,0.00015144504766856565
111011110110,-0.013190848736259815,0.00017399849038288718
000111110110,-0.02090338393411973,0.0004369514598972148
100111110110,-0.012974764842900045,0.00016834452272855503
010111110110,-0.013013268857760657,0.0001693451663643634
110111110110,-0.013300264637404503,0.00017689703942499275
001111110110,-0.021018576819223783,0.00044178057150561135
101111110110,-0.01390645275934883,0.00019338942834800068
011111110110,-0.02143948895074387,0.0004596516864690684
111111110110,-0.023294047765504155,0.000542612661301589
000000001110,-0.036603712601752644,0.0013398317762317055
100000001110,-0.022307707483832765,0.0004976338131842484
010000001110,-0.021018576818135057,0.00044178057145984436
110000001110,-0.020963941665580167,0.00043948685015784815
001000001110,-0.020756207257281414,0.0004308201397072216
101000001110,-0.013412039897378623,0.000179882814208876
011000001110,-0.019412727484311904,0.0003768539883801588
111000001110,-0.020689999335352878,0.00042807607249690247
000100001110,-0.020705052085039706,0.00042869918184420706
100100001110,-0.012782150164542951,0.0001633833628289254
010100001110,-0.012583547679046571,0.00015834567219083834
110100001110,-0.012773350200248605,0.0001631584753381911
001100001110,-0.019099172539513178,0.00036477839169409427
101100001110,-0.01256663820097391,0.00015792039567417675
011100001110,-0.019087343936268875,0.0003643266985414202
111100001110,-0.020651865605251386,0.0004264995529773651
000010001110,-0.020756207257378288,0.00043082013971124306
100010001110,-0.01269736562763965,0.00016122309388196486
010010001110,-0.012067844420291574,0.00014563286895236243
110010001110,-0.012096860191174508,0.00014633402648482253
001010001110,-0.012452597050386656,0.00015506717329929844
101010001110,-0.008092596446950807,6.549011725320081e-5
011010001110,-0.011852116938727631,0.00014047267592927443
111010001110,-0.012697365627228615,0.00016122309387152673
000110001110,-0.019099172539346895,0.0003647783916877425
100110001110,-0.011852116938096357,0.00014047267591431057
010110001110,-0.011813612926108987,0.00013956145036792935
110110001110,-0.012067844421117772,0.00014563286897230333
001110001110,-0.01882485173190019,0.0003543750427280256
101110001110,-0.012452597051158434,0.00015506717331851972
011110001110,-0.019099172541427116,0.00036477839176720354
111110001110,-0.020756207256907692,0.0004308201396917075
000001001110,-0.021018576817892376,0.0004417805714496428
100001001110,-0.012828205418952186,0.00016456285427083423
010001001110,-0.012113531149248886,0.00014673763690382303
110001001110,-0.012104407138031438,0.0001465166721632264
001001001110,-0.01206784442023006,0.00014563286895087778
101001001110,-0.00781353166884401,6.105127714002826e-5
011001001110,-0.011343458984098942,0.00012867406172393503
111001001110,-0.012112601396553001,0.0001467151125917777
000101001110,-0.012583547680172683,0.0001583456722191793
100101001110,-0.0077840859502851705,6.059199408142699e-5
010101001110,-0.0076905521329656236,5.91445921098621e-5
110101001110,-0.007825459811379923,6.12378212595223e-5
001101001110,-0.01181361292533865,0.00013956145034972844
101101001110,-0.007790158083478697,6.068656296558849e-5
011101001110,-0.011867943657793251,0.00014084808666455507
111101001110,-0.01286536541473404,0.0001655176272546348
000011001110,-0.019412727484241627,0.00037685398837743027
100011001110,-0.011898174495244874,0.00014156655631929562
010011001110,-0.011343458983680159,0.0001286740617144341
110011001110,-0.011397927125524563,0.00012991274275876862
001011001110,-0.011852116939342378,0.00014047267594384654
101011001110,-0.007721468066509633,5.9621069102128015e-5
011011001110,-0.011351871871062623,0.00012886499497702283
111011001110,-0.01218887540618378,0.00014856868366747177
000111001110,-0.019087343935906314,0.0003643266985275795
100111001110,-0.011867943657296503,0.0001408480866527643
010111001110,-0.011867943658151633,0.00014084808667306155
110111001110,-0.012150844153130877,0.0001476430136336748
001111001110,-0.019099172541518505,0.00036477839177069445
101111001110,-0.01265902934894206,0.0001602510240573764
011111001110,-0.0194635282199617,0.0003788289307692454
111111001110,-0.021187970621539633,0.0004489300990592265
000000101110,-0.0223077074837225,0.0004976338131793288
100000101110,-0.013610273853412118,0.00018523955436487355
010000101110,-0.012828205418950049,0.0001645628542707794
110000101110,-0.012811381454044281,0.00016413149476102978
001000101110,-0.012697365627054208,0.00016122309386709769
101000101110,-0.008215411021101682,6.749297824563896e-5
011000101110,-0.011898174495258974,0.00014156655631963113
111000101110,-0.01269736562781371,0.00016122309388638505
000100101110,-0.012782150164754072,0.00016338336283432258
100100101110,-0.007901117081063237,6.242765112866924e-5
010100101110,-0.007784085949345923,6.059199406680462e-5
110100101110,-0.007912990393973819,6.261541697512193e-5
001100101110,-0.011852116938739894,0.00014047267592956513
101100101110,-0.007809067402674619,6.098153369951532e-5
011100101110,-0.011867943657793215,0.0001408480866645542
111100101110,-0.012857339111741278,0.000165311169034312
000010101110,-0.01341203989783594,0.0001798828142211431
100010101110,-0.00821541102201467,6.749297826064012e-5
010010101110,-0.007813531669267714,6.105127714664951e-5
110010101110,-0.007844300376776107,6.153304840108977e-5
001010101110,-0.008092596447549628,6.549011726289285e-5
101010101110,-0.00526723949385622,2.774381188563872e-5
011010101110,-0.007721468066027597,5.962106909468396e-5
111010101110,-0.008284337709996788,6.863025129327482e-5
000110101110,-0.012566638200425256,0.0001579203956603873
100110101110,-0.007809067401682406,6.098153368401881e-5
010110101110,-0.007790158084205794,6.068656297691689e-5
110110101110,-0.007970043770308948,6.352159770064048e-5
001110101110,-0.012452597050777505,0.0001550671733090326
101110101110,-0.008249102848241145,6.804769780086017e-5
011110101110,-0.012659029348646543,0.00016025102404989446
111110101110,-0.01377550212826517,0.00018976445888583822
000001101110,-0.020963941665656547,0.00043948685016105055
100001101110,-0.012811381454294671,0.00016413149476744547
010001101110,-0.012104407137788296,0.00014651667215734022
110001101110,-0.012113531147743514,0.00014673763686735229
001001101110,-0.012096860190990235,0.0001463340264803643
101001101110,-0.007844300376243285,6.153304839273055e-5
011001101110,-0.011397927126716504,0.00012991274278593995
111001101110,-0.012188875406415329,0.00014856868367311643
000101101110,-0.012773350200744316,0.00016315847535085487
100101101110,-0.007912990394457727,6.261541698278025e-5
010101101110,-0.007825459811169671,6.123782125623166e-5
110101101110,-0.007975827212484547,6.361381972340901e-5
001101101110,-0.012067844420650845,0.00014563286896103372
101101101110,-0.007970043769812587,6.352159769272843e-5
011101101110,-0.012150844152330927,0.00014764301361423467
111101101110,-0.013190848736221663,0.00017399849038188066
000011101110,-0.020689999335404743,0.00042807607249904865
100011101110,-0.01269736562761365,0.0001612230938813046
010011101110,-0.012112601396073043,0.0001467151125801506
110011101110,-0.012188875405999406,0.00014856868366297716
001011101110,-0.012697365627115991,0.0001612230938686667
101011101110,-0.00828433771026434,6.86302512977078e-5
011011101110,-0.01218887540575965,0.00014856868365713244
111011101110,-0.013106064199000582,0.00017176891878832479
000111101110,-0.02065186560485986,0.0004264995529611936
100111101110,-0.012857339111477361,0.00016531116902752547
010111101110,-0.01286536541546278,0.00016551762727338583
110111101110,-0.013190848736534892,0.00017399849039014418
001111101110,-0.02075620725732092,0.0004308201397088616
101111101110,-0.013775502128614028,0.00018976445889544962
011111101110,-0.021187970621638658,0.0004489300990634228
111111101110,-0.023093595024217504,0.0005333141311425635
000000011110,-0.036365986475010006,0.0013224849723006108
100000011110,-0.02220307978629361,0.00049297675199652
010000011110,-0.020903383935567545,0.00043695145995774326
110000011110,-0.020890452077195355,0.00043641098798959566
001000011110,-0.020651865606062105,0.00042649955301085087
101000011110,-0.013370445731245304,0.00017876881905217577
011000011110,-0.01933895184995333,0.00037399505865481333
111000011110,-0.020651865605358602,0.00042649955298179354
000100011110,-0.02065186560627805,0.0004264995530197702
100100011110,-0.012773350200031435,0.00016315847533264312
010100011110,-0.012566638199226049,0.0001579203956302473
110100011110,-0.012782150164682059,0.0001633833628324816
001100011110,-0.019087343934769404,0.00036432669848417837
101100011110,-0.01258354768038247,0.00015834567222445902
011100011110,-0.01909917254147322,0.00036477839176896466
111100011110,-0.0207050520841092,0.0004286991818056747
000010011110,-0.020903383934485143,0.00043695145991249154
100010011110,-0.012811381454329227,0.00016413149476833088
010010011110,-0.012167852433606395,0.00014805663284602106
110010011110,-0.012222128134265948,0.0001493804161304152
001010011110,-0.012566638201202966,0.0001579203956799337
101010011110,-0.008183047196886247,6.696226142646786e-5
011010011110,-0.011977359558532501,0.0001434571419943699
111010011110,-0.012857339113148618,0.0001653111690705013
000110011110,-0.019338951850733168,0.00037399505868497584
100110011110,-0.01202389417693384,0.0001445740311781035
010110011110,-0.011977359558771949,0.00014345714200010578
110110011110,-0.0122602435819344,0.00015031357268836365
001110011110,-0.019099172540543757,0.0003647783917334607
101110011110,-0.01265902934948299,0.0001602510240710717
011110011110,-0.01940148876027702,0.00037641776611515557
111110011110,-0.02112593400598133,0.00044630508762507823
000001011110,-0.022203079786369005,0.000492976751999868
100001011110,-0.013576678374461432,0.00018432619568356872
010001011110,-0.01281138145339043,0.00016413149474427629
110001011110,-0.012828205418980623,0.00016456285427156385
001001011110,-0.0127733502001131,0.0001631584753347294
101001011110,-0.008287038943358757,6.867501444874463e-5
011001011110,-0.012023894177599723,0.00014457403119411653
111001011110,-0.012865365414967299,0.0001655176272606367
000101011110,-0.013370445731140972,0.00017876881904938584
100101011110,-0.008287038943336846,6.867501444838146e-5
010101011110,-0.00818304719842486,6.696226145164895e-5
110101011110,-0.008344196731494587,6.962561909388495e-5
001101011110,-0.012583547680373444,0.00015834567222423188
101101011110,-0.008314751011982004,6.913508439125576e-5
011101011110,-0.012659029348690792,0.0001602510240510148
111101011110,-0.013750502239243335,0.00018907631183143596
000011011110,-0.0208904520772675,0.0004364109879926099
100011011110,-0.012828205418898479,0.00016456285426945632
010011011110,-0.012222128135005755,0.00014938041614849924
110011011110,-0.01230630113727027,0.00015144504768117953
001011011110,-0.012782150164534838,0.000163383362828718
101011011110,-0.008344196731496443,6.962561909391591e-5
011011011110,-0.012260243581227206,0.0001503135726710229
111011011110,-0.01319084873657466,0.00017399849039119333
000111011110,-0.020651865605400128,0.00042649955298350875
100111011110,-0.012865365414961706,0.0001655176272604928
010111011110,-0.01285733911220822,0.0001653111690463193
110111011110,-0.013190848736587905,0.00017399849039154275
001111011110,-0.020705052084054418,0.00042869918180340615
101111011110,-0.013750502239301857,0.0001890763118330454
011111011110,-0.021125934006577626,0.0004463050876502729
111111011110,-0.02304243985029966,0.0005309540342546777
000000111110,-0.03628906662078056,0.00131689635620745
100000111110,-0.02217958274199313,0.0004919338906089196
010000111110,-0.020890452075296564,0.0004364109879102625
110000111110,-0.02090338393467409,0.00043695145992039076
001000111110,-0.0206899993335199,0.00042807607242105385
101000111110,-0.013412039897467328,0.00017988281421125543
011000111110,-0.019412727486389243,0.0003768539884608124
111000111110,-0.020756207257188585,0.00043082013970336807
000100111110,-0.020890452075285153,0.00043641098790978575
100100111110,-0.012936802405860277,0.00016736085648827226
010100111110,-0.012738199925108334,0.00016226173733202998
110100111110,-0.012974764842911192,0.0001683445227288443
001100111110,-0.019412727486480253,0.00037685398846434593
101100111110,-0.012814959093548179,0.00016422317656931317
011100111110,-0.01946352821996447,0.00037882893076935335
111100111110,-0.02112593400650512,0.00044630508764720935
000010111110,-0.022179582741955153,0.0004919338906072349
100010111110,-0.013610273853418457,0.00018523955436504608
010010111110,-0.012936802405736773,0.0001673608564850768
110010111110,-0.013013268858680836,0.00016934516638831244
001010111110,-0.013412039897470106,0.00017988281421132992
101010111110,-0.008746241049516936,7.649673249625509e-5
011010111110,-0.012814959093627813,0.00016422317657135418
111010111110,-0.013775502127764471,0.00018976445887204348
000110111110,-0.02090338393473835,0.0004369514599230773
100110111110,-0.013013268858553018,0.00016934516638498578
010110111110,-0.012974764842860633,0.00016834452272753233
110110111110,-0.013300264636114318,0.00017689703939067315
001110111110,-0.020756207257061874,0.00043082013969810795
101110111110,-0.013775502127801091,0.0001897644588730524
011110111110,-0.021125934006654412,0.0004463050876535173
111110111110,-0.023031555562803747,0.0005304525516425162
000001111110,-0.03627068121342612,0.001315562315685983
100001111110,-0.02220307978628951,0.0004929767519963379
010001111110,-0.02096394166576575,0.0004394868501656293
110001111110,-0.021018576819111602,0.00044178057150089556
001001111110,-0.020963941665792487,0.00043948685016675026
101001111110,-0.01361876662373987,0.00018547080435189105
011001111110,-0.019777052956779412,0.0003911318236552573
111001111110,-0.021187970621349778,0.0004489300990511812
000101111110,-0.022203079786523354,0.000492976752006722
100101111110,-0.013778572373399817,0.00018984905664901669
010101111110,-0.013618766623561866,0.0001854708043470427
110101111110,-0.013906452759109292,0.00019338942834133845
001101111110,-0.021018576818814104,0.0004417805714883896
101101111110,-0.013906452759275262,0.00019338942834595455
011101111110,-0.021187970621559336,0.0004489300990600614
111101111110,-0.023042439850349383,0.0005309540342569693
000011111110,-0.036289066619697934,0.001316896356128875
100011111110,-0.02230770748384444,0.0004976338131847692
010011111110,-0.021266636363555233,0.0004522698222196897
110011111110,-0.021439488950461216,0.0004596516864569485
001011111110,-0.02230770748359089,0.000497633813173457
101011111110,-0.014580292735105145,0.00021258493624135984
011011111110,-0.02143948895074377,0.0004596516864690642
111011111110,-0.023093595023448828,0.0005333141311070604
000111111110,-0.036365986475402214,0.0013224849723291368
100111111110,-0.02267862707114542,0.0005143201258320899
010111111110,-0.022678627071512945,0.0005143201258487599
110111111110,-0.02329404776561662,0.0005426126613068287
001111111110,-0.036603712601212174,0.001339831776192139
101111111110,-0.02433511888570096,0.0005921980111811995
011111111110,-0.03740271790440786,0.0013989633066367128
111111111110,-0.040836217788184456,0.0016675966832440325
000000000001,-0.04083621778818549,0.0016675966832441168
100000000001,-0.037402717904408626,0.0013989633066367698
010000000001,-0.02433511888570161,0.000592198011181231
110000000001,-0.03660371260121299,0.001339831776192199
001000000001,-0.023294047765617127,0.0005426126613068523
101000000001,-0.02267862707151334,0.0005143201258487778
011000000001,-0.022678627071145967,0.0005143201258321148
111000000001,-0.036365986475402894,0.0013224849723291862
000100000001,-0.023093595023449376,0.0005333141311070858
100100000001,-0.021439488950744143,0.0004596516864690801
010100000001,-0.01458029273510554,0.00021258493624137139
110100000001,-0.022307707483591337,0.0004976338131734769
001100000001,-0.02143948895046156,0.00045965168645696326
101100000001,-0.021266636363555497,0.0004522698222197009
011100000001,-0.022307707483844877,0.0004976338131847887
111100000001,-0.03628906661969843,0.0013168963561289112
000010000001,-0.02304243985034959,0.0005309540342569788
100010000001,-0.02118797062155943,0.0004489300990600654
010010000001,-0.013906452759275404,0.0001933894283459585
110010000001,-0.021018576818814236,0.00044178057148839514
001010000001,-0.013906452759109351,0.00019338942834134007
101010000001,-0.01361876662356188,0.00018547080434704307
011010000001,-0.013778572373399895,0.00018984905664901883
111010000001,-0.022203079786523396,0.0004929767520067238
000110000001,-0.021187970621349847,0.00044893009905118414
100110000001,-0.019777052956779367,0.0003911318236552555
010110000001,-0.013618766623739958,0.00018547080435189347
110110000001,-0.020963941665792504,0.00043948685016675096
001110000001,-0.021018576819111512,0.00044178057150089177
101110000001,-0.02096394166576562,0.00043948685016562377
011110000001,-0.022203079786289485,0.0004929767519963368
111110000001,-0.03627068121342595,0.0013155623156859701
000001000001,-0.02303155556280406,0.0005304525516425305
100001000001,-0.021125934006654645,0.0004463050876535271
010001000001,-0.013775502127801301,0.00018976445887305818
110001000001,-0.02075620725706214,0.00043082013969811907
001001000001,-0.013300264636114447,0.00017689703939067656
101001000001,-0.01297476484286073,0.00016834452272753485
011001000001,-0.013013268858553181,0.00016934516638499004
111001000001,-0.02090338393473853,0.00043695145992308484
000101000001,-0.013775502127764589,0.00018976445887204673
100101000001,-0.012814959093627861,0.00016422317657135543
010101000001,-0.008746241049517038,7.649673249625688e-5
110101000001,-0.013412039897470206,0.00017988281421133263
001101000001,-0.013013268858680848,0.00016934516638831277
101101000001,-0.01293680240573677,0.00016736085648507668
011101000001,-0.013610273853418519,0.00018523955436504778
111101000001,-0.02217958274195518,0.0004919338906072361
000011000001,-0.02112593400650498,0.00044630508764720344
100011000001,-0.01946352821996432,0.0003788289307693474
010011000001,-0.012814959093548111,0.00016422317656931143
110011000001,-0.019412727486480125,0.00037685398846434094
001011000001,-0.012974764842911046,0.00016834452272884053
101011000001,-0.012738199925108181,0.00016226173733202608
011011000001,-0.012936802405860143,0.00016736085648826881
111011000001,-0.020890452075284918,0.0004364109879097759
000111000001,-0.02075620725718836,0.0004308201397033587
100111000001,-0.019412727486388965,0.00037685398846080167
010111000001,-0.013412039897467228,0.00017988281421125272
110111000001,-0.020689999333519674,0.00042807607242104453
001111000001,-0.020903383934673715,0.0004369514599203751
101111000001,-0.02089045207529621,0.0004364109879102477
011111000001,-0.022179582741992818,0.0004919338906089057
111111000001,-0.03628906662077998,0.0013168963562074077
000000100001,-0.02304243985030013,0.0005309540342546995
100000100001,-0.021125934006577973,0.00044630508765028756
010000100001,-0.013750502239302164,0.00018907631183305384
110000100001,-0.020705052084054803,0.0004286991818034221
001000100001,-0.013190848736588129,0.00017399849039154865
101000100001,-0.01285733911220839,0.00016531116904632367
011000100001,-0.012865365414961959,0.00016551762726049933
111000100001,-0.020651865605400433,0.00042649955298352133
000100100001,-0.013190848736574893,0.00017399849039119946
100100100001,-0.012260243581227352,0.00015031357267102647
010100100001,-0.008344196731496617,6.962561909391881e-5
110100100001,-0.012782150164535022,0.0001633833628287227
001100100001,-0.012306301137270399,0.0001514450476811827
101100100001,-0.01222212813500584,0.00014938041614850133
011100100001,-0.012828205418898645,0.00016456285426946058
111100100001,-0.020890452077267686,0.0004364109879926177
000010100001,-0.013750502239243366,0.00018907631183143683
100010100001,-0.012659029348690785,0.0001602510240510146
010010100001,-0.008314751011982034,6.913508439125625e-5
110010100001,-0.01258354768037345,0.00015834567222423204
001010100001,-0.00834419673149456,6.962561909388449e-5
101010100001,-0.00818304719842482,6.69622614516483e-5
011010100001,-0.008287038943336836,6.86750144483813e-5
111010100001,-0.013370445731140924,0.00017876881904938454
000110100001,-0.012865365414967252,0.0001655176272606355
100110100001,-0.012023894177599626,0.0001445740311941142
010110100001,-0.008287038943358761,6.867501444874468e-5
110110100001,-0.012773350200113038,0.0001631584753347278
001110100001,-0.012828205418980483,0.00016456285427156024
101110100001,-0.012811381453390287,0.00016413149474427265
011110100001,-0.013576678374461342,0.00018432619568356628
111110100001,-0.022203079786368794,0.0004929767519998585
000001100001,-0.021125934005981485,0.00044630508762508484
100001100001,-0.019401488760277114,0.0003764177661151592
010001100001,-0.012659029349483111,0.00016025102407107476
110001100001,-0.01909917254054389,0.0003647783917334657
001001100001,-0.012260243581934446,0.00015031357268836476
101001100001,-0.011977359558771964,0.00014345714200010614
011001100001,-0.012023894176933905,0.0001445740311781051
111001100001,-0.019338951850733206,0.0003739950586849773
000101100001,-0.012857339113148642,0.00016531116907050192
100101100001,-0.011977359558532465,0.000143457141994369
010101100001,-0.008183047196886286,6.696226142646849e-5
110101100001,-0.01256663820120297,0.00015792039567993384
001101100001,-0.01222212813426588,0.00014938041613041356
101101100001,-0.012167852433606316,0.0001480566328460191
011101100001,-0.012811381454329205,0.0001641314947683303
111101100001,-0.020903383934485025,0.0004369514599124866
000011100001,-0.020705052084108926,0.00042869918180566335
100011100001,-0.019099172541472954,0.00036477839176895447
010011100001,-0.012583547680382326,0.0001583456722244554
110011100001,-0.01908734393476918,0.00036432669848416975
001011100001,-0.012782150164681831,0.00016338336283247578
101011100001,-0.012566638199225821,0.00015792039563024157
011011100001,-0.012773350200031222,0.00016315847533263767
111011100001,-0.020651865606277697,0.00042649955301975564
000111100001,-0.02065186560535825,0.0004264995529817791
100111100001,-0.01933895184995296,0.00037399505865479897
010111100001,-0.013370445731245129,0.00017876881905217108
110111100001,-0.020651865606061786,0.0004264995530108377
001111100001,-0.02089045207719488,0.0004364109879895758
101111100001,-0.020903383935567097,0.00043695145995772456
011111100001,-0.022203079786293198,0.0004929767519965016
111111100001,-0.03636598647500927,0.0013224849723005574
000000010001,-0.023093595024218184,0.0005333141311425948
100000010001,-0.02118797062163918,0.00044893009906344495
010000010001,-0.013775502128614439,0.00018976445889546095
110000010001,-0.02075620725732146,0.00043082013970888405
001000010001,-0.013190848736535223,0.0001739984903901529
101000010001,-0.012865365415463053,0.00016551762727339282
011000010001,-0.012857339111477727,0.00016531116902753488
111000010001,-0.020651865604860327,0.00042649955296121295
000100010001,-0.013106064199000934,0.00017176891878833403
100100010001,-0.012188875405759901,0.0001485686836571386
010100010001,-0.00828433771026459,6.863025129771194e-5
110100010001,-0.012697365627116288,0.00016122309386867422
001100010001,-0.01218887540599964,0.00014856868366298288
101100010001,-0.012112601396073232,0.0001467151125801552
011100010001,-0.012697365627613939,0.00016122309388131193
111100010001,-0.0206899993354051,0.00042807607249906345
000010010001,-0.01319084873622182,0.00017399849038188478
100010010001,-0.012150844152331025,0.00014764301361423705
010010010001,-0.007970043769812694,6.352159769273014e-5
110010010001,-0.012067844420650968,0.00014563286896103668
001010010001,-0.007975827212484599,6.361381972340985e-5
101010010001,-0.007825459811169702,6.123782125623215e-5
011010010001,-0.007912990394457791,6.261541698278127e-5
111010010001,-0.012773350200744382,0.00016315847535085655
000110010001,-0.012188875406415414,0.0001485686836731185
100110010001,-0.01139792712671652,0.0001299127427859403
010110010001,-0.007844300376243361,6.153304839273174e-5
110110010001,-0.012096860190990289,0.0001463340264803656
001110010001,-0.012113531147743507,0.0001467376368673521
101110010001,-0.012104407137788261,0.00014651667215733938
011110010001,-0.012811381454294704,0.0001641314947674463
111110010001,-0.020963941665656533,0.00043948685016105
000001010001,-0.01377550212826539,0.0001897644588858443
100001010001,-0.012659029348646723,0.00016025102404989904
010001010001,-0.008249102848241294,6.804769780086263e-5
110001010001,-0.012452597050777703,0.00015506717330903753
001001010001,-0.007970043770309054,6.352159770064216e-5
101001010001,-0.007790158084205874,6.068656297691814e-5
011001010001,-0.007809067401682527,6.098153368402069e-5
111001010001,-0.012566638200425405,0.00015792039566039107
000101010001,-0.008284337709996873,6.863025129327623e-5
100101010001,-0.007721468066027648,5.962106909468475e-5
010101010001,-0.005267239493856296,2.7743811885639523e-5
110101010001,-0.00809259644754971,6.549011726289418e-5
001101010001,-0.007844300376776145,6.153304840109037e-5
101101010001,-0.007813531669267735,6.105127714664984e-5
011101010001,-0.008215411022014738,6.749297826064123e-5
111101010001,-0.013412039897835987,0.00017988281422114433
000011010001,-0.01285733911174122,0.0001653111690343105
100011010001,-0.011867943657793159,0.00014084808666455287
010011010001,-0.0078090674026746,6.098153369951502e-5
110011010001,-0.01185211693873985,0.0001404726759295641
001011010001,-0.007912990393973746,6.261541697512078e-5
101011010001,-0.0077840859493458455,6.059199406680341e-5
011011010001,-0.007901117081063178,6.242765112866831e-5
111011010001,-0.012782150164753968,0.0001633833628343199
000111010001,-0.01269736562781361,0.00016122309388638253
100111010001,-0.011898174495258845,0.0001415665563196281
010111010001,-0.008215411021101645,6.749297824563837e-5
110111010001,-0.01269736562705411,0.00016122309386709522
001111010001,-0.012811381454044096,0.00016413149476102501
101111010001,-0.01282820541894987,0.00016456285427077482
011111010001,-0.013610273853411977,0.00018523955436486973
111111010001,-0.022307707483722215,0.0004976338131793161
000000110001,-0.02118797062154013,0.0004489300990592475
100000110001,-0.01946352821996211,0.00037882893076926136
010000110001,-0.012659029348942374,0.00016025102405738435
110000110001,-0.019099172541518925,0.00036477839177071045
001000110001,-0.01215084415313112,0.0001476430136336807
101000110001,-0.011867943658151829,0.00014084808667306622
011000110001,-0.011867943657296766,0.00014084808665277055
111000110001,-0.019087343935906668,0.0003643266985275931
000100110001,-0.01218887540618403,0.00014856868366747787
100100110001,-0.011351871871062789,0.0001288649949770266
010100110001,-0.007721468066509811,5.962106910213076e-5
110100110001,-0.011852116939342593,0.00014047267594385164
001100110001,-0.011397927125524697,0.00012991274275877168
101100110001,-0.01134345898368027,0.00012867406171443663
011100110001,-0.011898174495245053,0.00014156655631929985
111100110001,-0.019412727484241853,0.00037685398837743905
000010110001,-0.01286536541473409,0.00016551762725463607
100010110001,-0.011867943657793282,0.0001408480866645558
010010110001,-0.007790158083478733,6.0686562965589044e-5
110010110001,-0.0118136129253387,0.00013956145034972958
001010110001,-0.007825459811379915,6.123782125952216e-5
101010110001,-0.007690552132965616,5.9144592109861984e-5
011010110001,-0.007784085950285181,6.059199408142715e-5
111010110001,-0.012583547680172686,0.00015834567221917938
000110110001,-0.012112601396552992,0.0001467151125917775
100110110001,-0.011343458984098892,0.0001286740617239339
010110110001,-0.007813531668844026,6.10512771400285e-5
110110110001,-0.012067844420230052,0.00014563286895087757
001110110001,-0.012104407138031332,0.00014651667216322383
101110110001,-0.012113531149248792,0.00014673763690382075
011110110001,-0.012828205418952129,0.00016456285427083277
111110110001,-0.02101857681789224,0.0004417805714496371
000001110001,-0.020756207256907896,0.000430820139691716
100001110001,-0.019099172541427276,0.0003647783917672096
010001110001,-0.01245259705115859,0.00015506717331852362
110001110001,-0.018824851731900395,0.0003543750427280333
001001110001,-0.012067844421117847,0.00014563286897230511
101001110001,-0.011813612926109046,0.00013956145036793076
011001110001,-0.01185211693809646,0.00014047267591431298
111001110001,-0.01909917253934702,0.0003647783916877473
000101110001,-0.012697365627228676,0.00016122309387152828
100101110001,-0.011852116938727635,0.00014047267592927454
010101110001,-0.008092596446950873,6.549011725320188e-5
110101110001,-0.012452597050386717,0.00015506717329929996
001101110001,-0.012096860191174468,0.00014633402648482155
101101110001,-0.012067844420291528,0.00014563286895236135
011101110001,-0.012697365627639663,0.0001612230938819652
111101110001,-0.020756207257378256,0.00043082013971124176
000011110001,-0.020651865605251164,0.00042649955297735596
100011110001,-0.01908734393626868,0.00036432669854141275
010011110001,-0.012566638200973803,0.0001579203956741741
110011110001,-0.019099172539513015,0.00036477839169408804
001011110001,-0.012773350200248411,0.00016315847533818613
101011110001,-0.0125835476790464,0.00015834567219083403
011011110001,-0.012782150164542778,0.00016338336282892098
111011110001,-0.020705052085039442,0.0004286991818441961
000111110001,-0.020689999335352607,0.0004280760724968913
100111110001,-0.019412727484311606,0.0003768539883801472
010111110001,-0.013412039897378492,0.00017988281420887247
110111110001,-0.02075620725728119,0.0004308201397072124
001111110001,-0.020963941665579758,0.00043948685015783096
101111110001,-0.021018576818134696,0.00044178057145982923
011111110001,-0.022307707483832425,0.0004976338131842332
111111110001,-0.036603712601752054,0.0013398317762316624
000000001001,-0.023294047765504738,0.0005426126613016163
100000001001,-0.02143948895074432,0.0004596516864690877
010000001001,-0.013906452759349182,0.00019338942834801046
110000001001,-0.021018576819224262,0.00044178057150563146
001000001001,-0.013300264637404781,0.00017689703942500013
101000001001,-0.013013268857760898,0.00016934516636436965
011000001001,-0.012974764842900348,0.00016834452272856292
111000001001,-0.020903383934120136,0.0004369514598972318
000100001001,-0.013190848736260117,0.00017399849038289515
100100001001,-0.012306301136757994,0.00015144504766857107
010100001001,-0.008344196731742217,6.962561909801749e-5
110100001001,-0.012828205418854374,0.00016456285426832474
001100001001,-0.012260243581488568,0.0001503135726774316
101100001001,-0.012222128134953207,0.00014938041614721473
011100001001,-0.012782150164568816,0.00016338336282958662
111100001001,-0.020890452077531256,0.00043641098800362995
000010001001,-0.013190848736262095,0.00017399849038294733
100010001001,-0.01218887540573792,0.00014856868365660276
010010001001,-0.007975827212593097,6.361381972514058e-5
110010001001,-0.012113531148351666,0.00014673763688208602
001010001001,-0.007970043770107018,6.352159769742168e-5
101010001001,-0.007844300376440632,6.153304839582665e-5
011010001001,-0.007912990394256319,6.261541697959276e-5
111010001001,-0.012811381453930931,0.00016413149475812542
000110001001,-0.01215084415358262,0.0001476430136446529
100110001001,-0.01139792712679161,0.00012991274278765206
010110001001,-0.007825459810788377,6.123782125026407e-5
110110001001,-0.01210440713785442,0.00014651667215894102
001110001001,-0.012067844420346729,0.00014563286895369367
101110001001,-0.012096860190922706,0.0001463340264787305
011110001001,-0.012773350200073136,0.00016315847533370843
111110001001,-0.02096394166574126,0.0004394868501646024
000001001001,-0.013300264637345965,0.0001768970394234356
100001001001,-0.012260243581227067,0.00015031357267101947
010001001001,-0.00797004377019147,6.352159769876786e-5
110001001001,-0.012067844420950768,0.00014563286896827256
001001001001,-0.007689253961476097,5.912462648407585e-5
101001001001,-0.007539010597444849,5.6836680788385744e-5
011001001001,-0.007539010596168398,5.683668076913939e-5
111001001001,-0.012167852433094354,0.00014805663283356017
000101001001,-0.007970043769714193,6.352159769116002e-5
100101001001,-0.007451411261118791,5.5523529782327935e-5
010101001001,-0.00507047149597315,2.5709681191476192e-5
110101001001,-0.007813531669205863,6.105127714568296e-5
001101001001,-0.007539010596844584,5.683668077933493e-5
101101001001,-0.007532747561990788,5.674228583267817e-5
011101001001,-0.007901117081093941,6.242765112915445e-5
111101001001,-0.01293680240587452,0.0001673608564886408
000011001001,-0.012260243581313456,0.0001503135726731378
100011001001,-0.011351871871054658,0.000128864994976842
010011001001,-0.0074514112618038215,5.552352979253682e-5
110011001001,-0.01134345898249743,0.00012867406168760165
001011001001,-0.00753901059676944,5.683668077820191e-5
101011001001,-0.007439213744834682,5.5341901141337255e-5
011011001001,-0.007532747562141928,5.674228583495516e-5
111011001001,-0.012222128135279725,0.00014938041615519625
000111001001,-0.012067844420828113,0.0001456328689653122
100111001001,-0.011343458983046251,0.0001286740617000527
010111001001,-0.007813531668785935,6.105127713912072e-5
110111001001,-0.01211260139631454,0.00014671511258600094
001111001001,-0.01216785243339258,0.00014805663284081773
101111001001,-0.012222128134932857,0.0001493804161467173
011111001001,-0.01293680240577644,0.0001673608564861031
111111001001,-0.021266636363456288,0.0004522698222154812
000000101001,-0.013906452759155339,0.00019338942834261913
100000101001,-0.012814959093684884,0.0001642231765728169
010000101001,-0.008314751012454534,6.91350843991137e-5
110000101001,-0.012583547680604396,0.00015834567223004428
001000101001,-0.00797004377028561,6.352159770026845e-5
101000101001,-0.0078090674024699725,6.0981533696319124e-5
011000101001,-0.007790158082571564,6.068656295145507e-5
111000101001,-0.012566638200338915,0.0001579203956582173
000100101001,-0.00797582721241008,6.361381972222116e-5
100100101001,-0.007451411261194717,5.552352978345944e-5
010100101001,-0.005055843690979895,2.5561555427621205e-5
110100101001,-0.007784085949760455,6.059199407325812e-5
001100101001,-0.007451411261693491,5.552352979089259e-5
101100101001,-0.007439213744786007,5.534190114061305e-5
011100101001,-0.007784085950241992,6.059199408075478e-5
111100101001,-0.01273819992172529,0.0001622617372458422
000010101001,-0.008344196731178309,6.962561908860677e-5
100010101001,-0.007721468066038662,5.9621069094854835e-5
010010101001,-0.005055843691044277,2.556155542827222e-5
110010101001,-0.007690552132458349,5.914459210205965e-5
001010101001,-0.005070471495735608,2.570968118906729e-5
101010101001,-0.004998707972669158,2.49870813960262e-5
011010101001,-0.005046905332247985,2.5471253432673146e-5
111010101001,-0.008183047199334034,6.696226146652858e-5
000110101001,-0.007825459812188408,6.123782127217585e-5
100110101001,-0.007351628334651675,5.404643917085337e-5
010110101001,-0.005051336045506021,2.5515995844628404e-5
110110101001,-0.007825459810843892,6.123782125113292e-5
001110101001,-0.007813531668763791,6.105127713877468e-5
101110101001,-0.007844300376056637,6.15330483898023e-5
011110101001,-0.008287038943336001,6.867501444836746e-5
111110101001,-0.013618766623835672,0.00018547080435450046
000001101001,-0.012974764843157738,0.00016834452273524204
100001101001,-0.011977359558493179,0.0001434571419934279
010001101001,-0.007790158084466012,6.0686562980971156e-5
110001101001,-0.011813612925731094,0.00013956145035900076
001001101001,-0.007539010597571153,5.683668079029015e-5
101001101001,-0.007403978882903938,5.481890329848745e-5
011001101001,-0.007409932986532344,5.490710686490015e-5
111001101001,-0.011977359557052418,0.0001434571419589149
000101101001,-0.007912990393044533,6.261541696041507e-5
100101101001,-0.007409932986569987,5.490710686545802e-5
010101101001,-0.005046905331171775,2.547125342181008e-5
110101101001,-0.007790158083489308,6.06865629657538e-5
001101101001,-0.007532747561865579,5.674228583079182e-5
101101101001,-0.007539010596745705,5.6836680777844026e-5
011101101001,-0.00791299039446179,6.261541698284454e-5
111101101001,-0.012974764844063782,0.00016834452275875348
000011101001,-0.012782150164058221,0.00016338336281653362
100011101001,-0.011852116938748372,0.0001404726759297661
010011101001,-0.0077840859498518504,6.0591994074680986e-5
110011101001,-0.011867943657426478,0.00014084808665584938
001011101001,-0.007901117081020552,6.242765112799473e-5
101011101001,-0.007809067400912246,6.0981533671990345e-5
011011101001,-0.007912990394198714,6.261541697868111e-5
111011101001,-0.01285733911324235,0.00016531116907291159
000111101001,-0.012773350200863473,0.00016315847535389893
100111101001,-0.012023894178672686,0.00014457403121991892
010111101001,-0.00828703894248602,6.86750144342798e-5
110111101001,-0.012865365414770834,0.00016551762725558152
001111101001,-0.012936802405320193,0.00016736085647429835
101111101001,-0.013013268857046744,0.0001693451663457827
011111101001,-0.013778572373398957,0.00018984905664899297
111111101001,-0.022678627071009472,0.0005143201258259238
000000011001,-0.021439488949837843,0.0004596516864302189
100000011001,-0.01977705295671123,0.0003911318236525604
010000011001,-0.012814959094016695,0.0001642231765813212
110000011001,-0.019412727484091463,0.0003768539883716001
001000011001,-0.012260243581058355,0.00015031357266688257
101000011001,-0.012023894176211131,0.00014457403116072395
011000011001,-0.01197735956007817,0.00014345714203139594
111000011001,-0.019338951852017252,0.0003739950587346415
000100011001,-0.012188875406623128,0.0001485686836781821
100100011001,-0.011397927126734618,0.00012991274278635286
010100011001,-0.007721468066822347,5.962106910695723e-5
110100011001,-0.01189817449508377,0.00014156655631546194
001100011001,-0.011351871871641031,0.00012886499499015488
101100011001,-0.011343458982904635,0.00012867406169683987
011100011001,-0.011852116938115383,0.00014047267591476157
111100011001,-0.01941272748404416,0.00037685398836976355
000010011001,-0.012306301137948884,0.00015144504769788196
100010011001,-0.011397927126770914,0.00012991274278718025
010010011001,-0.007451411261794661,5.552352979240031e-5
110010011001,-0.011343458982817134,0.00012867406169485475
001010011001,-0.007451411261857128,5.552352979333124e-5
101010011001,-0.007351628334107443,5.4046439162851386e-5
011010011001,-0.007409932986514996,5.490710686464305e-5
111010011001,-0.01202389417614411,0.00014457403115911225
000110011001,-0.011397927124884287,0.00012991274274417298
100110011001,-0.010716895937114345,0.00011485185852693794
010110011001,-0.007351628334557301,5.4046439169465765e-5
110110011001,-0.011397927126700642,0.00012991274278557834
001110011001,-0.011343458983347323,0.0001286740617068831
101110011001,-0.011397927126885954,0.0001299127427898027
011110011001,-0.012023894176936308,0.00014457403117816285
111110011001,-0.01977705295685716,0.0003911318236583325
000001011001,-0.013013268857728431,0.00016934516636352465
100001011001,-0.012023894177590795,0.00014457403119390183
010001011001,-0.007809067400900909,6.098153367181328e-5
110001011001,-0.01185211693857217,0.00014047267592558936
001001011001,-0.00753901059690144,5.683668078019221e-5
101001011001,-0.007409932986934118,5.4907106870854385e-5
011001011001,-0.007403978881382194,5.4818903275953535e-5
111001011001,-0.011977359559666329,0.0001434571420215304
000101011001,-0.00784430037858453,6.15330484294614e-5
100101011001,-0.0073516283347096765,5.404643917170618e-5
010101011001,-0.004998707970842867,2.4987081377768012e-5
110101011001,-0.007721468066653419,5.9621069104348495e-5
001101011001,-0.0074392137438419135,5.534190112656642e-5
101101011001,-0.007451411261665425,5.5523529790474325e-5
011101011001,-0.007809067401660572,6.09815336836778e-5
111101011001,-0.012814959093180702,0.00016422317655989476
000011011001,-0.012222128135625003,0.0001493804161636363
100011011001,-0.01134345898406537,0.00012867406172317337
010011011001,-0.007439213743987199,5.5341901128728044e-5
110011011001,-0.011351871870504302,0.00012886499496434685
001011011001,-0.0075327475618743615,5.674228583092414e-5
101011011001,-0.007451411259978026,5.552352976532731e-5
011011011001,-0.007539010596183653,5.683668076936941e-5
111011011001,-0.012260243581944595,0.00015031357268861364
000111011001,-0.012096860190379716,0.00014633402646559358
100111011001,-0.011397927123738829,0.00012991274271806127
010111011001,-0.007844300377587399,6.153304841381782e-5
110111011001,-0.01218887540741656,0.0001485686836975242
001111011001,-0.012222128134665975,0.00014938041614019358
101111011001,-0.012306301138615482,0.0001514450477142887
011111011001,-0.013013268858623077,0.00016934516638680917
111111011001,-0.02143948894999967,0.0004596516864371578
000000111001,-0.021018576818856164,0.0004417805714901577
100000111001,-0.019412727486436368,0.0003768539884626421
010000111001,-0.01258354767997893,0.0001583456722143031
110000111001,-0.01908734393458542,0.0003643266984771548
001000111001,-0.012067844420416501,0.00014563286895537766
101000111001,-0.011852116938275242,0.00014047267591855089
011000111001,-0.01181361292585111,0.00013956145036183643
111000111001,-0.019099172540521046,0.00036477839173259315
000100111001,-0.012113531148605422,0.00014673763688823378
100100111001,-0.011343458983029962,0.00012867406169968316
010100111001,-0.007690552132670256,5.9144592105319014e-5
110100111001,-0.011867943657423448,0.00014084808665577745
001100111001,-0.011343458982661538,0.00012867406169132475
101100111001,-0.0113518718704229,0.00012886499496249872
011100111001,-0.011867943657288342,0.0001408480866525706
111100111001,-0.019463528222239238,0.00037882893085790334
000010111001,-0.012828205419299582,0.00016456285427974716
100010111001,-0.011898174495261793,0.00014156655631969821
010010111001,-0.007784085949807494,6.0591994073990444e-5
110010111001,-0.011867943657494228,0.00014084808665745747
001010111001,-0.007813531669250817,6.105127714638545e-5
101010111001,-0.0077214680664711354,5.962106910153349e-5
011010111001,-0.007790158082489455,6.0686562950175775e-5
111010111001,-0.012659029348491798,0.00016025102404597664
000110111001,-0.012104407137732734,0.00014651667215599513
100110111001,-0.011397927123648623,0.00012991274271600498
010110111001,-0.00782545981226341,6.123782127334967e-5
110110111001,-0.012150844153658203,0.00014764301364648974
001110111001,-0.012112601396852758,0.00014671511259903937
101110111001,-0.0121888754057804,0.0001485686836576383
011110111001,-0.012865365414918095,0.00016551762725937065
111110111001,-0.021187970622357232,0.000448930099093873
000001111001,-0.020903383934875494,0.00043695145992881084
100001111001,-0.01933895184997418,0.0003739950586556198
010001111001,-0.01256663820013961,0.00015792039565320806
110001111001,-0.01909917254012065,0.00036477839171729874
001001111001,-0.01216785243278097,0.00014805663282593378
101001111001,-0.011977359556699235,0.0001434571419504545
011001111001,-0.01197735956012318,0.00014345714203247415
111001111001,-0.019401488762250074,0.0003764177661917159
000101111001,-0.012811381453622109,0.00016413149475021254
100101111001,-0.012023894178719092,0.00014457403122103486
010101111001,-0.008183047198842917,6.69622614584909e-5
110101111001,-0.01265902934897125,0.00016025102405811543
001101111001,-0.012222128135338784,0.0001493804161566399
101101111001,-0.012260243581562141,0.00015031357267923567
011101111001,-0.012857339111447178,0.00016531116902674935
111101111001,-0.021125934005841552,0.0004463050876191724
000011111001,-0.020890452077570613,0.0004364109880052743
100011111001,-0.019412727484309403,0.0003768539883800617
010011111001,-0.012738199921401176,0.00016226173723758494
110011111001,-0.019463528222916825,0.0003788289308842798
001011111001,-0.012936802405439811,0.0001673608564773933
101011111001,-0.012814959095061708,0.00016422317660810478
011011111001,-0.012974764842933445,0.00016834452272942177
111011111001,-0.02112593400526918,0.00044630508759498864
000111111001,-0.020963941665053436,0.0004394868501357634
100111111001,-0.019777052956565414,0.00039113182364679277
010111111001,-0.013618766624541664,0.00018547080437372995
110111111001,-0.021187970621430536,0.0004489300990546034
001111111001,-0.021266636363850015,0.0004522698222322277
101111111001,-0.021439488951669947,0.00045965168650877766
011111111001,-0.02267862707114751,0.0005143201258321848
111111111001,-0.03740271790405399,0.0013989633066102413
000000000101,-0.024335118885733448,0.0005921980111827807
100000000101,-0.02267862707151178,0.000514320125848707
010000000101,-0.014580292734826203,0.00021258493623322575
110000000101,-0.0223077074832164,0.000497633813156749
001000000101,-0.013906452758783192,0.00019338942833226864
101000000101,-0.013778572372476572,0.00018984905662357466
011000000101,-0.013618766624530139,0.00018547080437341602
111000000101,-0.02220307978708079,0.0004929767520314756
000100000101,-0.013775502129581863,0.00018976445892211446
100100000101,-0.013013268857747748,0.00016934516636402737
010100000101,-0.008746241046510495,7.649673244366499e-5
110100000101,-0.0136102738551265,0.00018523955441153997
001100000101,-0.012814959093691885,0.00016422317657299634
101100000101,-0.012936802405782972,0.00016736085648627212
011100000101,-0.01341203989737895,0.00017988281420888475
111100000101,-0.022179582741525938,0.0004919338905881953
000010000101,-0.013750502239362644,0.00018907631183471708
100010000101,-0.012865365415487719,0.00016551762727402751
010010000101,-0.008344196731441211,6.96256190929942e-5
110010000101,-0.01282820541920489,0.0001645628542773177
001010000101,-0.00831475101235783,6.913508439750557e-5
101010000101,-0.008287038943702056,6.867501445443448e-5
011010000101,-0.008287038942450472,6.867501443369063e-5
111010000101,-0.013576678373610528,0.0001843261956604638
000110000101,-0.012659029348165752,0.0001602510240377218
100110000101,-0.012023894176167029,0.0001445740311596634
010110000101,-0.00818304719940046,6.69622614676157e-5
110110000101,-0.012811381453895536,0.00016413149475721852
001110000101,-0.01258354768045201,0.00015834567222620913
101110000101,-0.012773350200651888,0.00016315847534849364
011110000101,-0.013370445731233666,0.00017876881905186455
111110000101,-0.02220307978647707,0.0004929767520046668
000001000101,-0.013775502129108993,0.0001897644589090864
100001000101,-0.012857339112203263,0.0001653111690461918
010001000101,-0.008284337710347043,6.863025129907808e-5
110001000101,-0.012697365626908519,0.00016122309386339795
001001000101,-0.007970043769806512,6.35215976926316e-5
101001000101,-0.00791299039278197,6.261541695625976e-5
011001000101,-0.007844300377637834,6.153304841460907e-5
111001000101,-0.012811381454063247,0.00016413149476151572
000101000101,-0.00824910284740926,6.804769778713556e-5
100101000101,-0.007809067402535852,6.098153369734804e-5
010101000101,-0.0052672394930285546,2.77438118769197e-5
110101000101,-0.0082154110212705,6.749297824841279e-5
001101000101,-0.00780906740152356,6.098153368153793e-5
101101000101,-0.007901117080844943,6.24276511252197e-5
011101000101,-0.008215411021074997,6.749297824520051e-5
111101000101,-0.013610273854810454,0.00018523955440293702
000011000101,-0.012659029349037175,0.00016025102405978453
100011000101,-0.011867943658150406,0.00014084808667303244
010011000101,-0.007721468066748923,5.962106910582335e-5
110011000101,-0.011898174494609072,0.00014156655630416585
001011000101,-0.007790158083303921,6.068656296286542e-5
101011000101,-0.007784085949569512,6.059199407028549e-5
011011000101,-0.007813531668797329,6.105127713929877e-5
111011000101,-0.012828205418994232,0.000164562854271913
000111000101,-0.012452597050143762,0.0001550671732932491
100111000101,-0.011852116938283818,0.0001404726759187542
010111000101,-0.008092596448016314,6.549011727044625e-5
110111000101,-0.01269736562761686,0.00016122309388138612
001111000101,-0.012566638201378615,0.00015792039568434833
101111000101,-0.012782150164991058,0.00016338336284038094
011111000101,-0.013412039897479387,0.00017988281421157888
111111000101,-0.022307707483434424,0.0004976338131664762
000000100101,-0.013906452759196771,0.00019338942834377148
100000100101,-0.012974764843017194,0.000168344522731595
010000100101,-0.008344196731073911,6.962561908686455e-5
110000100101,-0.012782150164299308,0.00016338336282269682
001000100101,-0.007975827212375093,6.361381972166304e-5
101000100101,-0.007912990392829012,6.261541695700425e-5
011000100101,-0.00782545981220158,6.1237821272382e-5
111000100101,-0.012773350200924955,0.00016315847535546959
000100100101,-0.007970043770283555,6.352159770023572e-5
100100100101,-0.007539010597374303,5.6836680787322054e-5
010100100101,-0.005070471495737038,2.5709681189081796e-5
110100100101,-0.007901117080992252,6.242765112754753e-5
001100100101,-0.007451411261688407,5.552352979081682e-5
101100100101,-0.007532747562267617,5.674228583684873e-5
011100100101,-0.007813531668863078,6.105127714032624e-5
111100100101,-0.012936802405175609,0.00016736085647055745
000010100101,-0.00831475101253856,6.913508440051099e-5
100010100101,-0.00779015808419285,6.0686562976715215e-5
010010100101,-0.0050558436910540586,2.5561555428371127e-5
110010100101,-0.007784085949827783,6.05919940743063e-5
001010100101,-0.005055843691002525,2.5561555427850036e-5
101010100101,-0.005046905331719904,2.5471253427342795e-5
011010100101,-0.00505133604550475,2.5515995844615567e-5
111010100101,-0.00828703894237684,6.867501443247025e-5
000110100101,-0.007790158082562227,6.068656295130959e-5
100110100101,-0.007409932986866339,5.490710686984991e-5
010110100101,-0.005046905332223679,2.5471253432427805e-5
110110100101,-0.007912990394211786,6.2615416978888e-5
001110100101,-0.007784085950097443,6.059199407850441e-5
101110100101,-0.007912990394399237,6.26154169818546e-5
011110100101,-0.008287038943358579,6.867501444874166e-5
111110100101,-0.013778572373298143,0.00018984905664621484
000001100101,-0.012814959093514242,0.0001642231765684434
100001100101,-0.01197735955867988,0.0001434571419979003
010001100101,-0.007721468066246071,5.962106909805783e-5
110001100101,-0.011852116938343362,0.00014047267592016564
001001100101,-0.007451411261349356,5.5523529785764e-5
101001100101,-0.00740993298664471,5.4907106866565396e-5
011001100101,-0.007351628334539849,5.4046439169209154e-5
111001100101,-0.012023894178843591,0.0001445740312240288
000101100101,-0.007809067402655994,6.098153369922443e-5
100101100101,-0.0074039788828829224,5.481890329817626e-5
010101100101,-0.004998707972358943,2.4987081392924857e-5
110101100101,-0.007809067401489481,6.098153368100567e-5
001101100101,-0.0074392137446106866,5.534190113800455e-5
101101100101,-0.007539010596733836,5.6836680777665065e-5
011101100101,-0.007844300376250697,6.153304839284684e-5
111101100101,-0.013013268856718772,0.0001693451663372467
000011100101,-0.012583547680553232,0.00015834567222875663
100011100101,-0.011813612926046664,0.00013956145036645682
010011100101,-0.007690552132508375,5.914459210282911e-5
110011100101,-0.011867943657427884,0.00014084808665588272
001011100101,-0.007784085949793783,6.0591994073776985e-5
101011100101,-0.007790158082997718,6.0686562958094686e-5
011011100101,-0.007825459810825266,6.123782125084142e-5
111011100101,-0.012865365414758755,0.00016551762725527074
000111100101,-0.012566638200349669,0.00015792039565848756
100111100101,-0.011977359556808374,0.0001434571419530689
010111100101,-0.008183047199369518,6.69622614671093e-5
110111100101,-0.012857339113077274,0.00016531116906866672
001111100101,-0.012738199921814557,0.0001622617372481164
101111100101,-0.012974764844063671,0.0001683445227587506
011111100101,-0.013618766623742841,0.000185470804351972
111111100101,-0.022678627071239785,0.00051432012583637
000000010101,-0.014580292733659767,0.00021258493619921175
100000010101,-0.01361876662341824,0.00018547080434313065
010000010101,-0.008746241048432902,7.649673247729265e-5
110000010101,-0.01341203989797419,0.00017988281422485152
001000010101,-0.008344196732000255,6.962561910232374e-5
101000010101,-0.008287038943694354,6.867501445430683e-5
011000010101,-0.008183047198849084,6.696226145859182e-5
111000010101,-0.01337044573075538,0.00017876881903907476
000100010101,-0.008284337710370708,6.863025129947018e-5
100100010101,-0.00784430037648126,6.153304839646404e-5
010100010101,-0.005267239494270471,2.774381189000264e-5
110100010101,-0.008215411021012413,6.749297824417221e-5
001100010101,-0.0077214680671809244,5.962106911249472e-5
101100010101,-0.007813531669444783,6.105127714941657e-5
011100010101,-0.008092596446977613,6.549011725363468e-5
111100010101,-0.013412039897887544,0.00017988281422252734
000010010101,-0.008344196731691124,6.962561909716483e-5
100010010101,-0.007825459811215754,6.12378212569529e-5
010010010101,-0.005070471495906704,2.5709681190802367e-5
110010010101,-0.0078135316692302,6.105127714606327e-5
001010010101,-0.005055843691339007,2.5561555431252435e-5
101010010101,-0.005051336046310587,2.5515995852756675e-5
011010010101,-0.005046905331175537,2.5471253421848052e-5
111010010101,-0.008287038943574543,6.867501445232107e-5
000110010101,-0.007721468067549274,5.962106911818312e-5
100110010101,-0.007351628334143805,5.4046439163386026e-5
010110010101,-0.004998707972373143,2.4987081393066816e-5
110110010101,-0.007844300376445014,6.15330483958954e-5
001110010101,-0.007690552133024962,5.9144592110774794e-5
101110010101,-0.007825459811442175,6.12378212604966e-5
011110010101,-0.008183047196969303,6.696226142782715e-5
111110010101,-0.013618766623711623,0.00018547080435112168
000001010101,-0.008746241048184545,7.649673247294827e-5
100001010101,-0.008183047198471042,6.696226145240477e-5
010001010101,-0.0052672394922736185,2.7743811868966842e-5
110001010101,-0.00809259644786388,6.549011726797908e-5
001001010101,-0.005070471496380582,2.5709681195607934e-5
101001010101,-0.005046905331760413,2.547125342775169e-5
011001010101,-0.0049987079708868265,2.4987081378207493e-5
111001010101,-0.00818304719814626,6.696226144708936e-5
000101010101,-0.005267239494147338,2.7743811888705495e-5
100101010101,-0.004998707972710867,2.4987081396443188e-5
010101010101,-0.0033687750002052864,1.1348645002008127e-5
110101010101,-0.005267239493887029,2.7743811885963283e-5
001101010101,-0.004998707972530859,2.4987081394643565e-5
101101010101,-0.005070471495709077,2.5709681188798247e-5
011101010101,-0.005267239493839053,2.774381188545788e-5
111101010101,-0.008746241046610828,7.649673244542006e-5
000011010101,-0.008183047199073135,6.696226146225868e-5
100011010101,-0.007690552133006904,5.9144592110497035e-5
010011010101,-0.004998707971715369,2.498708138649078e-5
110011010101,-0.007721468066170216,5.9621069096886406e-5
001011010101,-0.0050469053306738156,2.5471253416783774e-5
101011010101,-0.005055843690126493,2.5561555418991877e-5
011011010101,-0.0050704714959170765,2.5709681190907555e-5
111011010101,-0.008344196732319726,6.962561910765518e-5
000111010101,-0.008092596447046968,6.54901172547572e-5
100111010101,-0.007721468066396206,5.962106910037636e-5
010111010101,-0.0052672394930593355,2.774381187724396e-5
110111010101,-0.008284337710813982,6.863025130681463e-5
001111010101,-0.008183047196940376,6.696226142735374e-5
101111010101,-0.008344196731682334,6.962561909701814e-5
011111010101,-0.008746241049490058,7.649673249578494e-5
111111010101,-0.014580292734848186,0.00021258493623386676
000000110101,-0.013618766623444347,0.00018547080434384175
100000110101,-0.01273819992508462,0.00016226173733142584
010000110101,-0.008183047198587532,6.696226145431126e-5
110000110101,-0.012566638199227573,0.00015792039563028562
001000110101,-0.007825459811417494,6.123782126011032e-5
101000110101,-0.007784085949580614,6.059199407045833e-5
011000110101,-0.007690552132679248,5.9144592105457324e-5
111000110101,-0.012583547679324137,0.00015834567219782388
000100110101,-0.007844300376681058,6.153304839959859e-5
100100110101,-0.007439213744817751,5.534190114108535e-5
010100110101,-0.004998707973052338,2.4987081399857015e-5
110100110101,-0.007809067401361285,6.098153367900349e-5
001100110101,-0.007351628333569113,5.404643915493618e-5
101100110101,-0.007451411259744065,5.552352976184063e-5
011100110101,-0.007721468066476237,5.962106910161228e-5
111100110101,-0.012814959094616584,0.00016422317659669632
000010110101,-0.008287038943415129,6.867501444967894e-5
100010110101,-0.007784085949321305,6.0591994066421365e-5
010010110101,-0.0050469053312154795,2.547125342225123e-5
110010110101,-0.007790158082780186,6.068656295470546e-5
001010110101,-0.0050513360464268285,2.551599585393102e-5
101010110101,-0.005055843690135223,2.5561555419080152e-5
011010110101,-0.005055843690981931,2.5561555427641798e-5
111010110101,-0.00831475101299953,6.913508440817672e-5
000110110101,-0.007813531669434742,6.105127714925967e-5
100110110101,-0.007451411260023848,5.552352976601019e-5
010110110101,-0.005070471495702144,2.570968118872794e-5
110110110101,-0.007970043770232329,6.352159769941916e-5
001110110101,-0.007825459811777534,6.123782126574528e-5
101110110101,-0.007975827210396011,6.361381969009342e-5
011110110101,-0.008344196731396109,6.96256190922415e-5
111110110101,-0.013906452761293155,0.000193389428402078
000001110101,-0.013412039897886632,0.00017988281422250287
100001110101,-0.012566638199302854,0.00015792039563217766
010001110101,-0.008092596447484434,6.549011726183766e-5
110001110101,-0.012452597051162072,0.00015506717331861033
001001110101,-0.007813531669029952,6.105127714293398e-5
101001110101,-0.007790158083007065,6.068656295824031e-5
011001110101,-0.0077214680667941245,5.962106910652139e-5
111001110101,-0.012659029349692132,0.00016025102407636675
000101110101,-0.008215411020991407,6.749297824382707e-5
100101110101,-0.007809067400902213,6.098153367183364e-5
010101110101,-0.005267239494296845,2.7743811890280475e-5
110101110101,-0.008249102847085866,6.804769778180014e-5
001101110101,-0.007844300376915433,6.15330484032756e-5
101101110101,-0.007970043770372292,6.352159770165018e-5
011101110101,-0.008284337710266513,6.86302512977438e-5
111101110101,-0.013775502129671194,0.00018976445892457562
000011110101,-0.013370445731041963,0.00017876881904673825
100011110101,-0.012583547679063731,0.0001583456721912702
010011110101,-0.00818304719842209,6.696226145160361e-5
110011110101,-0.01265902935024545,0.0001602510240903757
001011110101,-0.00828703894344405,6.867501445015828e-5
101011110101,-0.00831475101312644,6.913508441028714e-5
011011110101,-0.008344196731756943,6.962561909826324e-5
111011110101,-0.013750502238615927,0.00018907631181418162
000111110101,-0.013412039897733275,0.00017988281421838921
100111110101,-0.01281495909505624,0.00016422317660796465
010111110101,-0.008746241046494714,7.649673244338895e-5
110111110101,-0.013775502129147264,0.00018976445891014083
001111110101,-0.01361876662359655,0.00018547080434798738
101111110101,-0.013906452761029411,0.0001933894283947425
011111110101,-0.014580292735134533,0.00021258493624221682
111111110101,-0.02433511888389618,0.0005921980110933604
000000001101,-0.022678627071220776,0.0005143201258355079
100000001101,-0.021266636363558508,0.000452269822219829
010000001101,-0.013618766623916492,0.00018547080435670182
110000001101,-0.02096394166568667,0.0004394868501623135
001000001101,-0.012974764843355921,0.00016834452274038482
101000001101,-0.012936802405773268,0.00016736085648602105
011000001101,-0.012738199921423247,0.00016226173723814724
111000001101,-0.02089045207718847,0.00043641098798930807
000100001101,-0.012857339112296898,0.0001653111690485996
100100001101,-0.012222128134954399,0.00014938041614724387
010100001101,-0.008183047198430698,6.696226145174448e-5
110100001101,-0.012811381453560675,0.00016413149474863847
001100001101,-0.01197735955860759,0.0001434571419961686
101100001101,-0.0121678524334456,0.00014805663284210802
011100001101,-0.012566638200955476,0.00015792039567371347
111100001101,-0.0209033839346756,0.00043695145992045386
000010001101,-0.012865365415135522,0.0001655176272649652
100010001101,-0.012112601396124155,0.0001467151125813888
010010001101,-0.007825459811384054,6.123782125958694e-5
110010001101,-0.012104407138344694,0.00014651667217080997
001010001101,-0.007790158083191732,6.068656296111748e-5
101010001101,-0.007813531669366297,6.105127714819007e-5
011010001101,-0.007784085949840778,6.0591994074508605e-5
111010001101,-0.012828205419058316,0.00016456285427355715
000110001101,-0.011867943657701252,0.00014084808666237137
100110001101,-0.011343458982853848,0.00012867406169568766
010110001101,-0.007690552132510271,5.9144592102858275e-5
110110001101,-0.012113531148256147,0.00014673763687977188
001110001101,-0.011813612925103998,0.00013956145034418424
101110001101,-0.01206784442061645,0.00014563286896020357
011110001101,-0.01258354768035588,0.00015834567222378985
111110001101,-0.02101857681893642,0.0004417805714935314
000001001101,-0.013013268856892815,0.00016934516634177645
100001001101,-0.012222128134966606,0.00014938041614754227
010001001101,-0.007844300377528866,6.153304841289951e-5
110001001101,-0.012096860191439084,0.00014633402649122363
001001001101,-0.0075390105974403685,5.6836680788318185e-5
101001001101,-0.007532747562344366,5.6742285838004985e-5
011001001101,-0.007439213744001493,5.534190112894072e-5
111001001101,-0.012222128134875766,0.00014938041614532174
000101001101,-0.007809067402421066,6.0981533695555303e-5
100101001101,-0.00743921374482262,5.53419011411578e-5
010101001101,-0.0049987079717008715,2.498708138634584e-5
110101001101,-0.007844300376802527,6.153304840150426e-5
001101001101,-0.007403978880408713,5.481890326153827e-5
101101001101,-0.007539010596837019,5.683668077922086e-5
011101001101,-0.007809067402657658,6.098153369925043e-5
111101001101,-0.013013268857186639,0.00016934516634942368
000011001101,-0.01202389417736067,0.00014457403118836782
100011001101,-0.011343458983671229,0.00012867406171423153
010011001101,-0.007351628333184401,5.404643914927966e-5
110011001101,-0.01139792712498653,0.0001299127427465037
001011001101,-0.007409932988688768,5.4907106896858066e-5
101011001101,-0.007451411259745625,5.552352976186388e-5
011011001101,-0.007451411261751068,5.552352979175064e-5
111011001101,-0.012306301138107215,0.00015144504770177894
000111001101,-0.01185211693915138,0.00014047267593931905
100111001101,-0.011351871870447647,0.00012886499496306058
010111001101,-0.0077214680667530506,5.962106910588709e-5
110111001101,-0.012188875406822465,0.00014856868368304149
001111001101,-0.01197735955836534,0.00014345714199036558
101111001101,-0.012260243582165934,0.00015031357269404096
011111001101,-0.012814959093611758,0.0001642231765709427
111111001101,-0.02143948895028628,0.0004596516864494474
000000101101,-0.013778572373403323,0.0001898490566491133
100000101101,-0.012936802405650968,0.0001673608564828567
010000101101,-0.008287038943293232,6.86750144476586e-5
110000101101,-0.012773350200167044,0.00016315847533610747
001000101101,-0.00791299039364482,6.26154169699152e-5
101000101101,-0.007901117080855556,6.242765112538742e-5
011000101101,-0.007784085949797103,6.0591994073828675e-5
111000101101,-0.012782150164389463,0.0001633833628250016
000100101101,-0.007912990393630828,6.261541696969375e-5
100100101101,-0.0075327475619901135,5.6742285832668e-5
010100101101,-0.005046905331194397,2.547125342203843e-5
110100101101,-0.00791299039347668,6.261541696725422e-5
001100101101,-0.0074099329881338735,5.49071068886346e-5
101100101101,-0.007539010596881057,5.683668077988488e-5
011100101101,-0.0077901580834928525,6.0686562965809035e-5
111100101101,-0.012974764843364643,0.00016834452274061115
000010101101,-0.008287038943180116,6.86750144457838e-5
100010101101,-0.007813531669269454,6.105127714667671e-5
010010101101,-0.005051336046629137,2.551599585597488e-5
110010101101,-0.007825459811414175,6.123782126005838e-5
001010101101,-0.005046905331214197,2.547125342223828e-5
101010101101,-0.005070471495738631,2.5709681189097947e-5
011010101101,-0.005055843691043829,2.5561555428267688e-5
111010101101,-0.008344196731494634,6.962561909388572e-5
000110101101,-0.007784085949819592,6.0591994074178784e-5
100110101101,-0.007451411261714991,5.552352979121299e-5
010110101101,-0.005055843691055457,2.5561555428385266e-5
110110101101,-0.007975827212606673,6.361381972535713e-5
001110101101,-0.0077901580835873065,6.068656296728066e-5
101110101101,-0.007970043769851097,6.352159769334229e-5
011110101101,-0.008314751011981791,6.913508439125221e-5
111110101101,-0.013906452759230994,0.0001933894283447233
000001101101,-0.012936802405660506,0.00016736085648310346
100001101101,-0.012167852433654735,0.00014805663284719745
010001101101,-0.007813531669133345,6.105127714454971e-5
110001101101,-0.01206784442047397,0.0001456328689567647
001001101101,-0.007532747561917087,5.674228583156782e-5
101001101101,-0.007539010596731395,5.683668077762826e-5
011001101101,-0.007451411261802883,5.552352979252284e-5
111001101101,-0.01226024358147144,0.00015031357267701162
000101101101,-0.007901117080781983,6.24276511242248e-5
100101101101,-0.0075390105967528724,5.683668077795211e-5
010101101101,-0.005070471495922515,2.5709681190962704e-5
110101101101,-0.00797004377016344,6.352159769832106e-5
001101101101,-0.0075390105970164,5.6836680781925586e-5
101101101101,-0.007689253961059266,5.912462647766562e-5
011101101101,-0.007970043769801902,6.352159769255812e-5
111101101101,-0.013300264637329865,0.00017689703942300734
000011101101,-0.012773350200269004,0.0001631584753387122
100011101101,-0.012067844420306027,0.0001456328689527113
010011101101,-0.00782545981138013,6.123782125952554e-5
110011101101,-0.012150844153199841,0.00014764301363535075
001011101101,-0.00791299039346513,6.261541696707143e-5
101011101101,-0.007970043770372167,6.352159770164819e-5
011011101101,-0.007975827212600336,6.361381972525605e-5
111011101101,-0.013190848736415394,0.00017399849038699162
000111101101,-0.01278215016439718,0.00016338336282519889
100111101101,-0.012260243581541456,0.00015031357267872845
010111101101,-0.008344196731442672,6.962561909301856e-5
110111101101,-0.013190848736452897,0.000173998490387981
001111101101,-0.012974764843264097,0.00016834452273800204
101111101101,-0.013300264637295296,0.00017689703942208777
011111101101,-0.013906452759272957,0.00019338942834589042
111111101101,-0.023294047765471206,0.000542612661300054
000000011101,-0.022307707484648463,0.0004976338132206411
100000011101,-0.02096394166584201,0.0004394868501688266
010000011101,-0.013412039896809991,0.00017988281419362297
110000011101,-0.020689999335324418,0.0004280760724957248
001000011101,-0.01278215016440031,0.0001633833628252789
101000011101,-0.01277335020062844,0.00016315847534789462
011000011101,-0.012566638200148176,0.00015792039565342336
111000011101,-0.020651865604888606,0.000426499552962381
000100011101,-0.012697365626841326,0.0001612230938616916
100100011101,-0.012096860190945616,0.0001463340264792848
010100011101,-0.00809259644745721,6.549011726139706e-5
110100011101,-0.012697365627146183,0.00016122309386943338
001100011101,-0.011852116938689377,0.00014047267592836766
101100011101,-0.012067844420566161,0.0001456328689589898
011100011101,-0.012452597051152798,0.00015506717331837937
111100011101,-0.020756207257351916,0.00043082013971014834
000010011101,-0.012828205418511646,0.00016456285425953156
100010011101,-0.012104407137831542,0.00014651667215838718
010010011101,-0.007813531669142072,6.105127714468609e-5
110010011101,-0.012112601396281005,0.00014671511258518855
001010011101,-0.007784085949522026,6.059199406954622e-5
101010011101,-0.007825459811320145,6.123782125858671e-5
011010011101,-0.007790158084467036,6.068656298098712e-5
111010011101,-0.012865365415437665,0.0001655176272727396
000110011101,-0.011898174495023813,0.00014156655631403515
100110011101,-0.011397927126793914,0.00012991274278770457
010110011101,-0.007721468066241324,5.962106909798453e-5
110110011101,-0.012188875405694972,0.00014856868365555577
001110011101,-0.011867943657332342,0.00014084808665361498
101110011101,-0.012150844152126767,0.00014764301360927322
011110011101,-0.012659029349465606,0.00016025102407063156
111110011101,-0.021187970621530338,0.00044893009905883264
000001011101,-0.013610273853561497,0.00018523955436893972
100001011101,-0.012811381453308814,0.00016413149474218508
010001011101,-0.008215411023594405,6.749297828659646e-5
110001011101,-0.012697365627195527,0.00016122309387068648
001001011101,-0.007901117081724304,6.242765113911557e-5
101001011101,-0.00791299039449486,6.261541698336793e-5
011001011101,-0.007809067400978347,6.0981533673022716e-5
111001011101,-0.012857339111741545,0.0001653111690343189
000101011101,-0.00821541102163519,6.749297825440496e-5
100101011101,-0.0078443003760796,6.153304839016256e-5
010101011101,-0.005267239492306886,2.77438118693173e-5
110101011101,-0.008284337710591597,6.863025130313001e-5
001101011101,-0.00780906740117992,6.0981533676170914e-5
101101011101,-0.007970043769802801,6.352159769257244e-5
011101011101,-0.008249102848229712,6.804769780067153e-5
111101011101,-0.01377550212960503,0.00018976445892275273
000011011101,-0.012811381452747184,0.00016413149472779454
100011011101,-0.012113531149234302,0.0001467376369034697
010011011101,-0.007844300377592893,6.1533048413904e-5
110011011101,-0.01218887540527452,0.0001485686836453061
001011011101,-0.00791299039423097,6.261541697919161e-5
101011011101,-0.007975827210432666,6.361381969067812e-5
011011011101,-0.007970043770114107,6.35215976975347e-5
111011011101,-0.01319084873782148,0.00017399849042408656
000111011101,-0.012697365627813791,0.0001612230938863871
100111011101,-0.012188875405812438,0.0001485686836584193
010111011101,-0.008284337710376552,6.863025129956701e-5
110111011101,-0.013106064199891423,0.00017176891881167563
001111011101,-0.012857339112840677,0.0001653111690625827
101111011101,-0.013190848737646593,0.00017399849041947274
011111011101,-0.013775502127773594,0.00018976445887229482
111111011101,-0.02309359502275965,0.0005333141310752292
000000111101,-0.022203079786558493,0.0004929767520082824
100000111101,-0.020890452075267508,0.0004364109879090485
010000111101,-0.0133704457312319,0.00017876881905181733
110000111101,-0.020651865606459114,0.00042649955302724883
001000111101,-0.012773350200184521,0.00016315847533655394
101000111101,-0.012782150164997053,0.00016338336284053422
011000111101,-0.012583547679939588,0.00015834567221331298
111000111101,-0.020705052084408895,0.00042869918181808505
000100111101,-0.012811381453249008,0.00016413149474065267
100100111101,-0.012222128134944348,0.0001493804161469982
010100111101,-0.008183047198510015,6.696226145304259e-5
110100111101,-0.012857339112451321,0.00016531116905257054
001100111101,-0.012023894177537752,0.00014457403119262627
101100111101,-0.012260243582184409,0.00015031357269449397
011100111101,-0.012659029349002652,0.00016025102405891047
111100111101,-0.021125934006049486,0.00044630508762795803
000010111101,-0.013576678374276376,0.0001843261956785438
100010111101,-0.012828205418885238,0.0001645628542691166
010010111101,-0.008287038943283772,6.867501444750182e-5
110010111101,-0.012865365415282222,0.00016551762726873991
001010111101,-0.008287038943413904,6.867501444965864e-5
101010111101,-0.008344196731773505,6.962561909853963e-5
011010111101,-0.008314751012495755,6.913508439979917e-5
111010111101,-0.01375050223914413,0.00018907631182870773
000110111101,-0.012828205419211541,0.00016456285427748836
100110111101,-0.012306301138714615,0.00015144504771672862
010110111101,-0.008344196731048348,6.962561908643794e-5
110110111101,-0.013190848736244858,0.00017399849038249258
001110111101,-0.012865365414515136,0.00016551762724900223
101110111101,-0.013190848737612724,0.00017399849041857922
011110111101,-0.013750502239353687,0.00018907631183447078
111110111101,-0.0230424398491305,0.0005309540342007972
000001111101,-0.022179582742405068,0.0004919338906271927
100001111101,-0.020903383935602853,0.0004369514599592194
010001111101,-0.013412039896810914,0.00017988281419364772
110001111101,-0.0207562072572098,0.00043082013970424876
001001111101,-0.012936802405099916,0.000167360856468599
101001111101,-0.012974764843987593,0.0001683445227567764
011001111101,-0.012814959093972393,0.00016422317658018577
111001111101,-0.021125934005318977,0.00044630508759709264
000101111101,-0.013610273853811961,0.0001852395543757575
100101111101,-0.01301326885698488,0.0001693451663441726
010101111101,-0.008746241048493303,7.649673247834922e-5
110101111101,-0.013775502128999615,0.00018976445890607293
001101111101,-0.013013268858093643,0.00016934516637302983
101101111101,-0.013300264637351256,0.00017689703942357633
011101111101,-0.013775502128609075,0.00018976445889531317
111101111101,-0.023031555562022177,0.0005304525516065146
000011111101,-0.02220307978632776,0.0004929767519980364
100011111101,-0.021018576818115593,0.00044178057145902617
010011111101,-0.01361876662388632,0.00018547080435588
110011111101,-0.021187970621719614,0.00044893009906685335
001011111101,-0.01377857237310287,0.0001898490566408337
101011111101,-0.013906452761081921,0.00019338942839620298
011011111101,-0.013906452759395895,0.0001933894283493097
111011111101,-0.02304243984952095,0.0005309540342187911
000111111101,-0.022307707483952922,0.0004976338131896093
100111111101,-0.02143948895164811,0.00045965168650784135
010111111101,-0.014580292734808683,0.00021258493623271482
110111111101,-0.02309359502215469,0.0005333141310472878
001111111101,-0.02267862707135055,0.0005143201258413941
101111111101,-0.023294047762786735,0.0005426126611749897
011111111101,-0.024335118885685958,0.0005921980111804693
111111111101,-0.040836217789963415,0.0016675966833893242
000000000011,-0.03740271790461676,0.0013989633066523392
100000000011,-0.03660371260121301,0.0013398317761922005
010000000011,-0.022678627071275024,0.0005143201258379685
110000000011,-0.03636598647513161,0.0013224849723094555
001000000011,-0.021439488950481884,0.00045965168645783474
101000000011,-0.02230770748320761,0.0004976338131563568
011000000011,-0.021266636363882766,0.00045226982223362075
111000000011,-0.03628906662009527,0.0013168963561577128
000100000011,-0.02118797062138735,0.0004489300990527734
100100000011,-0.021018576819224345,0.000441780571505635
010100000011,-0.013618766623650212,0.000185470804349449
110100000011,-0.02220307978663614,0.0004929767520117303
001100000011,-0.01977705295694211,0.0003911318236616926
101100000011,-0.02096394166568642,0.000439486850162303
011100000011,-0.020963941665547808,0.0004394868501564914
111100000011,-0.03627068121328977,0.0013155623156760913
000010000011,-0.021125934006495428,0.0004463050876467999
100010000011,-0.020756207257353016,0.000430820139710194
010010000011,-0.012974764843263254,0.00016834452273798014
110010000011,-0.020903383934736907,0.000436951459923017
001010000011,-0.012814959093637127,0.0001642231765715929
101010000011,-0.013412039897964858,0.00017988281422460118
011010000011,-0.012936802405296243,0.00016736085647367868
111010000011,-0.022179582741500115,0.0004919338905870498
000110000011,-0.019463528221761606,0.0003788289308393105
100110000011,-0.01941272748404419,0.00037685398836976474
010110000011,-0.012738199921855856,0.00016226173724916856
110110000011,-0.020890452077493564,0.00043641098800205515
001110000011,-0.019412727484838077,0.00037685398840058774
101110000011,-0.020689999335353357,0.0004280760724969223
011110000011,-0.02089045207722426,0.0004364109879908033
111110000011,-0.03628906661969988,0.0013168963561290164
000001000011,-0.021125934005907687,0.00044630508762196673
100001000011,-0.020705052084015678,0.0004286991818018019
010001000011,-0.01285733911288094,0.00016531116906361805
110001000011,-0.020651865605357155,0.0004264995529817338
001001000011,-0.012260243581844512,0.00015031357268615954
101001000011,-0.012782150164351065,0.00016338336282401998
011001000011,-0.012222128134722827,0.00014938041614158328
111001000011,-0.020890452077497963,0.0004364109880022389
000101000011,-0.012659029349906705,0.00016025102408179933
100101000011,-0.012583547680664381,0.00015834567223155393
010101000011,-0.008183047196862143,6.696226142607338e-5
110101000011,-0.01337044573113848,0.0001787688190493192
001101000011,-0.012023894176801117,0.00014457403117491182
101101000011,-0.0127733502001267,0.0001631584753350768
011101000011,-0.012811381454070868,0.000164131494761711
111101000011,-0.022203079786159735,0.0004929767519905751
000011000011,-0.019401488760580638,0.00037641776612693683
100011000011,-0.019099172541546902,0.00036477839177177914
010011000011,-0.011977359558411093,0.00014345714199146158
110011000011,-0.019338951850001503,0.0003739950586566766
001011000011,-0.01197735955874566,0.00014345714199947605
101011000011,-0.012566638199149952,0.00015792039562833473
011011000011,-0.012167852433349292,0.00014805663283976427
111011000011,-0.020903383935427695,0.0004369514599518966
000111000011,-0.01909917254018537,0.0003647783917197709
100111000011,-0.019087343934583292,0.0003643266984770736
010111000011,-0.012566638201407281,0.0001579203956850688
110111000011,-0.02065186560612803,0.0004264995530135739
001111000011,-0.019338951850762728,0.00037399505868611913
101111000011,-0.02065186560647432,0.0004264995530278769
011111000011,-0.02090338393462096,0.00043695145991816967
111111000011,-0.036365986474988954,0.0013224849722990796
000000100011,-0.02118797062145797,0.0004489300990557659
100000100011,-0.02075620725709686,0.0004308201396995603
010000100011,-0.012865365414567198,0.00016551762725034184
110000100011,-0.020651865605348874,0.00042649955298139174
001000100011,-0.012188875406039369,0.00014856868366395137
101000100011,-0.012697365626908973,0.0001612230938634095
011000100011,-0.012112601396803991,0.000146715112597858
111000100011,-0.020689999335266246,0.00042807607249331766
000100100011,-0.01215084415299804,0.00014764301363044666
100100100011,-0.012067844420933624,0.00014563286896785877
010100100011,-0.007825459811693672,6.123782126443276e-5
110100100011,-0.01277335020001876,0.0001631584753323193
001100100011,-0.011397927125802206,0.00012991274276509773
101100100011,-0.01209686019142982,0.0001463340264909995
011100100011,-0.012104407138083886,0.0001465166721644961
111100100011,-0.020963941665573013,0.00043948685015754815
000010100011,-0.01265902934891695,0.00016025102405674066
100010100011,-0.012452597050792364,0.0001550671733094027
010010100011,-0.00779015808358405,6.068656296722992e-5
110010100011,-0.01256663820107979,0.00015792039567683787
001010100011,-0.007721468066640658,5.9621069104151414e-5
101010100011,-0.008092596447848066,6.549011726772313e-5
011010100011,-0.007813531668736337,6.105127713834566e-5
111010100011,-0.013412039897275959,0.00017988281420612212
000110100011,-0.011867943657362774,0.0001408480866543373
100110100011,-0.011852116938523964,0.00014047267592444667
010110100011,-0.007784085950126576,6.059199407895796e-5
110110100011,-0.012782150164571312,0.00016338336282965043
001110100011,-0.011898174495046245,0.00014156655631456896
101110100011,-0.012697365627195147,0.00016122309387067683
011110100011,-0.012828205418979586,0.00016456285427153723
111110100011,-0.022307707483807688,0.0004976338131831296
000001100011,-0.019463528222058695,0.00037882893085087533
100001100011,-0.019099172540544766,0.0003647783917334992
010001100011,-0.011867943657288806,0.0001408480866525816
110001100011,-0.019087343935311453,0.0003643266985048709
001001100011,-0.011351871870896724,0.0001288649949732563
101001100011,-0.011852116938279715,0.00014047267591865695
011001100011,-0.011343458983401902,0.00012867406170812134
111001100011,-0.01941272748525566,0.0003768539884168006
000101100011,-0.011867943657709802,0.0001408480866625743
100101100011,-0.011813612925743459,0.00013956145035929292
010101100011,-0.007690552133076023,5.914459211156017e-5
110101100011,-0.012583547680174318,0.00015834567221922045
001101100011,-0.011343458982841365,0.00012867406169540446
101101100011,-0.012067844420488576,0.00014563286895711723
011101100011,-0.012113531147692778,0.0001467376368661231
111101100011,-0.02101857681895346,0.0004417805714942478
000011100011,-0.019099172540608254,0.00036477839173592436
100011100011,-0.018824851731865464,0.0003543750427267182
010011100011,-0.011813612925095428,0.00013956145034398177
110011100011,-0.01909917254071271,0.00036477839173991433
001011100011,-0.01185211693889095,0.0001404726759331458
101011100011,-0.012452597051224784,0.00015506717332017218
011011100011,-0.012067844420360213,0.0001456328689540191
111011100011,-0.020756207256709,0.0004308201396834593
000111100011,-0.01908734393541107,0.0003643266985086738
100111100011,-0.019099172540143414,0.0003647783917181682
010111100011,-0.012583547680452237,0.00015834567222621485
110111100011,-0.020705052084292245,0.0004286991818132546
001111100011,-0.019412727484848503,0.00037685398840099247
101111100011,-0.02075620725720652,0.00043082013970411253
011111100011,-0.021018576819112053,0.00044178057150091453
111111100011,-0.03660371260109374,0.001339831776183469
000000010011,-0.021439488949946534,0.00045965168643487947
100000010011,-0.02101857681874782,0.0004417805714856032
010000010011,-0.013013268858111068,0.00016934516637348335
110000010011,-0.02090338393474814,0.00043695145992348665
001000010011,-0.01230630113721455,0.0001514450476798081
101000010011,-0.012828205419203799,0.00016456285427728974
011000010011,-0.012222128135359186,0.0001493804161571386
111000010011,-0.02089045207712148,0.0004364109879865091
000100010011,-0.012188875406067659,0.000148568683664641
100100010011,-0.0121135311483568,0.00014673763688221038
010100010011,-0.007844300376916158,6.153304840328699e-5
110100010011,-0.012811381453512244,0.0001641314947473975
001100010011,-0.011397927126237448,0.00012991274277501945
101100010011,-0.012104407138384494,0.00014651667217177347
011100010011,-0.01209686019116758,0.0001463340264846549
111100010011,-0.020963941665601296,0.000439486850158734
000010010011,-0.012260243581440554,0.0001503135726762543
100010010011,-0.012067844420676656,0.00014563286896165668
010010010011,-0.007539010597012211,5.683668078186242e-5
110010010011,-0.012167852433342273,0.00014805663283959345
001010010011,-0.007451411261781542,5.55235297922048e-5
101010010011,-0.007813531669235528,6.105127714614655e-5
011010010011,-0.007532747561860626,5.674228583071721e-5
111010010011,-0.012936802405814098,0.00016736085648707747
000110010011,-0.011351871871655076,0.00012886499499047374
100110010011,-0.011343458982834065,0.00012867406169523885
010110010011,-0.007439213744613028,5.5341901138039396e-5
110110010011,-0.012222128135008567,0.00014938041614856798
001110010011,-0.01134345898282104,0.00012867406169494338
101110010011,-0.012112601396343866,0.00014671511258671136
011110010011,-0.012222128134267518,0.00014938041613045356
111110010011,-0.02126663636357658,0.00045226982222059764
000001010011,-0.01281495909444905,0.00016422317659240242
100001010011,-0.012583547680389107,0.00015834567222462606
010001010011,-0.0078090674011275256,6.0981533675352605e-5
110001010011,-0.01256663820109008,0.0001579203956770965
001001010011,-0.007451411262060124,5.5523529796356454e-5
101001010011,-0.007784085949852301,6.059199407468799e-5
011001010011,-0.007439213743815783,5.534190112617764e-5
111001010011,-0.012738199921414204,0.00016226173723791684
000101010011,-0.00772146806705128,5.962106911049263e-5
100101010011,-0.00769055213248124,5.9144592102411746e-5
010101010011,-0.004998707972504802,2.4987081394383068e-5
110101010011,-0.008183047198366142,6.696226145068795e-5
001101010011,-0.007351628332778482,5.4046439143311325e-5
101101010011,-0.00782545981140097,6.123782125985172e-5
011101010011,-0.00784430037676896,6.153304840097765e-5
111101010011,-0.013618766624010148,0.00018547080435925279
000011010011,-0.011977359558717553,0.00014345714199880274
100011010011,-0.011813612925349933,0.00013956145034999502
010011010011,-0.007403978880378564,5.481890326109182e-5
110011010011,-0.011977359558407884,0.0001434571419913847
001011010011,-0.0074099329882906925,5.490710689095864e-5
101011010011,-0.007790158082765163,6.06865629544714e-5
011011010011,-0.007539010596820076,5.6836680778965396e-5
111011010011,-0.012974764843660018,0.000168344522748276
000111010011,-0.011852116938812518,0.00014047267593128663
100111010011,-0.011867943657471292,0.00014084808665691307
010111010011,-0.007809067401521509,6.098153368150589e-5
110111010011,-0.012857339112558985,0.00016531116905533908
001111010011,-0.012023894176802967,0.0001445740311749563
101111010011,-0.01286536541523721,0.00016551762726758172
011111010011,-0.013013268858743807,0.00016934516638995135
111111010011,-0.022678627070972117,0.0005143201258242294
000000110011,-0.019777052956553423,0.0003911318236463185
100000110011,-0.019412727486526674,0.00037685398846614825
010000110011,-0.012023894177611547,0.00014457403119440086
110000110011,-0.01933895184999753,0.00037399505865652296
001000110011,-0.011397927125906206,0.0001299127427674685
101000110011,-0.011898174494607108,0.00014156655630411912
011000110011,-0.011343458982625827,0.00012867406169051458
111000110011,-0.019412727484251924,0.00037685398837783007
000100110011,-0.011397927125872079,0.00012991274276669053
100100110011,-0.011343458982502778,0.00012867406168772297
010100110011,-0.0073516283335012655,5.40464391539386e-5
110100110011,-0.012023894177019469,0.0001445740311801627
001100110011,-0.010716895939397153,0.00011485185857586716
101100110011,-0.011397927124956674,0.0001299127427458231
011100110011,-0.011397927125553101,0.00012991274275941917
111100110011,-0.019777052957435547,0.0003911318236812101
000010110011,-0.012023894177668243,0.00014457403119576428
100010110011,-0.011852116938728098,0.00014047267592928552
010010110011,-0.00740993298813848,5.490710688870287e-5
110010110011,-0.01197735955840047,0.00014345714199120711
001010110011,-0.0073516283333961855,5.4046439152393585e-5
101010110011,-0.007721468066151047,5.9621069096590385e-5
011010110011,-0.007451411261680889,5.5523529790704786e-5
111010110011,-0.012814959093927937,0.00016422317657904635
000110110011,-0.011343458982683807,0.00012867406169182996
100110110011,-0.01135187187047921,0.00012886499496377718
010110110011,-0.007451411261680782,5.552352979070319e-5
110110110011,-0.012260243581468934,0.0001503135726769502
001110110011,-0.011397927125853127,0.0001299127427662585
101110110011,-0.012188875405226738,0.00014856868364414126
011110110011,-0.012306301137224994,0.00015144504768006516
111110110011,-0.0214394889516468,0.0004596516865077851
000001110011,-0.01941272748504465,0.00037685398840860807
100001110011,-0.019087343934789707,0.0003643266984849534
010001110011,-0.011852116938674776,0.00014047267592802155
110001110011,-0.01909917254069907,0.0003647783917393934
001001110011,-0.01134345898217531,0.00012867406168029375
101001110011,-0.011867943657377127,0.00014084808665467798
011001110011,-0.011351871871664502,0.00012886499499068776
111001110011,-0.019463528222475,0.0003788289308670809
000101110011,-0.011898174494343054,0.00014156655629783558
100101110011,-0.01186794365740854,0.0001408480866554236
010101110011,-0.007721468067245362,5.962106911348982e-5
110101110011,-0.012659029349226721,0.00016025102406458345
001101110011,-0.011397927126251805,0.00012991274277534672
101101110011,-0.012150844153217832,0.00014764301363578796
011101110011,-0.012188875405962063,0.0001485686836620668
111101110011,-0.02118797062128572,0.00044893009904846675
000011110011,-0.01933895185085978,0.00037399505868987285
100011110011,-0.01909917253949495,0.000364778391693398
010011110011,-0.011977359558600876,0.00014345714199600777
110011110011,-0.01940148876125544,0.00037641776615312113
001011110011,-0.012023894177194877,0.00014457403118438089
101011110011,-0.01265902935030613,0.000160251024091912
011011110011,-0.012260243581515388,0.00015031357267808926
111011110011,-0.02112593400583672,0.0004463050876189682
000111110011,-0.019412727484637984,0.000376853988392819
100111110011,-0.019463528222927823,0.0003788289308847079
010111110011,-0.01281495909368672,0.00016422317657286399
110111110011,-0.021125934006083466,0.00044630508762939374
001111110011,-0.019777052956919384,0.0003911318236607937
101111110011,-0.02118797062172274,0.00044893009906698584
011111110011,-0.02143948895046471,0.0004596516864570983
111111110011,-0.037402717904034176,0.0013989633066087588
000000001011,-0.022678627071320585,0.000514320125840035
100000001011,-0.022307707483587947,0.0004976338131733258
010000001011,-0.013778572373198088,0.0001898490566434576
110000001011,-0.022203079786625588,0.0004929767520112619
001000001011,-0.013013268857466126,0.00016934516635669773
101000001011,-0.01361027385512153,0.0001852395544114047
011000001011,-0.01293680240549098,0.00016736085647871724
111000001011,-0.02217958274172059,0.00049193389059683
000100001011,-0.012865365415189773,0.00016551762726636115
100100001011,-0.01282820541887172,0.0001645628542687698
010100001011,-0.008287038943485207,6.86750144508404e-5
110100001011,-0.013576678374048351,0.0001843261956723522
001100001011,-0.012023894177243852,0.0001445740311855586
101100001011,-0.012811381453561902,0.00016413149474866988
011100001011,-0.012773350200206054,0.00016315847533710407
111100001011,-0.022203079786506152,0.0004929767520059582
000010001011,-0.012857339112300279,0.00016531116904868655
100010001011,-0.012697365627122462,0.000161223093868831
010010001011,-0.00791299039347371,6.261541696720722e-5
110010001011,-0.012811381453507811,0.00016413149474728394
001010001011,-0.007809067401851759,6.0981533686663775e-5
101010001011,-0.008215411021004324,6.74929782440393e-5
011010001011,-0.007901117080977104,6.242765112730816e-5
111010001011,-0.013610273855110535,0.0001852395544111054
000110001011,-0.0118679436575971,0.00014084808665989926
100110001011,-0.011898174495069672,0.00014156655631512646
010110001011,-0.007784085949784416,6.0591994073631147e-5
110110001011,-0.012828205418878774,0.00016456285426895076
001110001011,-0.011852116938939863,0.0001404726759343052
101110001011,-0.0126973656271507,0.0001612230938695481
011110001011,-0.0127821501645971,0.0001633833628303097
111110001011,-0.022307707483610453,0.0004976338131743299
000001001011,-0.012974764843084841,0.00016834452273335043
100001001011,-0.012782150164524901,0.000163383362828464
010001001011,-0.00791299039412382,6.261541697749585e-5
110001001011,-0.012773350200023932,0.00016315847533245146
001001001011,-0.0075390105969395495,5.6836680780766825e-5
101001001011,-0.007901117080997654,6.24276511276329e-5
011001001011,-0.007532747561820165,5.674228583010765e-5
111001001011,-0.012936802405490114,0.00016736085647869482
000101001011,-0.00779015808340164,6.068656296438791e-5
100101001011,-0.007784085949774562,6.059199407347775e-5
010101001011,-0.005046905330603562,2.5471253416074648e-5
110101001011,-0.008287038943554037,6.86750144519812e-5
001101001011,-0.007409932988273685,5.4907106890706594e-5
101101001011,-0.007912990393462225,6.261541696702545e-5
011101001011,-0.007912990393952652,6.261541697478694e-5
111101001011,-0.013778572373390656,0.00018984905664876423
000011001011,-0.011977359558355003,0.00014345714199011795
100011001011,-0.01185211693935913,0.00014047267594424363
010011001011,-0.007409932988617661,5.490710689580427e-5
110011001011,-0.01202389417702281,0.00014457403118024303
001011001011,-0.007403978881068131,5.4818903271302904e-5
101011001011,-0.007809067401350967,6.098153367884234e-5
011011001011,-0.007539010596759294,5.6836680778048933e-5
111011001011,-0.013013268857753824,0.00016934516636418553
000111001011,-0.011813612925320545,0.00013956145034930064
100111001011,-0.011867943657406076,0.00014084808665536512
010111001011,-0.007790158083304876,6.06865629628803e-5
110111001011,-0.0128653654153624,0.000165517627270803
001111001011,-0.011977359558650128,0.0001434571419971876
101111001011,-0.012857339112464035,0.00016531116905289748
011111001011,-0.012974764843068278,0.00016834452273292063
111111001011,-0.022678627071134678,0.0005143201258316027
000000101011,-0.013618766623817478,0.0001854708043540049
100000101011,-0.013412039897482833,0.00017988281421167133
010000101011,-0.00828703894342478,6.867501444983887e-5
110000101011,-0.013370445731131575,0.00017876881904913455
001000101011,-0.007844300376631646,6.153304839882338e-5
101000101011,-0.008215411021261245,6.749297824826073e-5
011000101011,-0.00781353166924895,6.105127714635629e-5
111000101011,-0.013412039897849276,0.00017988281422150082
000100101011,-0.007825459811313166,6.12378212584775e-5
100100101011,-0.007813531669199927,6.105127714559019e-5
010100101011,-0.005051336046387118,2.551599585352984e-5
110100101011,-0.008287038943549162,6.867501445190041e-5
001100101011,-0.007351628333371741,5.4046439152034165e-5
101100101011,-0.007844300376802211,6.153304840149932e-5
011100101011,-0.007825459811391378,6.123782125970157e-5
111100101011,-0.013618766623698491,0.000185470804350764
000010101011,-0.008183047198480894,6.696226145256599e-5
100010101011,-0.008092596447563289,6.549011726311396e-5
010010101011,-0.005046905331215758,2.5471253422254038e-5
110010101011,-0.008183047198363269,6.696226145064094e-5
001010101011,-0.004998707973058793,2.4987081399921546e-5
101010101011,-0.005267239493891755,2.774381188601306e-5
011010101011,-0.005070471495711896,2.5709681188826833e-5
111010101011,-0.008746241046423636,7.64967324421456e-5
000110101011,-0.007690552132718384,5.914459210605928e-5
100110101011,-0.007721468066624014,5.962106910389439e-5
010110101011,-0.005055843691029764,2.5561555428125464e-5
110110101011,-0.0083441967316621,6.962561909668048e-5
001110101011,-0.007721468066642493,5.962106910417976e-5
101110101011,-0.008284337710603827,6.863025130333265e-5
011110101011,-0.008344196731495945,6.962561909390761e-5
111110101011,-0.014580292735132158,0.00021258493624214757
000001101011,-0.012738199921592834,0.00016226173724246767
100001101011,-0.012566638201197204,0.0001579203956797889
010001101011,-0.0077840859494994665,6.059199406919501e-5
110001101011,-0.012583547680169794,0.0001583456722191066
001001101011,-0.007439213744698474,5.534190113931069e-5
101001101011,-0.007809067401452216,6.098153368042367e-5
011001101011,-0.007451411261898612,5.5523529793949464e-5
111001101011,-0.012814959093844577,0.00016422317657690982
000101101011,-0.00778408594975664,6.059199407319873e-5
100101101011,-0.007790158083510388,6.068656296608224e-5
010101101011,-0.0050558436913564365,2.556155543142868e-5
110101101011,-0.008314751011996736,6.913508439150073e-5
001101101011,-0.007451411261785549,5.5523529792264506e-5
101101101011,-0.007970043770172455,6.352159769846477e-5
011101101011,-0.00797582721245817,6.361381972298827e-5
111101101011,-0.013906452758999498,0.00019338942833828474
000011101011,-0.012566638201044167,0.00015792039567594256
100011101011,-0.012452597050368448,0.00015506717329884497
010011101011,-0.007790158083184519,6.0686562961005105e-5
110011101011,-0.01265902934924056,0.00016025102406493386
001011101011,-0.0078090674018306844,6.098153368633464e-5
101011101011,-0.008249102847112656,6.804769778224211e-5
011011101011,-0.007970043770096205,6.352159769724934e-5
111011101011,-0.013775502128913042,0.00018976445890368776
000111101011,-0.012583547680156616,0.00015834567221877492
100111101011,-0.012659029348974721,0.00016025102405820333
010111101011,-0.008314751012370893,6.913508439772279e-5
110111101011,-0.013750502238764216,0.00018907631181825973
001111101011,-0.012814959093653247,0.00016422317657200608
101111101011,-0.013775502129002765,0.00018976445890615972
011111101011,-0.013906452759110613,0.00019338942834137515
111111101011,-0.02433511888596395,0.0005921980111939993
000000011011,-0.02126663636427786,0.00045226982225042534
100000011011,-0.020963941665855437,0.0004394868501693896
010000011011,-0.012936802405061664,0.00016736085646760926
110000011011,-0.020890452077487034,0.0004364109880017823
001000011011,-0.012222128135173106,0.00014938041615259002
101000011011,-0.012811381453901979,0.00016413149475738359
011000011011,-0.012167852432714696,0.00014805663282432092
111000011011,-0.020903383934144416,0.00043695145989824686
000100011011,-0.012112601396284828,0.00014671511258528117
100100011011,-0.012104407137851103,0.0001465166721588607
010100011011,-0.007813531669008781,6.105127714260315e-5
110100011011,-0.01282820541885825,0.0001645628542684242
001100011011,-0.011343458982159466,0.00012867406167993428
101100011011,-0.012113531148217309,0.00014673763687883092
011100011011,-0.012067844421156392,0.00014563286897323544
111100011011,-0.02101857681934686,0.00044178057151078506
000010011011,-0.0122221281346775,0.0001493804161404753
100010011011,-0.012096860190956606,0.00014633402647955067
010010011011,-0.0075327475619154,5.67422858315424e-5
110010011011,-0.012222128134997665,0.00014938041614830148
001010011011,-0.007439213744713927,5.534190113954061e-5
101010011011,-0.007844300376389196,6.153304839501969e-5
011010011011,-0.007539010597656585,5.6836680791578306e-5
111010011011,-0.013013268857790009,0.0001693451663651273
000110011011,-0.011343458982743845,0.00012867406169319207
100110011011,-0.011397927126725283,0.00012991274278614006
010110011011,-0.007451411261285821,5.552352978481715e-5
110110011011,-0.012306301136747763,0.00015144504766831927
001110011011,-0.011351871870893877,0.0001288649949731917
101110011011,-0.012188875405626612,0.0001485686836538893
011110011011,-0.012260243581964285,0.0001503135726890964
111110011011,-0.02143948895069539,0.00045965168646698964
000001011011,-0.01293680240488523,0.00016736085646304428
100001011011,-0.012773350200096125,0.0001631584753342957
010001011011,-0.007901117081828283,6.242765114075868e-5
110001011011,-0.012782150164557932,0.0001633833628293084
001001011011,-0.007532747562045658,5.67422858335048e-5
101001011011,-0.007912990394241572,6.261541697935939e-5
011001011011,-0.007539010596909703,5.683668078031679e-5
111001011011,-0.012974764842819054,0.00016834452272645336
000101011011,-0.007813531668535864,6.105127713521284e-5
100101011011,-0.00782545981079034,6.123782125029478e-5
010101011011,-0.005070471496457922,2.5709681196392236e-5
110101011011,-0.008344196731657151,6.962561909659788e-5
001101011011,-0.007451411262088168,5.552352979677439e-5
101101011011,-0.007975827212611515,6.361381972543437e-5
011101011011,-0.007970043770341832,6.352159770116463e-5
111101011011,-0.01390645275926317,0.0001933894283456182
000011011011,-0.012167852433173124,0.0001480566328354771
100011011011,-0.012067844420220488,0.00014563286895064674
010011011011,-0.007539010597514906,5.683668078944206e-5
110011011011,-0.012260243581459785,0.00015031357267672585
001011011011,-0.007539010596942403,5.6836680780809854e-5
101011011011,-0.007970043770273598,6.352159770007699e-5
011011011011,-0.007689253961481869,5.912462648416462e-5
111011011011,-0.01330026463731397,0.0001768970394225845
000111011011,-0.012067844421145581,0.0001456328689729745
100111011011,-0.012150844153670726,0.00014764301364679404
010111011011,-0.007970043769798778,6.352159769250832e-5
110111011011,-0.013190848736210846,0.00017399849038159527
001111011011,-0.012260243581878758,0.00015031357268699926
101111011011,-0.013190848736278748,0.00017399849038338667
011111011011,-0.013300264635997174,0.00017689703938755704
111111011011,-0.02329404776566155,0.0005426126613089218
000000111011,-0.020963941665973776,0.00043948685017435133
100000111011,-0.020689999333423352,0.00042807607241705873
010000111011,-0.012773350200184348,0.00016315847533654953
110000111011,-0.020651865606162223,0.0004264995530149861
001000111011,-0.012096860191309834,0.00014633402648809657
101000111011,-0.012697365627649932,0.00016122309388222597
011000111011,-0.012067844420378874,0.0001456328689544695
111000111011,-0.02075620725733814,0.00043082013970957637
000100111011,-0.012104407138034658,0.00014651667216330436
100100111011,-0.01211260139630555,0.00014671511258578312
010100111011,-0.00782545981138646,6.12378212596246e-5
110100111011,-0.012865365415373605,0.00016551762727109128
001100111011,-0.011397927125866724,0.00012991274276656848
101100111011,-0.012188875406865815,0.00014856868368409829
011100111011,-0.012150844153168864,0.00014764301363459794
111100111011,-0.02118797062096972,0.00044893009903507593
000010111011,-0.01281138145323465,0.00016413149474028477
100010111011,-0.012697365627038257,0.00016122309386669263
010010111011,-0.007912990393644587,6.261541696991153e-5
110010111011,-0.012857339112560614,0.00016531116905538098
001010111011,-0.007844300376606295,6.153304839842566e-5
101010111011,-0.008284337710824834,6.863025130699445e-5
011010111011,-0.007970043770357545,6.352159770141511e-5
111010111011,-0.01377550212937638,0.0001897644589164532
000110111011,-0.012113531148512265,0.00014673763688597687
100110111011,-0.012188875407532256,0.00014856868370034462
010110111011,-0.007975827212315984,6.361381972072016e-5
110110111011,-0.013190848736190457,0.0001739984903810574
001110111011,-0.01218887540598041,0.0001485686836625141
101110111011,-0.013106064199936705,0.00017176891881286256
011110111011,-0.013190848736626454,0.00017399849039255975
111110111011,-0.023093595022373337,0.0005333141310573865
000001111011,-0.020890452077255248,0.00043641098799209805
100001111011,-0.020651865606093785,0.00042649955301215934
010001111011,-0.012782150164413792,0.00016338336282562354
110001111011,-0.02070505208430194,0.00042869918181365603
001001111011,-0.012222128135176782,0.00014938041615267987
101001111011,-0.01285733911313905,0.0001653111690702553
011001111011,-0.012260243580973133,0.0001503135726647929
111001111011,-0.021125934005411254,0.0004463050876009915
000101111011,-0.012828205418670451,0.00016456285426360594
100101111011,-0.012865365414719835,0.00016551762725426929
010101111011,-0.00834419673204534,6.962561910307611e-5
110101111011,-0.013750502238755727,0.00018907631181802625
001101111011,-0.012306301137216263,0.00015144504767985027
101101111011,-0.013190848736458566,0.00017399849038813057
011101111011,-0.013190848736563034,0.0001739984903908866
111101111011,-0.023042439850610934,0.0005309540342690228
000011111011,-0.02090338393447141,0.00043695145991191745
100011111011,-0.020756207257268896,0.00043082013970670193
010011111011,-0.012974764843347478,0.00016834452274016573
110011111011,-0.0211259340060875,0.0004463050876295642
001011111011,-0.013013268857472279,0.0001693451663568579
101011111011,-0.013775502129142225,0.000189764458910002
011011111011,-0.013300264637425358,0.00017689703942554749
111011111011,-0.023031555561959703,0.000530452551603637
000111111011,-0.021018576819366346,0.0004417805715116043
100111111011,-0.02118797062144702,0.0004489300990553019
010111111011,-0.013906452758742142,0.00019338942833112692
110111111011,-0.023042439850007885,0.0005309540342412314
001111111011,-0.02143948895050569,0.0004596516864588556
101111111011,-0.02309359502208667,0.0005333141310441462
011111111011,-0.02329404776562065,0.0005426126613070164
111111111011,-0.04083621778918424,0.0016675966833256872
000000000111,-0.036603712600976696,0.0013398317761749003
100000000111,-0.03636598647540343,0.0013224849723292252
010000000111,-0.02230770748396914,0.0004976338131903328
110000000111,-0.03628906662009852,0.001316896356157949
001000000111,-0.0210185768193446,0.00044178057151069013
101000000111,-0.022203079787100878,0.0004929767520323676
011000000111,-0.020963941665046105,0.000439486850135456
111000000111,-0.03627068121282759,0.0013155623156425643
000100000111,-0.020756207257028182,0.00043082013969670933
100100000111,-0.020903383934114752,0.0004369514598970067
010100000111,-0.013412039897774224,0.00017988281421948762
110100000111,-0.022179582741702532,0.0004919338905960288
001100000111,-0.01941272748465275,0.00037685398839339227
101100000111,-0.020890452077185467,0.0004364109879891825
011100000111,-0.020689999335342674,0.0004280760724964803
111100000111,-0.03628906662002729,0.0013168963561527788
000010000111,-0.020705052084049366,0.00042869918180319695
100010000111,-0.02065186560483723,0.000426499552960259
010010000111,-0.01278215016439668,0.00016338336282518606
110010000111,-0.020890452077111717,0.0004364109879861012
001010000111,-0.01258354768017829,0.00015834567221932039
101010000111,-0.013370445730696732,0.00017876881903750648
011010000111,-0.012773350200932813,0.00016315847535567035
111010000111,-0.022203079787116026,0.0004929767520330402
000110000111,-0.01909917254094039,0.0003647783917486114
100110000111,-0.019338951852086714,0.00037399505873732817
010110000111,-0.012566638200271475,0.00015792039565652228
110110000111,-0.0209033839341432,0.00043695145989819606
001110000111,-0.01908734393540994,0.00036432669850863065
101110000111,-0.02065186560486403,0.0004264995529613659
011110000111,-0.020651865605341616,0.00042649955298109196
111110000111,-0.03636598647541862,0.0013224849723303298
000001000111,-0.020756207257036273,0.0004308201396970452
100001000111,-0.020651865605381126,0.0004264995529827239
010001000111,-0.012697365627830038,0.00016122309388679973
110001000111,-0.02068999933528514,0.00042807607249409954
001001000111,-0.01206784442113189,0.00014563286897264404
101001000111,-0.012773350201035531,0.00016315847535829445
011001000111,-0.012096860190291174,0.0001463340264634514
111001000111,-0.02096394166500423,0.00043948685013370025
000101000111,-0.01245259705043774,0.0001550671733005707
100101000111,-0.012566638200274908,0.00015792039565660856
010101000111,-0.008092596447036277,6.549011725458416e-5
110101000111,-0.013412039897860469,0.00017988281422180106
001101000111,-0.011852116938821622,0.0001404726759315024
101101000111,-0.012782150164369179,0.00016338336282448304
011101000111,-0.012697365627855681,0.0001612230938874509
111101000111,-0.022307707483920927,0.0004976338131881818
000011000111,-0.01909917254012841,0.00036477839171759506
100011000111,-0.0190873439359134,0.00036432669852785
010011000111,-0.011852116939158115,0.00014047267593947873
110011000111,-0.019412727484245402,0.00037685398837757685
001011000111,-0.011813612925351961,0.00013956145035004292
101011000111,-0.012583547679311708,0.00015834567219751106
011011000111,-0.012067844420809683,0.00014563286896486738
111011000111,-0.021018576819779155,0.0004417805715289576
000111000111,-0.0188248517324684,0.00035437504274941846
100111000111,-0.019099172540529542,0.0003647783917329177
010111000111,-0.012452597050122579,0.00015506717329272153
110111000111,-0.020756207257343617,0.00043082013970980384
001111000111,-0.01909917254015994,0.00036477839171879944
101111000111,-0.020705052084408676,0.000428699181818076
011111000111,-0.020756207257224168,0.0004308201397048452
111111000111,-0.036603712600812785,0.0013398317761629008
000000100111,-0.021018576819059213,0.0004417805714986933
100000100111,-0.020903383934681632,0.0004369514599207061
010000100111,-0.01282820541925573,0.00016456285427862209
110000100111,-0.020890452077511185,0.0004364109880027914
001000100111,-0.012113531148516045,0.00014673763688606843
101000100111,-0.012811381454059124,0.00016413149476141007
011000100111,-0.012104407137693849,0.00014651667215505377
111000100111,-0.020963941665045546,0.0004394868501354326
000100100111,-0.012067844420292722,0.00014563286895239016
100100100111,-0.012167852433129178,0.00014805663283440763
010100100111,-0.007813531669337901,6.105127714774633e-5
110100100111,-0.012936802405493308,0.00016736085647877746
001100100111,-0.011343458982649848,0.00012867406169105952
101100100111,-0.012222128134891487,0.00014938041614570604
011100100111,-0.012112601396600331,0.00014671511259292428
111100100111,-0.021266636363962917,0.0004522698222370298
000010100111,-0.012583547679890205,0.00015834567221207016
100010100111,-0.012566638200408483,0.00015792039565996573
010010100111,-0.007784085949823075,6.0591994074233e-5
110010100111,-0.01273819992140506,0.0001622617372376839
001010100111,-0.007690552132727168,5.9144592106194385e-5
101010100111,-0.0081830471981332,6.69622614468756e-5
011010100111,-0.007825459812256281,6.12378212732381e-5
111010100111,-0.013618766624538413,0.00018547080437364142
000110100111,-0.011813612925911076,0.00013956145036325327
100110100111,-0.011977359559740225,0.00014345714202330056
010110100111,-0.007790158082491786,6.06865629502121e-5
110110100111,-0.012974764842833556,0.0001683445227268297
001110100111,-0.011867943657362661,0.00014084808665433462
101110100111,-0.012857339111755607,0.00016531116903468048
011110100111,-0.012865365414968105,0.00016551762726065746
111110100111,-0.022678627071261153,0.0005143201258373393
000001100111,-0.019412727484964948,0.00037685398840551354
100001100111,-0.019338951850778927,0.0003739950586867457
010001100111,-0.011898174495036346,0.00014156655631433342
110001100111,-0.019412727485242684,0.00037685398841629675
001001100111,-0.011343458982729706,0.00012867406169287128
101001100111,-0.01202389417887374,0.00014457403122475384
011001100111,-0.011397927124814824,0.0001299127427425895
111001100111,-0.019777052955741063,0.00039113182361418626
000101100111,-0.011852116938031745,0.000140472675912779
100101100111,-0.011977359556986632,0.00014345714195733902
010101100111,-0.007721468067659693,5.962106911988832e-5
110101100111,-0.012814959093812498,0.00016422317657608767
001101100111,-0.011351871871673896,0.00012886499499090102
101101100111,-0.012260243581489663,0.00015031357267745844
011101100111,-0.012188875406420654,0.00014856868367324626
111101100111,-0.021439488951089686,0.00045965168648389663
000011100111,-0.019087343935471093,0.0003643266985109651
100011100111,-0.01909917253933366,0.0003647783916872369
010011100111,-0.011867943657697772,0.00014084808666228876
110011100111,-0.019463528222479758,0.0003788289308672661
001011100111,-0.011867943657578069,0.00014084808665944753
101011100111,-0.012659029349742822,0.00016025102407765015
011011100111,-0.012150844153609116,0.00014764301364529682
111011100111,-0.021187970621233145,0.0004489300990462388
000111100111,-0.01909917254092509,0.000364778391748027
100111100111,-0.019401488762247912,0.00037641776619163204
010111100111,-0.012659029348128088,0.0001602510240367682
110111100111,-0.021125934005432754,0.00044630508760189994
001111100111,-0.019463528221774894,0.0003788289308398278
101111100111,-0.021125934005264604,0.00044630508759479527
011111100111,-0.021187970621348546,0.000448930099051129
111111100111,-0.03740271790493959,0.001398963306676489
000000010111,-0.022307707484491637,0.0004976338132136442
100000010111,-0.022203079786599682,0.0004929767520101114
010000010111,-0.013610273853809881,0.00018523955437570088
110000010111,-0.022179582741495067,0.0004919338905868259
001000010111,-0.012828205418704223,0.0001645628542644724
101000010111,-0.013576678373602087,0.0001843261956602346
011000010111,-0.01281138145362301,0.00016413149475023566
111000010111,-0.022203079787089033,0.0004929767520318416
000100010111,-0.012697365627477447,0.00016122309387784576
100100010111,-0.012811381453913953,0.00016413149475769041
010100010111,-0.008215411020984945,6.749297824372089e-5
110100010111,-0.01361027385511118,0.00018523955441112296
001100010111,-0.01189817449435476,0.00014156655629811413
101100010111,-0.012828205419023247,0.00016456285427265743
011100010111,-0.012697365627226063,0.00016122309387146193
111100010111,-0.02230770748335438,0.0004976338131629051
000010010111,-0.012782150164518112,0.0001633833628282904
100010010111,-0.012773350200740826,0.00016315847535076572
010010010111,-0.007901117080785395,6.242765112427873e-5
110010010111,-0.012936802405820859,0.00016736085648725237
001010010111,-0.007784085949754569,6.059199407316649e-5
101010010111,-0.008287038943589672,6.867501445257182e-5
011010010111,-0.00791299039298149,6.261541695941735e-5
111010010111,-0.013778572372553316,0.0001898490566256895
000110010111,-0.011852116938056765,0.00014047267591337209
100110010111,-0.012023894176073234,0.00014457403115740786
010110010111,-0.00780906740272006,6.098153370022502e-5
110110010111,-0.013013268857769293,0.00016934516636458812
001110010111,-0.01186794365774078,0.00014084808666330962
101110010111,-0.012865365415393664,0.0001655176272716074
011110010111,-0.012857339113130828,0.00016531116907004384
111110010111,-0.022678627071407855,0.0005143201258439933
000001010111,-0.013412039896826891,0.00017988281419407628
100001010111,-0.013370445731122992,0.00017876881904890503
010001010111,-0.008215411021651128,6.749297825466682e-5
110001010111,-0.013412039897264314,0.00017988281420580976
001001010111,-0.007813531668576122,6.105127713584195e-5
101001010111,-0.00828703894231045,6.867501443136989e-5
011001010111,-0.00784430037865039,6.153304843049466e-5
111001010111,-0.013618766624529587,0.000185470804373401
000101010111,-0.008092596447476556,6.549011726171017e-5
100101010111,-0.008183047199349175,6.696226146677637e-5
010101010111,-0.005267239494143574,2.774381188866585e-5
110101010111,-0.008746241046429772,7.649673244225293e-5
001101010111,-0.00772146806704411,5.9621069110381904e-5
101101010111,-0.008344196731508683,6.962561909412019e-5
011101010111,-0.00828433770997734,6.863025129295259e-5
111101010111,-0.014580292734966596,0.00021258493623731967
000011010111,-0.012566638200951002,0.00015792039567360104
100011010111,-0.012583547680148723,0.0001583456722185763
010011010111,-0.007809067402433824,6.098153369575456e-5
110011010111,-0.01281495909391629,0.00016422317657874784
001011010111,-0.007790158083361248,6.0686562963758586e-5
101011010111,-0.008314751013005573,6.91350844082772e-5
011011010111,-0.007970043769749873,6.352159769172877e-5
111011010111,-0.01390645275848961,0.00019338942832410324
000111010111,-0.012452597050450015,0.00015506717330087641
100111010111,-0.012659029348537989,0.0001602510240471461
010111010111,-0.00824910284741233,6.804769778718622e-5
110111010111,-0.013775502129358042,0.00018976445891594795
001111010111,-0.01265902934988701,0.0001602510240813007
101111010111,-0.013750502239186403,0.0001890763118298703
011111010111,-0.013775502127726422,0.0001897644588709952
111111010111,-0.02433511888585212,0.0005921980111885564
000000110111,-0.020963941666000695,0.00043948685017548
100000110111,-0.020890452075257377,0.0004364109879086252
010000110111,-0.012811381453205537,0.00016413149473953884
110000110111,-0.020903383935408776,0.00043695145995110567
001000110111,-0.012104407138028244,0.0001465166721631491
101000110111,-0.012828205418974597,0.00016456285427140921
011000110111,-0.012113531148623678,0.00014673763688867605
111000110111,-0.021018576819784047,0.0004417805715291632
000100110111,-0.01209686019133399,0.00014633402648868098
100100110111,-0.0122221281352876,0.00014938041615538872
010100110111,-0.00784430037666214,6.153304839930177e-5
110100110111,-0.01301326885776398,0.00016934516636444983
001100110111,-0.011397927125831703,0.00012991274276577015
101100110111,-0.01230630113813023,0.00015144504770234538
011100110111,-0.012188875406194651,0.0001485686836677368
111100110111,-0.021439488949939908,0.00045965168643459536
000010110111,-0.01277335020023364,0.00016315847533780877
100010110111,-0.012782150164794372,0.0001633833628353528
010010110111,-0.007912990393627412,6.26154169696397e-5
110010110111,-0.012974764843662225,0.00016834452274833327
001010110111,-0.007825459811281715,6.123782125798527e-5
101010110111,-0.00834419673236645,6.962561910843494e-5
011010110111,-0.0079758272123608,6.361381972143506e-5
111010110111,-0.013906452758453928,0.00019338942832311084
000110110111,-0.012067844420226587,0.00014563286895079395
100110110111,-0.012260243581884253,0.000150313572687134
010110110111,-0.007970043770350151,6.352159770129726e-5
110110110111,-0.013300264637339975,0.00017689703942327625
001110110111,-0.012150844152956091,0.0001476430136294272
101110110111,-0.01319084873789107,0.00017399849042592244
011110110111,-0.013190848736627472,0.00017399849039258662
111110110111,-0.0232940477643366,0.000542612661247195
000001110111,-0.02068999933498692,0.0004280760724817592
100001110111,-0.020651865606263708,0.0004264995530191778
010001110111,-0.01269736562680254,0.0001612230938607067
110001110111,-0.020756207256713833,0.00043082013968365993
001001110111,-0.01211260139626558,0.00014671511258481485
101001110111,-0.012865365414704457,0.00016551762725387358
011001110111,-0.01218887540668494,0.00014856868367968892
111001110111,-0.02118797062128514,0.00044893009904844203
000101110111,-0.01269736562749086,0.00016122309387818636
100101110111,-0.012857339113305302,0.00016531116907453038
010101110111,-0.00828433771034424,6.863025129903163e-5
110101110111,-0.01377550212891647,0.0001897644589037822
001101110111,-0.012188875406057767,0.00014856868366439988
101101110111,-0.013190848736418412,0.00017399849038707125
011101110111,-0.013106064198976142,0.00017176891878768416
111101110111,-0.023093595023052044,0.0005333141310887342
000011110111,-0.020651865605381663,0.00042649955298274607
100011110111,-0.020705052085038502,0.0004286991818441572
010011110111,-0.012857339112285291,0.00016531116904830112
110011110111,-0.021125934005863604,0.00044630508762010413
001011110111,-0.012865365415201856,0.00016551762726667204
101011110111,-0.01375050223861251,0.00018907631181408764
011011110111,-0.013190848736234669,0.00017399849038222378
111011110111,-0.023042439850258757,0.0005309540342527928
000111110111,-0.02075620725702759,0.0004308201396966847
100111110111,-0.02112593400524694,0.00044630508759404896
010111110111,-0.013775502129614885,0.00018976445892302424
110111110111,-0.023031555561960237,0.0005304525516036616
001111110111,-0.021187970621428086,0.00044893009905449963
101111110111,-0.02304243984952639,0.0005309540342190418
011111110111,-0.02309359502343993,0.0005333141311066494
111111110111,-0.040836217789305206,0.0016675966833355667
000000001111,-0.03636598647550468,0.0013224849723365894
100000001111,-0.03628906661969888,0.0013168963561289435
010000001111,-0.022203079786280763,0.0004929767519959495
110000001111,-0.03627068121328957,0.0013155623156760772
001000001111,-0.020903383934476726,0.00043695145991213966
101000001111,-0.02217958274151751,0.0004919338905878214
011000001111,-0.020890452077560386,0.00043641098800484697
111000001111,-0.03628906662002502,0.0013168963561526143
000100001111,-0.02065186560538363,0.00042649955298282733
100100001111,-0.02089045207753134,0.0004364109880036334
010100001111,-0.01337044573100826,0.00017876881904583703
110100001111,-0.022203079786517983,0.0004929767520064835
001100001111,-0.019338951850839125,0.000373995058689074
101100001111,-0.02090338393467491,0.00043695145992042513
011100001111,-0.020651865605270374,0.00042649955297814943
111100001111,-0.036365986475269375,0.0013224849723194752
000010001111,-0.02065186560542211,0.0004264995529844167
100010001111,-0.020689999335405,0.00042807607249905927
010010001111,-0.012773350200266247,0.0001631584753386418
110010001111,-0.02096394166561447,0.00043948685015928634
001010001111,-0.012566638201025354,0.00015792039567546974
101010001111,-0.013412039897936046,0.00017988281422382833
011010001111,-0.012782150164038572,0.0001633833628160313
111010001111,-0.022307707483331402,0.0004976338131618799
000110001111,-0.01908734393545217,0.00036432669851024275
100110001111,-0.019412727484020908,0.00037685398836886073
010110001111,-0.012583547680596423,0.00015834567222984362
110110001111,-0.02101857681933547,0.0004417805715103064
001110001111,-0.01909917254059236,0.00036477839173531726
101110001111,-0.020756207257353578,0.0004308201397102173
011110001111,-0.02070505208415064,0.0004286991818073907
111110001111,-0.03660371260111661,0.0013398317761851432
000001001111,-0.020903383934865093,0.000436951459928376
100001001111,-0.0208904520772864,0.00043641098799339963
010001001111,-0.0128113814527861,0.0001641314947287917
110001001111,-0.020963941665558903,0.00043948685015695655
001001001111,-0.012167852433192577,0.0001480566328359505
101001001111,-0.01293680240510549,0.0001673608564687432
011001001111,-0.012222128135683222,0.00014938041616505943
111001001111,-0.021266636363990822,0.0004522698222382167
000101001111,-0.012566638200952229,0.00015792039567363186
100101001111,-0.01273819992174793,0.000162261737246419
010101001111,-0.00818304719909914,6.696226146268428e-5
110101001111,-0.01361876662368935,0.000185470804350515
001101001111,-0.01197735955871012,0.00014345714199862468
101101001111,-0.01297476484338733,0.00016834452274119987
011101001111,-0.012857339111732837,0.00016531116903409495
111101001111,-0.022678627071196004,0.0005143201258343843
000011001111,-0.01933895185098001,0.0003739950586945231
100011001111,-0.019412727484238942,0.000376853988377326
010011001111,-0.012023894177379616,0.00014457403118882346
110011001111,-0.019777052957432185,0.00039113182368107714
001011001111,-0.011977359558331284,0.00014345714198954978
101011001111,-0.012814959094620668,0.00016422317659680097
011011001111,-0.012260243581331567,0.00015031357267358188
111011001111,-0.021439488949947346,0.0004596516864349143
000111001111,-0.019099172540136825,0.0003647783917179166
100111001111,-0.019463528222229937,0.0003788289308575413
010111001111,-0.012659029349050391,0.00016025102406011914
110111001111,-0.021187970620981274,0.0004489300990355655
001111001111,-0.019401488760633825,0.00037641776612900066
101111001111,-0.021125934006052623,0.0004463050876280905
011111001111,-0.02112593400642494,0.0004463050876438216
111111001111,-0.03740271790486451,0.0013989633066708725
000000101111,-0.022203079786368936,0.0004929767519998648
100000101111,-0.022179582741968608,0.0004919338906078318
010000101111,-0.01357667837428891,0.00018432619567888418
110000101111,-0.022203079786162188,0.000492976751990684
001000101111,-0.012811381453258002,0.00016413149474088314
101000101111,-0.01361027385481453,0.00018523955440304799
011000101111,-0.012828205419286759,0.0001645628542794182
111000101111,-0.022307707483908132,0.0004976338131876109
000100101111,-0.01277335020023305,0.0001631584753377937
100100101111,-0.012936802405860887,0.00016736085648828806
010100101111,-0.008287038943405333,6.867501444951658e-5
110100101111,-0.013778572373389182,0.0001898490566487236
001100101111,-0.012023894177656064,0.0001445740311954714
101100101111,-0.013013268857184405,0.00016934516634936552
011100101111,-0.012865365414745712,0.00016551762725493512
111100101111,-0.02267862707120507,0.0005143201258347955
000010101111,-0.013370445731322225,0.00017876881905423271
100010101111,-0.013412039897841578,0.0001798828142212943
010010101111,-0.008287038943178927,6.867501444576411e-5
110010101111,-0.013618766624015018,0.0001854708043593854
001010101111,-0.008183047198478267,6.696226145252302e-5
101010101111,-0.00874624104662062,7.649673244559135e-5
011010101111,-0.008344196731150312,6.962561908813954e-5
111010101111,-0.014580292734962102,0.00021258493623718862
000110101111,-0.012583547679891291,0.00015834567221209748
100110101111,-0.012814959093154192,0.00016422317655921532
010110101111,-0.008314751012564766,6.913508440094678e-5
110110101111,-0.013906452759261285,0.0001933894283455658
001110101111,-0.012659029348916965,0.00016025102405674106
101110101111,-0.013775502129603115,0.00018976445892269995
011110101111,-0.013750502239242764,0.00018907631183142027
111110101111,-0.02433511888564584,0.0005921980111785168
000001101111,-0.0208904520773446,0.0004364109879958313
100001101111,-0.020903383934488522,0.0004369514599126328
010001101111,-0.012828205418492526,0.00016456285425904102
110001101111,-0.021018576818951303,0.0004417805714941571
001001101111,-0.012222128134691848,0.00014938041614082602
101001101111,-0.01301326885667661,0.00016934516633614936
011001101111,-0.012306301137983656,0.0001514450476987378
111001101111,-0.021439488951091587,0.00045965168648397816
000101101111,-0.012782150164513902,0.00016338336282818277
100101101111,-0.012974764844084245,0.00016834452275928447
010101101111,-0.008344196731685,6.962561909706264e-5
110101101111,-0.013906452759006262,0.00019338942833847287
001101101111,-0.012260243581439997,0.00015031357267624064
101101101111,-0.01330026463733433,0.0001768970394231261
011101101111,-0.013190848736199594,0.00017399849038129844
111101101111,-0.023294047765259087,0.0005426126612901719
000011101111,-0.020651865605426388,0.0004264995529845934
100011101111,-0.020756207257371272,0.00043082013971095184
010011101111,-0.012865365415129875,0.00016551762726481993
110011101111,-0.0211879706212834,0.0004489300990483684
001011101111,-0.012857339112275821,0.0001653111690480576
101011101111,-0.013775502129686576,0.0001897644589249994
011011101111,-0.01319084873626738,0.00017399849038308675
111011101111,-0.023093595023061658,0.0005333141310891782
000111101111,-0.02070505208405412,0.0004286991818033938
100111101111,-0.021125934005844917,0.0004463050876193146
010111101111,-0.013750502239370141,0.00018907631183492327
110111101111,-0.023042439850602663,0.0005309540342686417
001111101111,-0.021125934006497468,0.0004463050876468861
101111101111,-0.023031555562024537,0.0005304525516066234
011111101111,-0.023042439850349886,0.0005309540342569925
111111101111,-0.040836217788288,0.001667596683252489
000000011111,-0.03628906661920047,0.00131689635609277
100000011111,-0.03627068121338359,0.0013155623156828973
010000011111,-0.022179582742445636,0.0004919338906289924
110000011111,-0.036289066619706385,0.0013168963561294884
001000011111,-0.020890452077262044,0.000436410987992382
101000011111,-0.022203079786483518,0.000492976752004953
011000011111,-0.02090338393487616,0.0004369514599288387
111000011111,-0.03636598647542136,0.0013224849723305293
000100011111,-0.020689999335000327,0.00042807607248231393
100100011111,-0.020963941665743297,0.00043948685016468784
010100011111,-0.013412039897859043,0.00017988281422176282
110100011111,-0.022307707483615633,0.000497633813174561
001100011111,-0.019412727485032515,0.0003768539884081369
101100011111,-0.02101857681895957,0.0004417805714945046
011100011111,-0.020756207256919377,0.00043082013969219254
111100011111,-0.036603712601109624,0.0013398317761846316
000010011111,-0.02089045207734521,0.00043641098799585676
100010011111,-0.020963941665624736,0.00043948685015971677
010010011111,-0.012936802405661224,0.00016736085648312205
110010011111,-0.02126663636361158,0.0004522698222220863
001010011111,-0.01273819992158882,0.0001622617372423654
101010011111,-0.013618766623795225,0.0001854708043533988
011010011111,-0.012974764843155137,0.00016834452273517458
111010011111,-0.02267862707136899,0.0005143201258422305
000110011111,-0.01941272748496237,0.00037685398840541347
100110011111,-0.01977705295691305,0.00039113182366054316
010110011111,-0.01281495909350717,0.00016422317656826212
110110011111,-0.021439488950668592,0.0004596516864658406
001110011111,-0.019463528222049557,0.0003788289308505196
101110011111,-0.02118797062152368,0.0004489300990585505
011110011111,-0.02112593400597226,0.0004463050876246951
111110011111,-0.03740271790451722,0.0013989633066448933
000001011111,-0.02217958274296113,0.0004919338906518592
100001011111,-0.022203079786434925,0.0004929767520027952
010001011111,-0.013610273853523468,0.00018523955436790455
110001011111,-0.02230770748379743,0.0004976338131826718
001001011111,-0.012936802404943352,0.00016736085646454812
101001011111,-0.013778572373199937,0.00018984905664350856
011001011111,-0.013013268857671722,0.0001693451663620487
111001011111,-0.02267862707130147,0.000514320125839168
000101011111,-0.013412039896837544,0.00017988281419436205
100101011111,-0.013618766623802889,0.00018547080435360753
010101011111,-0.00874624104822399,7.649673247363828e-5
110101011111,-0.014580292735122222,0.0002125849362418578
001101011111,-0.01281495909442007,0.00016422317659165966
101101011111,-0.013906452759284746,0.0001933894283462183
011101011111,-0.013775502128242672,0.0001897644588852184
111101011111,-0.024335118885640068,0.0005921980111782358
000011011111,-0.020903383934926523,0.0004369514599309442
100011011111,-0.02101857681788288,0.00044178057144924357
010011011111,-0.013013268856823095,0.00016934516633996188
110011011111,-0.021439488951634254,0.00045965168650724715
001011011111,-0.012974764842978334,0.0001683445227305866
101011011111,-0.013906452761329553,0.00019338942840309032
011011011111,-0.01330026463739808,0.00017689703942482186
111011011111,-0.023294047764341068,0.0005426126612474031
000111011111,-0.02075620725700951,0.0004308201396959342
100111011111,-0.02118797062232817,0.0004489300990926414
010111011111,-0.013775502129091627,0.00018976445890860795
110111011111,-0.023093595022423304,0.0005333141310596944
001111011111,-0.021125934005934707,0.00044630508762310834
101111011111,-0.023042439849106425,0.0005309540341996877
011111011111,-0.023031555562854713,0.0005304525516448638
111111011111,-0.04083621778888475,0.0016675966833012272
000000111111,-0.03627068121325747,0.0013155623156737488
100000111111,-0.03628906662082744,0.0013168963562108524
010000111111,-0.022203079786497427,0.0004929767520055707
110000111111,-0.03636598647498063,0.001322484972298474
001000111111,-0.0209639416659164,0.0004394868501719457
101000111111,-0.022307707483427905,0.0004976338131661854
011000111111,-0.02101857681892841,0.00044178057149319463
111000111111,-0.03660371260081268,0.0013398317761628932
000100111111,-0.020963941665925738,0.00043948685017233715
100100111111,-0.021266636363457086,0.00045226982221551517
010100111111,-0.013618766623596375,0.0001854708043479826
110100111111,-0.022678627071128235,0.0005143201258313105
001100111111,-0.01977705295664384,0.00039113182364989484
101100111111,-0.02143948895026247,0.0004596516864484264
011100111111,-0.021187970621448143,0.00044893009905534953
111100111111,-0.037402717904871915,0.0013989633066714263
000010111111,-0.022203079786376406,0.0004929767520001966
100010111111,-0.022307707483728897,0.0004976338131796143
010010111111,-0.013778572373402772,0.00018984905664909808
110010111111,-0.022678627070964234,0.0005143201258238719
001010111111,-0.013618766623834292,0.0001854708043544629
101010111111,-0.014580292734800743,0.0002125849362324833
011010111111,-0.013906452759148131,0.00019338942834241866
111010111111,-0.024335118885867053,0.0005921980111892833
000110111111,-0.02101857681907999,0.0004417805714995666
100110111111,-0.021439488949969828,0.0004596516864358783
010110111111,-0.013906452759196887,0.0001933894283437747
110110111111,-0.02329404776565909,0.0005426126613088072
001110111111,-0.021187970621488843,0.00044893009905707423
101110111111,-0.023093595022730166,0.0005333141310738675
011110111111,-0.023042439850272003,0.0005309540342534032
111110111111,-0.04083621778890591,0.001667596683302955
000001111111,-0.03628906661920771,0.0013168963560932952
100001111111,-0.03636598647495707,0.0013224849722967608
010001111111,-0.022307707484689684,0.0004976338132224802
110001111111,-0.036603712601105606,0.0013398317761843376
001001111111,-0.021266636364259985,0.0004522698222496651
101001111111,-0.02267862707132747,0.0005143201258403473
011001111111,-0.0214394889498303,0.0004596516864298955
111001111111,-0.03740271790490402,0.001398963306673828
000101111111,-0.02230770748452836,0.0004976338132152827
100101111111,-0.02267862707103033,0.0005143201258268698
010101111111,-0.01458029273354266,0.0002125849361957969
110101111111,-0.024335118885983564,0.0005921980111949539
001101111111,-0.021439488949935238,0.0004596516864343951
101101111111,-0.023294047765425523,0.0005426126612979259
011101111111,-0.023093595024268273,0.0005333141311449083
111101111111,-0.04083621778829059,0.0016675966832527004
000011111111,-0.03636598647546272,0.0013224849723335378
100011111111,-0.03660371260179605,0.0013398317762348829
010011111111,-0.022678627071252334,0.0005143201258369393
110011111111,-0.037402717904015795,0.0013989633066073838
001011111111,-0.022678627071405277,0.0005143201258438764
101011111111,-0.024335118883805483,0.0005921980110889461
011011111111,-0.02329404776546223,0.0005426126612996359
111011111111,-0.040836217789332586,0.001667596683337803
000111111111,-0.036603712600984516,0.0013398317761754727
100111111111,-0.03740271790404686,0.0013989633066097077
010111111111,-0.024335118885751968,0.000592198011183682
110111111111,-0.04083621778916691,0.001667596683324272
001111111111,-0.0374027179045667,0.0013989633066485948
101111111111,-0.04083621779001467,0.0016675966833935105
011111111111,-0.04083621778818644,0.0016675966832441944
111111111111,-0.07246278781108557,0.005250855617354413
