config,amplitude,probability
000000000000,0.3674079462762858,0.13498859898695814
100000000000,0.1017289883971979,0.010348787080317227
010000000000,0.10172898839721896,0.01034878708032151
110000000000,0.05828488347145958,0.0033971276412816226
001000000000,0.10172898839733914,0.010348787080345962
101000000000,0.030634086444730285,0.0009384472523032078
011000000000,0.05828488347143838,0.0033971276412791507
111000000000,0.042304041507619246,0.0017896319278783723
000100000000,0.1017289883973398,0.010348787080346098
100100000000,0.02882943703872221,0.0008311364399696481
010100000000,0.03063408644442298,0.0009384472522843796
110100000000,0.01908488856418658,0.0003642329715074197
001100000000,0.05828488347132094,0.0033971276412654615
101100000000,0.019084888564149995,0.00036423297150602323
011100000000,0.04230404150772858,0.001789631927887623
111100000000,0.03488055532059315,0.0012166531394729593
000010000000,0.10172898839721942,0.010348787080321603
100010000000,0.028470951431393294,0.0008105950754087558
010010000000,0.028829437039118777,0.0008311364399925137
110010000000,0.017103010182951867,0.0002925129573181553
001010000000,0.030634086444423007,0.0009384472522843813
101010000000,0.009580127675773127,9.177884628411423e-5
011010000000,0.01908488856390391,0.00036423297149663024
111010000000,0.0148738302708564,0.00022123082692624416
000110000000,0.05828488347143916,0.003397127641279242
100110000000,0.017103010183064718,0.0002925129573220154
010110000000,0.019084888563904157,0.0003642329714966396
110110000000,0.01306918086484808,0.0001708034884781112
001110000000,0.04230404150772902,0.00178963192788766
101110000000,0.014873830270745248,0.0002212308269229377
011110000000,0.03488055532067284,0.0012166531394785186
111110000000,0.03139936057517231,0.0009859198445296847
000001000000,0.10172898839719877,0.010348787080317402
100001000000,0.02836620617720763,0.0008046416528878522
010001000000,0.028470951431393453,0.000810595075408765
110001000000,0.016653264865568604,0.00027733123068278165
001001000000,0.02882943703872229,0.0008311364399696526
101001000000,0.008853476653896365,7.838404886108797e-5
011001000000,0.01710301018306488,0.000292512957322021
111001000000,0.012914722160023163,0.00016679004847059336
000101000000,0.030634086444730847,0.0009384472523032422
100101000000,0.008853476653896466,7.838404886108976e-5
010101000000,0.009580127675773209,9.177884628411578e-5
110101000000,0.00629990069882709,3.968874881508205e-5
001101000000,0.01908488856415056,0.0003642329715060448
101101000000,0.006548562786161422,4.288367456429825e-5
011101000000,0.014873830270745738,0.00022123082692295225
111101000000,0.013083883753140015,0.00017118801406568125
000011000000,0.05828488347146073,0.003397127641281756
100011000000,0.016653264865568777,0.0002773312306827874
010011000000,0.01710301018295224,0.00029251295731816797
110011000000,0.010751587146633395,0.00011559662617165241
001011000000,0.01908488856418724,0.00036423297150744484
101011000000,0.0062999006988272,3.968874881508344e-5
011011000000,0.013069180864848599,0.00017080348847812475
111011000000,0.011102005372108875,0.00012325452328233432
000111000000,0.04230404150762116,0.0017896319278785343
100111000000,0.012914722160023527,0.00016679004847060277
010111000000,0.014873830270857072,0.0002212308269262642
110111000000,0.011102005372108854,0.00012325452328233386
001111000000,0.03488055532059502,0.00121665313947309
101111000000,0.013083883753140199,0.00017118801406568605
011111000000,0.031399360575174264,0.0009859198445298077
111111000000,0.03036368858505197,0.0009219535844900152
000000100000,0.10172898839720106,0.010348787080317867
100000100000,0.02834112175821127,0.0008032191825137562
010000100000,0.028366206177170304,0.0008046416528857347
110000100000,0.016524109027095557,0.0002730461791393408
001000100000,0.028470951431348968,0.0008105950754062318
101000100000,0.00869727089383148,7.564252100068822e-5
011000100000,0.01665326486556593,0.00027733123068269253
111000100000,0.012446015192885981,0.00015490329418154866
000100100000,0.028829437038719288,0.0008311364399694796
100100100000,0.008275775659032262,6.848846275863087e-5
010100100000,0.008853476654036576,7.838404886357069e-5
110100100000,0.005708927883921334,3.2591857583814516e-5
001100100000,0.017103010183131935,0.00029251295732431464
101100100000,0.005774107161848971,3.334031351651559e-5
011100100000,0.012914722159982744,0.00016679004846954936
111100100000,0.011142831773144552,0.00012416269992459976
000010100000,0.030634086444797815,0.0009384472523073452
100010100000,0.008697270893762817,7.564252099949388e-5
010010100000,0.008853476653908912,7.838404886131015e-5
110010100000,0.005460265796751296,2.981450257117206e-5
001010100000,0.009580127675590449,9.177884628061406e-5
101010100000,0.003105603006205416,9.644770032152118e-6
011010100000,0.006299900699011866,3.96887488174102e-5
111010100000,0.005220037221495495,2.724878859379841e-5
000110100000,0.01908488856411425,0.0003642329715046588
100110100000,0.005774107161922788,3.3340313517368035e-5
010110100000,0.0065485627860510974,4.288367456285331e-5
110110100000,0.00479854198669621,2.302600519808641e-5
001110100000,0.014873830270776229,0.0002212308269238593
101110100000,0.005523840584363023,3.0512814801456017e-5
011110100000,0.013083883753124992,0.00017118801406528812
111110100000,0.012571057243433485,0.00015803148021768148
000001100000,0.0582848834713526,0.0033971276412691513
100001100000,0.016524109027135983,0.00027304617914067684
010001100000,0.016653264865580848,0.0002773312306831894
110001100000,0.010178134925353596,0.00010359443055870266
001001100000,0.017103010183462837,0.0002925129573356335
101001100000,0.005460265796674496,2.9814502570333365e-5
011001100000,0.010751587146439614,0.0001155966261674855
111001100000,0.008711208074581318,7.588514611865077e-5
000101100000,0.019084888564261018,0.0003642329715102609
100101100000,0.005708927883713713,3.259185758144394e-5
010101100000,0.006299900699173383,3.968874881944528e-5
110101100000,0.004493386199610081,2.0190519538846333e-5
001101100000,0.013069180864464843,0.00017080348846809401
101101100000,0.004798541986927836,2.3026005200309346e-5
011101100000,0.011102005372167045,0.00012325452328362593
111101100000,0.010611949132683318,0.00011261346439465824
000011100000,0.04230404150774061,0.0017896319278886403
100011100000,0.012446015192981092,0.00015490329418391618
010011100000,0.012914722159886143,0.0001667900484670542
110011100000,0.008711208074522546,7.588514611762681e-5
001011100000,0.014873830270370697,0.00022123082691179568
101011100000,0.005220037221163986,2.724878859033743e-5
011011100000,0.011102005372353814,0.00012325452328777295
111011100000,0.010253463525377659,0.00010513351426625005
000111100000,0.034880555320542066,0.0012166531394693955
100111100000,0.011142831773129629,0.00012416269992426718
010111100000,0.013083883753151953,0.00017118801406599364
110111100000,0.010611949132747782,0.00011261346439602642
001111100000,0.03139936057533823,0.0009859198445401045
101111100000,0.012571057243476765,0.00015803148021876964
011111100000,0.030363688584987943,0.0009219535844861271
111111100000,0.03139936057517803,0.0009859198445300442
000000010000,0.10172898839722065,0.010348787080321855
100000010000,0.02836620617716956,0.0008046416528856926
010000010000,0.028341121758256427,0.0008032191825163158
110000010000,0.016524109027146277,0.00027304617914101706
001000010000,0.028366206177055795,0.0008046416528792383
101000010000,0.008663812759948484,7.506165153944618e-5
011000010000,0.01652410902713254,0.0002730461791405631
111000010000,0.012341269938708878,0.00015230694370007943
000100010000,0.028470951431318465,0.0008105950754044949
100100010000,0.008165882554556001,6.668163789480204e-5
010100010000,0.008697270893723333,7.564252099880708e-5
110100010000,0.005585988541714565,3.120326798816641e-5
001100010000,0.016653264865633642,0.00027733123068494783
101100010000,0.005601006231168456,3.1371270801587875e-5
011100010000,0.012446015192878388,0.00015490329418135966
111100010000,0.010693086455660084,0.00011434209794822112
000010010000,0.028829437038686515,0.0008311364399675899
100010010000,0.008165882554425779,6.668163789267528e-5
010010010000,0.008275775658825136,6.84884627552026e-5
110010010000,0.0050625306313832,2.562921639369318e-5
001010010000,0.008853476654439694,7.838404887070868e-5
101010010000,0.0028456996627817597,8.098006570756222e-6
011010010000,0.005708927883828523,3.259185758275482e-5
111010010000,0.004669663917490335,2.1805761102311176e-5
000110010000,0.017103010183103954,0.00029251295732335756
100110010000,0.005140951768084608,2.6429385081772256e-5
010110010000,0.005774107162136394,3.3340313519834805e-5
110110010000,0.00417038128781254,1.739208008573698e-5
001110010000,0.012914722159893978,0.0001667900484672566
101110010000,0.004747622624501417,2.2539920584677718e-5
011110010000,0.01114283177312411,0.0001241626999241442
111110010000,0.010611949132686298,0.00011261346439472149
000001010000,0.030634086444798616,0.0009384472523073943
100001010000,0.008663812759931427,7.506165153915061e-5
010001010000,0.008697270893727465,7.564252099887895e-5
110001010000,0.005272147176629054,2.7795535852037707e-5
001001010000,0.008853476653779214,7.83840488590136e-5
101001010000,0.0028033102532166085,7.858548375789364e-6
011001010000,0.005460265796800087,2.981450257170488e-5
111001010000,0.0043645081304614225,1.9048931220863863e-5
000101010000,0.009580127675755628,9.177884628377892e-5
100101010000,0.0028456996626967674,8.098006570272497e-6
010101010000,0.0031056030060971204,9.64477003147947e-6
110101010000,0.002178043230859527,4.743872315493007e-6
001101010000,0.006299900699010627,3.968874881739458e-5
101101010000,0.00228502461687534,5.221337499726295e-6
011101010000,0.00522003722151712,2.724878859402418e-5
111101010000,0.004937098844642397,2.437494500176929e-5
000011010000,0.019084888564037596,0.00036423297150173293
100011010000,0.005601006231193666,3.1371270801870276e-5
010011010000,0.005774107162108892,3.33403135195172e-5
110011010000,0.0038665779249767596,1.4950424849917585e-5
001011010000,0.006548562786283067,4.288367456589145e-5
101011010000,0.0022850246170982545,5.221337500745025e-6
011011010000,0.0047985419865439975,2.3026005196625614e-5
111011010000,0.004413640934113706,1.9480226295284106e-5
000111010000,0.014873830270791609,0.0002212308269243168
100111010000,0.004747622624514632,2.2539920584803197e-5
010111010000,0.005523840584235142,3.0512814800043237e-5
110111010000,0.004477044381519394,2.004392639409437e-5
001111010000,0.013083883753071493,0.00017118801406388817
101111010000,0.0052514683827642366,2.757792017517243e-5
011111010000,0.012571057243481636,0.0001580314802188921
111111010000,0.013083883753137729,0.0001711880140656214
000000110000,0.058284883471458326,0.003397127641281476
100000110000,0.016524109027094825,0.00027304617913931665
010000110000,0.01652410902714929,0.0002730461791411166
110000110000,0.01004830525220243,0.00010096843844143893
001000110000,0.016653264865522092,0.0002773312306812325
101000110000,0.005272147176662027,2.7795535852385383e-5
011000110000,0.010178134925329037,0.00010359443055820274
111000110000,0.008132306918613068,6.613441581852196e-5
000100110000,0.017103010183127664,0.0002925129573241686
100100110000,0.005062530631441541,2.5629216394283892e-5
010100110000,0.005460265796499611,2.9814502568423526e-5
110100110000,0.003786807135493115,1.433990828142157e-5
001100110000,0.010751587146611143,0.00011559662617117394
101100110000,0.0038665779248996273,1.495042484932111e-5
011100110000,0.00871120807463742,7.588514611962818e-5
111100110000,0.008184134054845693,6.698005022768499e-5
000010110000,0.01908488856403567,0.0003642329715016594
100010110000,0.005585988541839169,3.120326798955848e-5
010010110000,0.005708927883947548,3.259185758411383e-5
110010110000,0.0037868071355015424,1.4339908281485396e-5
001010110000,0.006299900699204479,3.968874881983708e-5
101010110000,0.0021780432310260817,4.743872316218534e-6
011010110000,0.004493386199497636,2.019051953783581e-5
111010110000,0.004097463942398805,1.6789210759258354e-5
000110110000,0.013069180864780974,0.00017080348847635715
100110110000,0.004170381287752325,1.7392080085234745e-5
010110110000,0.0047985419868063275,2.3026005199143216e-5
110110110000,0.003887847397178294,1.5115357383746036e-5
001110110000,0.011102005372043689,0.00012325452328088693
101110110000,0.004477044381504957,2.0043926393965108e-5
011110110000,0.010611949132716902,0.00011261346439537104
111110110000,0.011142831773141794,0.00012416269992453828
000001110000,0.04230404150774706,0.0017896319278891864
100001110000,0.012341269938762726,0.00015230694370140852
010001110000,0.012446015192835445,0.00015490329418029071
110001110000,0.008132306918697181,6.613441581989004e-5
001001110000,0.0129147221595451,0.00016679004845824525
101001110000,0.004364508130213292,1.9048931218697928e-5
011001110000,0.008711208074869251,7.588514612366725e-5
111001110000,0.0077209031932434285,5.961234611943657e-5
000101110000,0.014873830270695353,0.00022123082692145343
100101110000,0.0046696639175219734,2.180576110260666e-5
010101110000,0.005220037221065891,2.724878858931331e-5
110101110000,0.004097463942143946,1.6789210757169805e-5
001101110000,0.011102005372370662,0.00012325452328814702
101101110000,0.004413640934311851,1.948022629703319e-5
011101110000,0.010253463525238139,0.00010513351426338892
111101110000,0.010693086455659853,0.00011434209794821619
000011110000,0.034880555320394885,0.001216653139459128
100011110000,0.010693086455583551,0.00011434209794658438
010011110000,0.0111428317734871,0.00012416269993223365
110011110000,0.00818413405476541,6.69800502263709e-5
001011110000,0.013083883753873697,0.00017118801408488006
101011110000,0.004937098844848829,2.4374945003807643e-5
011011110000,0.010611949132155405,0.00011261346438345388
111011110000,0.010693086455636196,0.00011434209794771026
000111110000,0.03139936057531624,0.0009859198445387235
100111110000,0.010611949132695359,0.00011261346439491379
010111110000,0.012571057243305655,0.00015803148021446757
110111110000,0.011142831773241685,0.00012416269992676442
001111110000,0.030363688584842966,0.000921953584477323
101111110000,0.0130838837530661,0.00017118801406374706
011111110000,0.03139936057534186,0.0009859198445403324
111111110000,0.03488055532059291,0.0012166531394729424
000000001000,0.10172898839733661,0.010348787080345449
100000001000,0.028470951431357274,0.0008105950754067048
010000001000,0.028366206177060066,0.0008046416528794807
110000001000,0.01665326486551253,0.00027733123068091406
001000001000,0.028341121757827607,0.0008032191824920093
101000001000,0.008697270893809715,7.564252100030966e-5
011000001000,0.016524109027168374,0.0002730461791417473
111000001000,0.012446015192935683,0.00015490329418278582
000100001000,0.028366206176707792,0.0008046416528594952
100100001000,0.008165882554502617,6.668163789393018e-5
010100001000,0.008663812761149043,7.506165156024901e-5
110100001000,0.005601006231122489,3.137127080107294e-5
001100001000,0.01652410902752167,0.00027304617915342315
101100001000,0.005585988541813337,3.1203267989269894e-5
011100001000,0.012341269938379303,0.00015230694369194469
111100001000,0.010693086455636958,0.00011434209794772655
000010001000,0.028470951431324408,0.0008105950754048333
100010001000,0.008088095159346595,6.541728330664582e-5
010010001000,0.008165882553401562,6.6681637875948e-5
110010001000,0.005018012426569064,2.5180448713201543e-5
001010001000,0.008697270894517538,7.564252101262191e-5
101010001000,0.0028032262735595563,7.858077540774596e-6
011010001000,0.005585988542598733,3.1203267998044315e-5
111010001000,0.004591876522191339,2.1085329995052028e-5
000110001000,0.01665326486560993,0.00027733123068415805
100110001000,0.005018012426224906,2.5180448709747563e-5
010110001000,0.005601006231762268,3.137127080823975e-5
110110001000,0.004060028524677636,1.648383162119606e-5
001110001000,0.012446015192643605,0.00015490329417551543
101110001000,0.0045918765225374325,2.108532999823047e-5
011110001000,0.010693086455434727,0.00011434209794340161
111110001000,0.010253463525394663,0.00010513351426659876
000001001000,0.028829437038721012,0.000831136439969579
100001001000,0.008165882554396242,6.668163789219288e-5
010001001000,0.00816588255434787,6.66816378914029e-5
110001001000,0.004954608978680882,2.4548150131625213e-5
001001001000,0.00827577565925837,6.848846276237329e-5
101001001000,0.0026191852662746638,6.860131459070282e-6
011001001000,0.00506253063136705,2.562921639352966e-5
111001001000,0.004042855642805213,1.6344681748561953e-5
000101001000,0.00885347665402338,7.838404886333703e-5
100101001000,0.0026279342798913984,6.906038579428324e-6
010101001000,0.0028456996627999054,8.098006570859495e-6
110101001000,0.0019879488369925046,3.951940578499851e-6
001101001000,0.005708927883683856,3.2591857581103035e-5
101101001000,0.002064672621103127,4.262873032332856e-6
011101001000,0.004669663917538762,2.1805761102763457e-5
111101001000,0.004413640934106515,1.9480226295220633e-5
000011001000,0.017103010183123622,0.0002925129573240303
100011001000,0.005018012426090966,2.5180448708403342e-5
010011001000,0.005140951768439537,2.6429385085421606e-5
110011001000,0.0034318678259947287,1.1777716775097784e-5
001011001000,0.005774107161540039,3.3340313512947966e-5
101011001000,0.0020087409111243667,4.03504004802475e-6
011011001000,0.0041703812876400775,1.7392080084298512e-5
111011001000,0.0038306471290208014,1.4673857427075307e-5
000111001000,0.012914722160022329,0.00016679004847057182
100111001000,0.004119461925495344,1.6969966555605806e-5
010111001000,0.004747622624198522,2.2539920581801655e-5
110111001000,0.003843857364812245,1.4775239441021337e-5
001111001000,0.011142831773248273,0.00012416269992691125
101111001000,0.00447704438151658,2.0043926394069177e-5
011111001000,0.01061194913275872,0.00011261346439625855
111111001000,0.011102005372107596,0.0001232545232823059
000000101000,0.030634086444728915,0.0009384472523031237
100000101000,0.008697270893832324,7.564252100070293e-5
010000101000,0.00866381275994608,7.506165153940452e-5
110000101000,0.005272147176659673,2.7795535852360562e-5
001000101000,0.008697270893816781,7.564252100043255e-5
101000101000,0.002752062773778749,7.5738495108187815e-6
011000101000,0.005272147176595711,2.7795535851686127e-5
111000101000,0.004208302370295278,1.7709808839832852e-5
000100101000,0.008853476654025524,7.838404886337499e-5
100100101000,0.002619185265876976,6.860131456987045e-6
010100101000,0.002803310253262789,7.858548376048282e-6
110100101000,0.001936899160928062,3.751578359603831e-6
001100101000,0.005460265796581756,2.9814502569320594e-5
101100101000,0.0019579086215956993,3.83340617051877e-6
011100101000,0.004364508130491428,1.9048931221125782e-5
111100101000,0.004097463942392947,1.6789210759210348e-5
000010101000,0.009580127675754248,9.17788462837525e-5
100010101000,0.002803226273678351,7.858077541440613e-6
010010101000,0.0028456996626082336,8.098006569768615e-6
110010101000,0.0018809674504872693,3.5380385497925774e-6
001010101000,0.003105603006467301,9.644770033778738e-6
101010101000,0.001069836006052031,1.1445490798453614e-6
011010101000,0.0021780432308377957,4.7438723153983436e-6
111010101000,0.001982038401476196,3.928476224926313e-6
000110101000,0.0062999006988842705,3.968874881580252e-5
100110101000,0.002008740910990605,4.035040047487366e-6
010110101000,0.0022850246169551585,5.22133750009107e-6
110110101000,0.00184913581700114,3.4193032697164737e-6
001110101000,0.00522003722152251,2.724878859408045e-5
101110101000,0.002108644279567694,4.446380697753559e-6
011110101000,0.00493709884462473,2.437494500159485e-5
111110101000,0.00522003722149894,2.724878859383438e-5
000001101000,0.01908488856425986,0.00036423297151021665
100001101000,0.005585988541755397,3.120326798862258e-5
010001101000,0.005601006231222958,3.1371270802198396e-5
110001101000,0.003676914030800304,1.351969678989614e-5
001001101000,0.005774107161453919,3.334031351195344e-5
101001101000,0.001957908621621503,3.833406170619813e-6
011001101000,0.0038665779251496183,1.4950424851254328e-5
111001101000,0.003451066689950529,1.19098612984861e-5
000101101000,0.006548562785740538,4.288367455878587e-5
100101101000,0.0020646726217783532,4.262873035121099e-6
010101101000,0.0022850246167506996,5.2213374991566825e-6
110101101000,0.0018067464080328294,3.2643325829395315e-6
001101101000,0.004798541987270385,2.3026005203596817e-5
101101101000,0.0019246032714266214,3.704097752386053e-6
011101101000,0.004413640934019022,1.9480226294448305e-5
111101101000,0.0046696639174991705,2.1805761102393697e-5
000011101000,0.01487383027070006,0.00022123082692159348
100011101000,0.004591876522327497,2.1085329996302472e-5
010011101000,0.004747622624481695,2.253992058449045e-5
110011101000,0.003529487826926581,1.245728432042292e-5
001011101000,0.005523840584494838,3.0512814802912274e-5
101011101000,0.002108644280386362,4.446380701206118e-6
011011101000,0.004477044381459957,2.0043926393562167e-5
111011101000,0.004591876522238765,2.108532999548758e-5
000111101000,0.013083883753205452,0.0001711880140673936
100111101000,0.004477044381553306,2.0043926394398023e-5
010111101000,0.00525146838287401,2.7577920176325372e-5
110111101000,0.004747622624237102,2.2539920582167983e-5
001111101000,0.012571057243305966,0.00015803148021447538
101111101000,0.0055238405842492795,3.051281480019942e-5
011111101000,0.013083883753154002,0.00017118801406604725
111111101000,0.014873830270839546,0.00022123082692574283
000000011000,0.05828488347143966,0.0033971276412793003
100000011000,0.01665326486556096,0.0002773312306825271
010000011000,0.016524109027131487,0.00027304617914052825
110000011000,0.010178134925334472,0.00010359443055831338
001000011000,0.016524109027167527,0.00027304617914171935
101000011000,0.005272147176601514,2.7795535851747323e-5
011000011000,0.010048305252180338,0.00010096843844099496
111000011000,0.00813230691861859,6.613441581861178e-5
000100011000,0.016653264865607562,0.0002773312306840792
100100011000,0.004954608978724523,2.4548150132057664e-5
010100011000,0.0052721471765193656,2.779553585088112e-5
110100011000,0.0036769140309557834,1.3519696791039508e-5
001100011000,0.010178134925276196,0.00010359443055712709
101100011000,0.0036769140309944244,1.3519696791323668e-5
011100011000,0.008132306918657094,6.613441581923802e-5
111100011000,0.007720903193248536,5.961234611951544e-5
000010011000,0.017103010183104388,0.00029251295732337236
100010011000,0.005018012426124654,2.518044870874144e-5
010010011000,0.005062530631432538,2.5629216394192734e-5
110010011000,0.003353909119,1.1248706378511356e-5
001010011000,0.005460265796569057,2.9814502569181915e-5
101010011000,0.0018809674506315923,3.5380385503355107e-6
011010011000,0.003786807135486836,1.4339908281374015e-5
111010011000,0.0034510666899546273,1.1909861298514386e-5
000110011000,0.010751587146606532,0.00011559662617107479
100110011000,0.0034318678260152643,1.1777716775238736e-5
010110011000,0.003866577924943763,1.4950424849662416e-5
110110011000,0.0031317526613919644,9.807874732135652e-6
001110011000,0.008711208074630005,7.588514611949901e-5
101110011000,0.003529487826659707,1.245728431853906e-5
011110011000,0.00818413405483552,6.69800502275185e-5
111110011000,0.00871120807457714,7.588514611857797e-5
000001011000,0.019084888564111207,0.00036423297150454264
100001011000,0.005601006231223625,3.137127080220587e-5
010001011000,0.0055859885418740145,3.120326798994778e-5
110001011000,0.003676914030964788,1.3519696791105726e-5
001001011000,0.005708927883867239,3.259185758319687e-5
101001011000,0.0019368991610772602,3.7515783601817945e-6
011001011000,0.0037868071354942726,1.4339908281430337e-5
111001011000,0.0033858874118534556,1.1464233565747691e-5
000101011000,0.006299900698888203,3.968874881585207e-5
100101011000,0.0019879488366926082,3.951940577307494e-6
010101011000,0.0021780432308987955,4.743872315664065e-6
110101011000,0.001722135057727825,2.9657491570552187e-6
001101011000,0.004493386199705681,2.0190519539705468e-5
101101011000,0.00180674640743788,3.264332580789686e-6
011101011000,0.0040974639424090865,1.678921075934261e-5
111101011000,0.004364508130464922,1.9048931220894413e-5
000011011000,0.013069180864782674,0.0001708034884764016
100011011000,0.004060028525015886,1.648383162394267e-5
010011011000,0.004170381287711204,1.7392080084891757e-5
110011011000,0.0031317526613620595,9.807874731948343e-6
001011011000,0.004798541986729502,2.3026005198405914e-5
101011011000,0.0018491358168549524,3.4193032691758325e-6
011011011000,0.0038878473972203988,1.5115357384073429e-5
111011011000,0.004042855642808847,1.634468174859133e-5
000111011000,0.01110200537210083,0.00012325452328215567
100111011000,0.0038438573648296474,1.477523944115512e-5
010111011000,0.004477044381555705,2.0043926394419504e-5
110111011000,0.004119461925500801,1.6969966555650763e-5
001111011000,0.010611949132696842,0.00011261346439494527
101111011000,0.0047476226245160335,2.2539920584816506e-5
011111011000,0.011142831773127509,0.00012416269992421994
111111011000,0.01291472216002086,0.00016679004847053387
000000111000,0.042304041507624436,0.0017896319278788114
100000111000,0.012446015192886833,0.00015490329418156986
010000111000,0.012341269938707742,0.00015230694370005137
110000111000,0.008132306918613922,6.613441581853585e-5
001000111000,0.012446015192926794,0.00015490329418256456
101000111000,0.004208302370293472,1.7709808839817653e-5
011000111000,0.008132306918622467,6.613441581867484e-5
111000111000,0.007232587912702668,5.231032791497274e-5
000100111000,0.01291472216001683,0.00016679004847042976
100100111000,0.004042855642807906,1.634468174858372e-5
010100111000,0.004364508130476922,1.904893122099916e-5
110100111000,0.0033858874119034273,1.146423356608609e-5
001100111000,0.008711208074584531,7.588514611870674e-5
101100111000,0.0034510666899120993,1.1909861298220852e-5
011100111000,0.007720903193243561,5.9612346119438616e-5
111100111000,0.008132306918613424,6.613441581852775e-5
000010111000,0.01487383027079133,0.0002212308269243085
100010111000,0.004591876522556297,2.108532999840371e-5
010010111000,0.0046696639175852405,2.1805761103197535e-5
110010111000,0.003451066689912108,1.1909861298220913e-5
001010111000,0.00522003722129071,2.724878859166044e-5
101010111000,0.001982038401298361,3.928476224221362e-6
011010111000,0.004097463942458032,1.6789210759743714e-5
111010111000,0.004208302370293199,1.7709808839815355e-5
000110111000,0.011102005372102462,0.0001232545232821919
100110111000,0.0038306471290161085,1.4673857427039354e-5
010110111000,0.004413640934062245,1.948022629482985e-5
110110111000,0.004042855642807614,1.6344681748581367e-5
001110111000,0.010253463525327132,0.0001051335142652139
101110111000,0.004591876522556036,2.1085329998401315e-5
011110111000,0.010693086455622095,0.00011434209794740869
111110111000,0.012446015192885587,0.00015490329418153885
000001111000,0.03488055532053865,0.0012166531394691574
100001111000,0.010693086455622414,0.0001143420979474155
010001111000,0.010693086455654853,0.00011434209794810926
110001111000,0.007720903193243445,5.961234611943682e-5
001001111000,0.011142831773424872,0.00012416269993084685
101001111000,0.004097463942457992,1.678921075974339e-5
011001111000,0.00818413405466925,6.698005022479692e-5
111001111000,0.008132306918621868,6.61344158186651e-5
000101111000,0.013083883753207152,0.00017118801406743807
100101111000,0.004413640934062219,1.948022629482962e-5
010101111000,0.004937098844869993,2.4374945004016626e-5
110101111000,0.004364508130476667,1.9048931220996935e-5
001101111000,0.010611949132499049,0.00011261346439074733
101101111000,0.00466966391758494,2.1805761103194722e-5
011101111000,0.01069308645565436,0.00011434209794809873
111101111000,0.012341269938706415,0.00015230694370001863
000011111000,0.031399360575316164,0.0009859198445387187
100011111000,0.010253463525327005,0.0001051335142652113
010011111000,0.010611949132499071,0.00011261346439074781
110011111000,0.008711208074583981,7.588514611869716e-5
001011111000,0.01257105724307509,0.00015803148020867067
101011111000,0.005220037221290465,2.7248788591657887e-5
011011111000,0.011142831773424396,0.00012416269993083625
111011111000,0.012446015192925463,0.00015490329418253146
000111111000,0.03036368858498839,0.0009219535844861542
100111111000,0.011102005372101886,0.0001232545232821791
010111111000,0.013083883753206654,0.00017118801406742506
110111111000,0.012914722160015461,0.0001667900484703944
001111111000,0.031399360575315165,0.000985919844538656
101111111000,0.014873830270789966,0.00022123082692426793
011111111000,0.03488055532053642,0.0012166531394690015
111111111000,0.04230404150761925,0.0017896319278783727
000000000100,0.10172898839733686,0.0103487870803455
100000000100,0.02882943703872087,0.0008311364399695708
010000000100,0.02847095143132434,0.0008105950754048294
110000000100,0.01710301018312335,0.00029251295732402103
001000000100,0.028366206176707667,0.0008046416528594882
101000000100,0.008853476654023262,7.838404886333493e-5
011000000100,0.016653264865609765,0.00027733123068415257
111000000100,0.012914722160021869,0.00016679004847055994
000100000100,0.028341121757827874,0.0008032191824920245
100100000100,0.00827577565925837,6.848846276237329e-5
010100000100,0.008697270894517613,7.56425210126232e-5
110100000100,0.005774107161539987,3.334031351294736e-5
001100000100,0.016524109027521727,0.000273046179153425
101100000100,0.0057089278836837225,3.259185758110151e-5
011100000100,0.012446015192643533,0.0001549032941755136
111100000100,0.011142831773247803,0.00012416269992690076
000010000100,0.028366206177060257,0.0008046416528794915
100010000100,0.008165882554347852,6.668163789140259e-5
010010000100,0.008165882553401576,6.668163787594822e-5
110010000100,0.005140951768439456,2.642938508542077e-5
001010000100,0.008663812761149033,7.506165156024883e-5
101010000100,0.0028456996627998373,8.098006570859108e-6
011010000100,0.0056010062317622365,3.137127080823941e-5
111010000100,0.004747622624198359,2.2539920581800106e-5
000110000100,0.016524109027168665,0.0002730461791417569
100110000100,0.005062530631367014,2.56292163935293e-5
010110000100,0.005585988542598826,3.120326799804535e-5
110110000100,0.004170381287639935,1.7392080084297326e-5
001110000100,0.012341269938379472,0.00015230694369194883
101110000100,0.004669663917538667,2.1805761102762566e-5
011110000100,0.010693086455434783,0.0001143420979434028
111110000100,0.010611949132758234,0.00011261346439624825
000001000100,0.02847095143135758,0.0008105950754067222
100001000100,0.008165882554396268,6.668163789219331e-5
010001000100,0.00808809515934666,6.541728330664686e-5
110001000100,0.005018012426090946,2.5180448708403142e-5
001001000100,0.008165882554502667,6.668163789393099e-5
101001000100,0.0026279342798913754,6.906038579428203e-6
011001000100,0.005018012426224983,2.518044870974834e-5
111001000100,0.0041194619254952625,1.6969966555605135e-5
000101000100,0.008697270893809894,7.564252100031276e-5
100101000100,0.002619185266274707,6.860131459070509e-6
010101000100,0.0028032262735596344,7.858077540775033e-6
110101000100,0.0020087409111243975,4.035040048024874e-6
001101000100,0.005585988541813533,3.120326798927208e-5
101101000100,0.002064672621103144,4.262873032332927e-6
011101000100,0.004591876522537593,2.1085329998231942e-5
111101000100,0.004477044381516578,2.004392639406916e-5
000011000100,0.01665326486551291,0.00027733123068092664
100011000100,0.00495460897868096,2.454815013162599e-5
010011000100,0.005018012426569174,2.5180448713202648e-5
110011000100,0.003431867825994759,1.1777716775097993e-5
001011000100,0.005601006231122616,3.137127080107437e-5
101011000100,0.0019879488369925155,3.951940578499894e-6
011011000100,0.004060028524677829,1.648383162119763e-5
111011000100,0.003843857364812288,1.4775239441021665e-5
000111000100,0.012446015192936264,0.0001549032941828003
100111000100,0.004042855642805325,1.6344681748562857e-5
010111000100,0.004591876522191564,2.10853299950541e-5
110111000100,0.003830647129020822,1.4673857427075466e-5
001111000100,0.010693086455637575,0.00011434209794773976
101111000100,0.004413640934106627,1.9480226295221622e-5
011111000100,0.010253463525395322,0.00010513351426661227
111111000100,0.011102005372107737,0.00012325452328230903
000000100100,0.028829437038719916,0.0008311364399695158
100000100100,0.008275775659028319,6.84884627585656e-5
010000100100,0.008165882554551652,6.668163789473101e-5
110000100100,0.005062530631439093,2.56292163942591e-5
001000100100,0.008165882554519313,6.668163789420287e-5
101000100100,0.002619185265888004,6.860131457044815e-6
011000100100,0.004954608978708296,2.4548150131896863e-5
111000100100,0.004042855642807594,1.6344681748581204e-5
000100100100,0.008275775659250544,6.848846276224377e-5
100100100100,0.002476862261786952,6.1348466638643765e-6
010100100100,0.00261918526551044,6.860131455066995e-6
110100100100,0.001844538011614755,3.402320476291714e-6
001100100100,0.005062530631164906,2.562921639148294e-5
101100100100,0.001844538011947034,3.4023204775175173e-6
011100100100,0.004042855643000625,1.6344681750141995e-5
111100100100,0.003887847397172378,1.5115357383700035e-5
000010100100,0.008853476653778891,7.838404885900788e-5
100010100100,0.002619185266072084,6.860131458009095e-6
010010100100,0.002627934280089232,6.9060385804681104e-6
110010100100,0.0017675968408385734,3.124398591742505e-6
001010100100,0.0028456996632321165,8.098006573319382e-6
101010100100,0.0009938389507542038,9.877158600362164e-7
011010100100,0.0019879488361283005,3.9519405750638635e-6
111010100100,0.0018491358170121851,3.419303269757322e-6
000110100100,0.005708927883858994,3.259185758310273e-5
100110100100,0.0018445380117445632,3.4023204767705867e-6
010110100100,0.0020646726213938184,4.262873033533221e-6
110110100100,0.0017068378894843765,2.9132955809794803e-6
001110100100,0.004669663917450729,2.180576110194129e-5
101110100100,0.0019246032719614815,3.70409775444484e-6
011110100100,0.00441364093421501,1.9480226296178346e-5
111110100100,0.004798541986695038,2.302600519807516e-5
000001100100,0.017103010183462258,0.0002925129573356137
100001100100,0.005062530631345645,2.5629216393312934e-5
010001100100,0.005018012426037948,2.518044870787125e-5
110001100100,0.0033539091190284923,1.1248706378702479e-5
001001100100,0.0051409517667099745,2.642938506763841e-5
101001100100,0.001767596840951516,3.124398592141779e-6
011001100100,0.0034318678267039947,1.1777716779965998e-5
111001100100,0.0031317526613774045,9.807874732044456e-6
000101100100,0.005774107161456443,3.3340313511982586e-5
100101100100,0.00184453801217756,3.4023204783679447e-6
010101100100,0.002008740909864951,4.035040042965071e-6
110101100100,0.001622226539429522,2.6316189452294823e-6
001101100100,0.0041703812888184205,1.739208009412679e-5
101101100100,0.0017068378889076245,2.913295579010636e-6
011101100100,0.00383064712883402,1.4673857425644318e-5
111101100100,0.004170381287823889,1.739208008583164e-5
000011100100,0.012914722159568114,0.0001667900484588397
100011100100,0.004042855642536689,1.6344681746390747e-5
010011100100,0.004119461926029768,1.6969966560008883e-5
110011100100,0.00313175266150976,9.807874732873464e-6
001011100100,0.004747622626089892,2.2539920599760674e-5
101011100100,0.0018491358180021903,3.41930327341863e-6
011011100100,0.0038438573638435104,1.477523943357398e-5
111011100100,0.0040600285247310575,1.6483831621629844e-5
000111100100,0.011142831773413846,0.00012416269993060114
100111100100,0.003887847397213891,1.5115357384022827e-5
010111100100,0.004477044381462508,2.004392639358501e-5
110111100100,0.004170381287672572,1.7392080084569542e-5
001111100100,0.010611949132174158,0.00011261346438385188
101111100100,0.004798541986554949,2.3026005196730713e-5
011111100100,0.011102005372356595,0.0001232545232878347
111111100100,0.013069180864830943,0.00017080348847766326
000000010100,0.030634086444436538,0.0009384472522852103
100000010100,0.008853476654056287,7.838404886391972e-5
010000010100,0.00869727089370605,7.564252099850644e-5
110000010100,0.005460265796499504,2.981450256842236e-5
001000010100,0.00866381276112238,7.506165155978702e-5
101000010100,0.0028033102532205945,7.858548375811713e-6
011000010100,0.005272147176515456,2.7795535850839904e-5
111000010100,0.004364508130476996,1.9048931220999805e-5
000100010100,0.008697270894499908,7.564252101231525e-5
100100010100,0.002619185265422615,6.860131454606934e-6
010100010100,0.0027520627728472415,7.573849505691647e-6
110100010100,0.001957908622493245,3.8334061740333944e-6
001100010100,0.005272147175774745,2.7795535843029623e-5
101100010100,0.001936899161366771,3.751578361303301e-6
011100010100,0.004208302370690046,1.7709808843155464e-5
111100010100,0.004097463942118579,1.6789210756961926e-5
000010010100,0.00885347665442146,7.838404887038582e-5
100010010100,0.0026279342800212746,6.906038580110936e-6
010010010100,0.002619185268479027,6.8601314706175546e-6
110010010100,0.0017675968405815633,3.1243985908339245e-6
001010010100,0.002803310249619846,7.858548355623682e-6
101010010100,0.0009798932300772425,9.601907423512116e-7
011010010100,0.0019368991601969746,3.7515783567717453e-6
111010010100,0.001806746408104711,3.264332583199275e-6
000110010100,0.005460265796572862,2.9814502569223467e-5
100110010100,0.0017675968411819732,3.12439859295649e-6
010110010100,0.0019579086193067716,3.833406161555748e-6
110110010100,0.0016222265394754956,2.6316189453786414e-6
001110010100,0.004364508131405342,1.9048931229103352e-5
101110010100,0.0018067464075517791,3.26433258120126e-6
011110010100,0.00409746394282471,1.6789210762748614e-5
111110010100,0.004493386199596284,2.019051953872234e-5
000001010100,0.009580127675596226,9.177884628072474e-5
100001010100,0.0028456996628108398,8.098006570921727e-6
010001010100,0.0028032262739423122,7.858077542920498e-6
110001010100,0.0018809674507278696,3.5380385506977003e-6
001001010100,0.00284569966318951,8.09800657307689e-6
101001010100,0.0009798932304975509,9.601907431749262e-7
011001010100,0.0018809674500415846,3.5380385481159405e-6
111001010100,0.0017221350577551122,2.9657491571492033e-6
000101010100,0.003105603006435871,9.64477003358352e-6
100101010100,0.0009938389496026438,9.877158577472863e-7
010101010100,0.0010698360068324834,1.1445490815152733e-6
110101010100,0.0008651983279285808,7.48568146650412e-7
001101010100,0.0021780432304355094,4.74387231364595e-6
101101010100,0.0008951295304135827,8.01256876218441e-7
011101010100,0.001982038401472681,3.928476224912379e-6
111101010100,0.00217804323084471,4.743872315428462e-6
000011010100,0.0062999006991944235,3.9688748819710385e-5
100011010100,0.0019879488369732687,3.951940578423371e-6
010011010100,0.0020087409096504164,4.035040042103182e-6
110011010100,0.0015467590841729622,2.392463664471581e-6
001011010100,0.0022850246165555393,5.221337498264791e-6
101011010100,0.0009009060341858367,8.116316824324521e-7
011011010100,0.001849135818073714,3.4193032736831443e-6
111011010100,0.001987948836905959,3.951940578155753e-6
000111010100,0.005220037221290555,2.7248788591658822e-5
100111010100,0.0018491358168726867,3.4193032692414187e-6
010111010100,0.0021086442804888455,4.446380701638321e-6
110111010100,0.0020087409110519988,4.035040047734014e-6
001111010100,0.004937098844813684,2.4374945003460617e-5
101111010100,0.002285024617090002,5.221337500707311e-6
011111010100,0.005220037221136281,2.7248788590048185e-5
111111010100,0.006299900698856932,3.9688748815458056e-5
000000110100,0.019084888564179194,0.00036423297150713774
100000110100,0.005708927883927601,3.259185758388608e-5
010000110100,0.005585988541714314,3.120326798816361e-5
110000110100,0.0037868071354900243,1.4339908281398162e-5
001000110100,0.005601006231142579,3.1371270801298e-5
101000110100,0.0019368991609184545,3.751578359566613e-6
011000110100,0.003676914030971049,1.3519696791151769e-5
111000110100,0.003385887411906014,1.1464233566103604e-5
000100110100,0.005774107161572282,3.3340313513320315e-5
100100110100,0.0018445380115948407,3.4023204762182492e-6
010100110100,0.0019579086224102028,3.833406173708217e-6
110100110100,0.001571063039714297,2.4682390747563267e-6
001100110100,0.0038665779251998065,1.495042485164244e-5
101100110100,0.0015802320111645552,2.4971332091091744e-6
011100110100,0.0034510666896258933,1.190986129624542e-5
111100110100,0.003786807135489867,1.4339908281396971e-5
000010110100,0.006548562786305532,4.288367456618567e-5
100010110100,0.002064672621379562,4.262873033474351e-6
010010110100,0.002064672620522133,4.262873029933731e-6
110010110100,0.0015802320111645944,2.4971332091092984e-6
001010110100,0.0022850246164076615,5.221337497588981e-6
101010110100,0.0008951295289668391,8.012568736283952e-7
011010110100,0.0018067464084718942,3.264332584526089e-6
111010110100,0.0019368991609183955,3.751578359566385e-6
000110110100,0.00479854198673182,2.3026005198428164e-5
100110110100,0.001706837889316565,2.9132955804066264e-6
010110110100,0.0019246032722747466,3.704097755650662e-6
110110110100,0.001844538011594706,3.4023204762177524e-6
001110110100,0.004413640934217172,1.9480226296197435e-5
101110110100,0.002064672621379422,4.262873033473773e-6
011110110100,0.004669663917341758,2.1805761100923573e-5
111110110100,0.005708927883927112,3.2591857583880496e-5
000001110100,0.01487383027034628,0.0002212308269110693
100001110100,0.0046696639173418675,2.1805761100924593e-5
010001110100,0.004591876522646627,2.1085329999233284e-5
110001110100,0.0034510666896259124,1.1909861296245553e-5
001001110100,0.004747622626176262,2.2539920600580782e-5
101001110100,0.0018067464084718455,3.264332584525913e-6
011001110100,0.003529487825774486,1.2457284312290309e-5
111001110100,0.003676914030970747,1.3519696791149548e-5
000101110100,0.005523840584508639,3.051281480306474e-5
100101110100,0.001924603272274774,3.704097755650767e-6
010101110100,0.002108644281237443,4.446380704795372e-6
110101110100,0.001957908622410131,3.8334061737079364e-6
001101110100,0.004477044380600864,2.0043926385869773e-5
101101110100,0.002064672620522029,4.262873029933302e-6
011101110100,0.004591876522646498,2.10853299992321e-5
111101110100,0.005585988541713827,3.120326798815816e-5
000011110100,0.01308388375387914,0.00017118801408502252
100011110100,0.004413640934217077,1.948022629619659e-5
010011110100,0.004477044380600832,2.0043926385869485e-5
110011110100,0.003866577925199621,1.4950424851641005e-5
001011110100,0.005251468380124952,2.757792014745219e-5
101011110100,0.0022850246164075726,5.2213374975885755e-6
011011110100,0.004747622626176094,2.2539920600579183e-5
111011110100,0.005601006231142111,3.1371270801292755e-5
000111110100,0.012571057243071232,0.00015803148020857366
100111110100,0.004798541986731608,2.3026005198426124e-5
010111110100,0.005523840584508395,3.0512814803062046e-5
110111110100,0.0057741071615717,3.33403135133136e-5
001111110100,0.013083883753878768,0.00017118801408501274
101111110100,0.006548562786305071,4.288367456617964e-5
011111110100,0.014873830270345485,0.00022123082691104568
111111110100,0.019084888564177258,0.00036423297150706385
000000001100,0.05828488347132325,0.00339712764126573
100000001100,0.01710301018312289,0.00029251295732400526
010000001100,0.016653264865629135,0.0002773312306847977
110000001100,0.010751587146618485,0.0001155966261713318
001000001100,0.016524109027521924,0.0002730461791534315
101000001100,0.005460265796595103,2.981450256946635e-5
011000001100,0.01017813492527452,0.00010359443055709297
111000001100,0.0087112080745752,7.588514611854417e-5
000100001100,0.016524109027522042,0.0002730461791534354
100100001100,0.005062530631180883,2.5629216391644706e-5
010100001100,0.0052721471757520375,2.779553584279019e-5
110100001100,0.0038665779252179287,1.4950424851782582e-5
001100001100,0.010048305251816455,0.00010096843843368215
101100001100,0.003786807135662258,1.4339908282702594e-5
011100001100,0.008132306918886048,6.613441582296188e-5
111100001100,0.00818413405476514,6.698005022636648e-5
000010001100,0.016653264865629187,0.00027733123068479946
100010001100,0.005018012426202802,2.518044870952573e-5
010010001100,0.0049546089796825435,2.4548150141550894e-5
110010001100,0.0034318678256741036,1.17777167728971e-5
001010001100,0.005272147175751945,2.779553584278921e-5
101010001100,0.0018809674505906233,3.5380385501813884e-6
011010001100,0.0036769140303959122,1.3519696786922312e-5
111010001100,0.0035294878269643637,1.2457284320689626e-5
000110001100,0.010178134925274649,0.00010359443055709559
100110001100,0.003353909119020442,1.1248706378648477e-5
010110001100,0.003676914030395936,1.3519696786922488e-5
110110001100,0.0031317526615501075,9.807874733126181e-6
001110001100,0.008132306918886105,6.61344158229628e-5
101110001100,0.0034510666899024377,1.1909861298154167e-5
011110001100,0.007720903193415069,5.9612346122087e-5
111110001100,0.00871120807450891,7.588514611738922e-5
000001001100,0.017103010183122977,0.00029251295732400824
100001001100,0.005140951768154833,2.64293850824943e-5
010001001100,0.005018012426202816,2.518044870952587e-5
110001001100,0.003431867826044418,1.1777716775438839e-5
001001001100,0.005062530631180898,2.5629216391644866e-5
101001001100,0.0017675968410063591,3.12439859233566e-6
011001001100,0.00335390911902048,1.1248706378648735e-5
111001001100,0.00313175266136429,9.807874731962312e-6
000101001100,0.005460265796595166,2.9814502569467043e-5
100101001100,0.001767596841006384,3.1243985923357483e-6
010101001100,0.0018809674505907263,3.538038550181776e-6
110101001100,0.0015467590840702104,2.392463664153716e-6
001101001100,0.0037868071356623456,1.4339908282703258e-5
101101001100,0.001580232011105887,2.497133208923756e-6
011101001100,0.003451066689902499,1.1909861298154589e-5
111101001100,0.003866577924984792,1.49504248499797e-5
000011001100,0.010751587146618625,0.00011559662617133482
100011001100,0.0034318678260444337,1.1777716775438947e-5
010011001100,0.00343186782567415,1.1777716772897418e-5
110011001100,0.002687691837259391,7.22368741207076e-6
001011001100,0.0038665779252178463,1.4950424851781945e-5
101011001100,0.0015467590840701538,2.392463664153541e-6
011011001100,0.003131752661550219,9.807874733126879e-6
111011001100,0.003431867826008882,1.1777716775194929e-5
000111001100,0.008711208074575448,7.588514611854849e-5
100111001100,0.0031317526613643407,9.80787473196263e-6
010111001100,0.0035294878269644635,1.2457284320690331e-5
110111001100,0.0034318678260088714,1.1777716775194856e-5
001111001100,0.00818413405476544,6.698005022637139e-5
101111001100,0.0038665779249848287,1.4950424849979984e-5
011111001100,0.008711208074509248,7.588514611739512e-5
111111001100,0.010751587146628515,0.00011559662617154747
000000101100,0.019084888564154676,0.00036423297150620185
100000101100,0.005774107161853412,3.334031351656687e-5
010000101100,0.005601006231172431,3.13712708016324e-5
110000101100,0.003866577924904694,1.495042484936029e-5
001000101100,0.005585988541794854,3.1203267989063394e-5
101000101100,0.001957908621580082,3.833406170457616e-6
011000101100,0.0036769140310063207,1.3519696791411151e-5
111000101100,0.0034510666899115867,1.1909861298217315e-5
000100101100,0.00570892788368295,3.259185758109269e-5
100100101100,0.0018445380119488269,3.402320477524131e-6
010100101100,0.001936899161302414,3.7515783610539954e-6
110100101100,0.0015802320111378112,2.497133209024651e-6
001100101100,0.0037868071356832616,1.4339908282861667e-5
101100101100,0.001571063039489563,2.468239074050184e-6
011100101100,0.0033858874117496567,1.146423356504479e-5
111100101100,0.003786807135509186,1.4339908281543286e-5
000010101100,0.006299900699008928,3.968874881737317e-5
100010101100,0.002008740910950449,4.0350400473260395e-6
010010101100,0.0019879488365740863,3.951940576836262e-6
110010101100,0.0015467590844832249,2.392463665431384e-6
001010101100,0.0021780432304132308,4.743872313548902e-6
101010101100,0.0008651983282323742,7.485681471760951e-7
011010101100,0.0017221350579854078,2.9657491579424035e-6
111010101100,0.001880967450482301,3.5380385497738872e-6
000110101100,0.004493386199712632,2.0190519539767935e-5
100110101100,0.0016222265394354263,2.631618945248639e-6
010110101100,0.0018067464073973016,3.2643325806430562e-6
110110101100,0.0017675968408510372,3.124398591786567e-6
001110101100,0.004097463942469773,1.6789210759839934e-5
101110101100,0.001957908621409628,3.83340616979015e-6
011110101100,0.004364508130438944,1.904893122066765e-5
111110101100,0.0054602657967482175,2.9814502571138442e-5
000001101100,0.013069180864471296,0.0001708034884682627
100001101100,0.004170381287874726,1.7392080086255656e-5
010001101100,0.004060028525059677,1.648383162429826e-5
110001101100,0.0031317526614874857,9.807874732733949e-6
001001101100,0.004170381288803421,1.7392080094001685e-5
101001101100,0.001622226539248969,2.631618944643687e-6
011001101100,0.0031317526608886626,9.807874728983218e-6
111001101100,0.0033539091190115835,1.1248706378589058e-5
000101101100,0.004798541987257305,2.302600520347129e-5
100101101100,0.0017068378886608748,2.9132955781683126e-6
010101101100,0.0018491358175207909,3.419303271638284e-6
110101101100,0.0017675968406927862,3.124398591227119e-6
001101101100,0.0038878473962663026,1.5115357376654669e-5
101101101100,0.0018445380124501314,3.4023204793734813e-6
011101101100,0.004042855642998924,1.634468175012824e-5
111101101100,0.00506253063136757,2.5629216393534928e-5
000011101100,0.011102005372354158,0.00012325452328778056
100011101100,0.0038306471293239686,1.467385742939796e-5
010011101100,0.00384385736460078,1.4775239439395653e-5
110011101100,0.003431867825737853,1.1777716773334658e-5
001011101100,0.0044770443806585345,2.0043926386386162e-5
101011101100,0.002008740909803607,4.035040042718623e-6
011011101100,0.004119461926027958,1.696996655999397e-5
111011101100,0.005018012426489296,2.518044871240099e-5
000111101100,0.010611949132508458,0.00011261346439094703
100111101100,0.004170381287717907,1.7392080084947665e-5
010111101100,0.004747622624481825,2.2539920584491686e-5
110111101100,0.005140951768377361,2.642938508478232e-5
001111101100,0.011142831773473713,0.0001241626999319353
101111101100,0.005774107162087688,3.334031351927233e-5
011111101100,0.01291472215988304,0.00016679004846697408
111111101100,0.017103010182976733,0.0002925129573190058
000000011100,0.04230404150772471,0.0017896319278872953
100000011100,0.012914722159982728,0.00016679004846954895
010000011100,0.012446015192883384,0.00015490329418148401
110000011100,0.008711208074633164,7.588514611955405e-5
001000011100,0.012341269938388426,0.00015230694369216987
101000011100,0.004364508130494571,1.904893122115322e-5
011000011100,0.00813230691865807,6.613441581925391e-5
111000011100,0.007720903193246568,5.9612346119485054e-5
000100011100,0.012446015192650995,0.0001549032941756994
100100011100,0.00404285564300712,1.6344681750194514e-5
010100011100,0.004208302370687045,1.7709808843130202e-5
110100011100,0.0034510666896162114,1.1909861296178595e-5
001100011100,0.008132306918878137,6.613441582283321e-5
101100011100,0.0033858874117463134,1.1464233565022148e-5
011100011100,0.007232587912565607,5.231032791299012e-5
111100011100,0.008132306918698817,6.613441581991664e-5
000010011100,0.012914722159898827,0.00016679004846738182
100010011100,0.004119461925448786,1.6969966555222215e-5
010010011100,0.004042855642146074,1.6344681743232344e-5
110010011100,0.003131752661523693,9.807874732960734e-6
001010011100,0.004364508131403305,1.9048931229085574e-5
101010011100,0.0017221350578857824,2.9657491575992667e-6
011010011100,0.00338588741213167,1.1464233567631697e-5
111010011100,0.0036769140307794787,1.3519696789742994e-5
000110011100,0.008711208074629337,7.588514611948737e-5
100110011100,0.003131752661331975,9.807874731759908e-6
010110011100,0.0034510666904394864,1.1909861301860949e-5
110110011100,0.003353909119006765,1.1248706378556735e-5
001110011100,0.0077209031929956215,5.961234611560998e-5
101110011100,0.003676914030960178,1.3519696791071824e-5
011110011100,0.008132306918507115,6.613441581679868e-5
111110011100,0.010178134925359019,0.00010359443055881305
000001011100,0.014873830270777598,0.0002212308269239
100001011100,0.00474762262446985,2.2539920584377983e-5
010001011100,0.004591876522464358,2.108532999755937e-5
110001011100,0.003529487826642584,1.2457284318418189e-5
001001011100,0.004669663917453213,2.180576110196449e-5
101001011100,0.001806746407551506,3.2643325812002726e-6
011001011100,0.0034510666900474316,1.1909861299154935e-5
111001011100,0.003676914030958992,1.3519696791063105e-5
000101011100,0.005220037221524494,2.7248788594101167e-5
100101011100,0.0018491358170316594,3.419303269829343e-6
010101011100,0.001982038401201198,3.9284762238362e-6
110101011100,0.001880967450755703,3.5380385508024076e-6
001101011100,0.004097463942471988,1.678921075985808e-5
101101011100,0.0019368991608282324,3.751578359217111e-6
011101011100,0.004208302370261885,1.77098088395518e-5
111101011100,0.0052721471766286,2.7795535852032926e-5
000011011100,0.011102005372044133,0.00012325452328089677
100011011100,0.0038438573647643307,1.4775239440652984e-5
010011011100,0.0038306471293656965,1.467385742971765e-5
110011011100,0.0034318678260245876,1.1777716775302727e-5
001011011100,0.004413640934184449,1.948022629590858e-5
101011011100,0.001987948836994354,3.951940578507203e-6
011011011100,0.0040428556425152525,1.6344681746217413e-5
111011011100,0.004954608978694605,2.4548150131761192e-5
000111011100,0.01025346352532891,0.00010513351426525036
100111011100,0.0040600285250121364,1.6483831623912222e-5
010111011100,0.004591876522301268,2.1085329996061593e-5
110111011100,0.005018012426100298,2.5180448708496997e-5
001111011100,0.010693086455589963,0.00011434209794672149
101111011100,0.005601006231193219,3.137127080186526e-5
011111011100,0.012446015192988026,0.00015490329418408876
111111011100,0.016653264865562623,0.00027733123068258243
000000111100,0.03488055532059624,0.0012166531394731746
100000111100,0.011142831773142611,0.0001241626999245565
010000111100,0.010693086455660717,0.00011434209794823466
110000111100,0.008184134054845985,6.698005022768976e-5
001000111100,0.01069308645563704,0.0001143420979477283
101000111100,0.004097463942398938,1.678921075925945e-5
011000111100,0.007720903193243725,5.961234611944115e-5
111000111100,0.008132306918612883,6.613441581851895e-5
000100111100,0.011142831773242576,0.0001241626999267843
100100111100,0.0038878473971784397,1.5115357383747169e-5
010100111100,0.004097463942144023,1.678921075717044e-5
110100111100,0.003786807135492979,1.433990828142054e-5
001100111100,0.00818413405476558,6.698005022637369e-5
101100111100,0.003786807135501452,1.4339908281484713e-5
011100111100,0.008132306918697098,6.613441581988868e-5
111100111100,0.010048305252201732,0.00010096843844142492
000010111100,0.013083883753066853,0.00017118801406376677
100010111100,0.004477044381505042,2.0043926393965867e-5
010010111100,0.004413640934311971,1.9480226297034246e-5
110010111100,0.003866577924899511,1.495042484932021e-5
001010111100,0.004937098844848791,2.4374945003807267e-5
101010111100,0.0021780432310259602,4.743872316218005e-6
011010111100,0.004364508130213185,1.9048931218696997e-5
111010111100,0.005272147176661625,2.7795535852381148e-5
000110111100,0.010611949132695515,0.00011261346439491711
100110111100,0.004170381287752201,1.739208008523371e-5
010110111100,0.004669663917521846,2.1805761102605472e-5
110110111100,0.005062530631441136,2.562921639427979e-5
001110111100,0.01069308645558332,0.00011434209794657945
101110111100,0.00558598854183878,3.120326798955413e-5
011110111100,0.01234126993876211,0.00015230694370139332
111110111100,0.01652410902709321,0.0002730461791392633
000001111100,0.03139936057534282,0.000985919844540393
100001111100,0.010611949132716897,0.00011261346439537091
010001111100,0.010253463525238303,0.0001051335142633923
110001111100,0.008711208074637093,7.58851461196225e-5
001001111100,0.010611949132155515,0.0001126134643834562
101001111100,0.00449338619949745,2.0190519537834142e-5
011001111100,0.008711208074869,7.588514612366288e-5
111001111100,0.010178134925328198,0.00010359443055818565
000101111100,0.012571057243305706,0.00015803148021446882
100101111100,0.004798541986806126,2.3026005199141284e-5
010101111100,0.005220037221065688,2.7248788589311192e-5
110101111100,0.005460265796499153,2.9814502568418525e-5
001101111100,0.01114283177348675,0.00012416269993222585
101101111100,0.005708927883947126,3.259185758410902e-5
011101111100,0.012446015192834692,0.00015490329418027196
111101111100,0.016524109027147623,0.0002730461791410615
000011111100,0.030363688584842796,0.0009219535844773127
100011111100,0.011102005372043195,0.00012325452328087596
010011111100,0.011102005372370308,0.00012325452328813916
110011111100,0.010751587146610222,0.00011559662617115412
001011111100,0.01308388375387311,0.00017118801408486472
101011111100,0.006299900699203963,3.9688748819830575e-5
011011111100,0.012914722159544314,0.00016679004845822495
111011111100,0.016653264865520413,0.0002773312306811766
000111111100,0.031399360575315206,0.0009859198445386587
100111111100,0.013069180864780008,0.00017080348847633192
010111111100,0.0148738302706945,0.00022123082692142803
110111111100,0.017103010183125964,0.0002925129573241104
001111111100,0.03488055532039294,0.0012166531394589926
101111111100,0.019084888564033852,0.00036423297150159004
011111111100,0.04230404150774386,0.0017896319278889157
111111111100,0.05828488347145183,0.003397127641280719
000000000010,0.10172898839721944,0.010348787080321609
100000000010,0.03063408644479803,0.0009384472523073583
010000000010,0.028829437038686023,0.0008311364399675615
110000000010,0.01908488856403702,0.000364232971501711
001000000010,0.02847095143131783,0.0008105950754044587
101000000010,0.009580127675755331,9.177884628377323e-5
011000000010,0.017103010183103506,0.0002925129573233422
111000000010,0.014873830270790919,0.00022123082692429628
000100000010,0.0283662061770556,0.0008046416528792273
100100000010,0.008853476653779039,7.838404885901049e-5
010100000010,0.008853476654439732,7.838404887070936e-5
110100000010,0.00654856278628292,4.288367456588952e-5
001100000010,0.016653264865633562,0.0002773312306849452
101100000010,0.006299900699010468,3.9688748817392584e-5
011100000010,0.01291472215989372,0.0001667900484672499
111100000010,0.013083883753070846,0.00017118801406387126
000010000010,0.028341121758256135,0.0008032191825162994
100010000010,0.0086972708937273,7.564252099887609e-5
010010000010,0.00827577565882494,6.848846275519935e-5
110010000010,0.005774107162108653,3.3340313519514437e-5
001010000010,0.008697270893723342,7.564252099880723e-5
101010000010,0.003105603006096966,9.644770031478512e-6
011010000010,0.005774107162136325,3.3340313519834005e-5
111010000010,0.005523840584234927,3.051281480004086e-5
000110000010,0.01652410902713256,0.0002730461791405637
100110000010,0.005460265796799971,2.981450257170362e-5
010110000010,0.005708927883828589,3.2591857582755576e-5
110110000010,0.004798541986543818,2.302600519662389e-5
001110000010,0.012446015192878334,0.0001549032941813583
101110000010,0.005220037221516947,2.724878859402237e-5
011110000010,0.011142831773123961,0.00012416269992414087
111110000010,0.012571057243480939,0.00015803148021887456
000001000010,0.028366206177169364,0.0008046416528856813
100001000010,0.008663812759931305,7.506165153914851e-5
010001000010,0.008165882554425699,6.668163789267398e-5
110001000010,0.0056010062311935395,3.137127080186885e-5
001001000010,0.00816588255455582,6.668163789479908e-5
101001000010,0.002845699662696683,8.098006570272015e-6
011001000010,0.005140951768084573,2.6429385081771897e-5
111001000010,0.004747622624514497,2.253992058480192e-5
000101000010,0.008663812759948462,7.506165153944579e-5
100101000010,0.0028033102532165712,7.858548375789156e-6
010101000010,0.0028456996627817563,8.098006570756201e-6
110101000010,0.002285024617098201,5.221337500744782e-6
001101000010,0.005601006231168606,3.1371270801589555e-5
101101000010,0.002285024616875338,5.221337499726285e-6
011101000010,0.004747622624501496,2.2539920584678467e-5
111101000010,0.0052514683827641455,2.7577920175171472e-5
000011000010,0.01652410902714622,0.0002730461791410152
100011000010,0.005272147176629002,2.7795535852037158e-5
010011000010,0.005062530631383124,2.562921639369241e-5
110011000010,0.0038665779249766777,1.4950424849916951e-5
001011000010,0.00558598854171477,3.1203267988168704e-5
101011000010,0.0021780432308594663,4.743872315492743e-6
011011000010,0.004170381287812669,1.739208008573805e-5
111011000010,0.004477044381519366,2.004392639409412e-5
000111000010,0.012341269938709218,0.00015230694370008783
100111000010,0.004364508130461486,1.9048931220864415e-5
010111000010,0.004669663917490514,2.1805761102312853e-5
110111000010,0.004413640934113675,1.948022629528384e-5
001111000010,0.010693086455660427,0.00011434209794822846
101111000010,0.00493709884464241,2.437494500176942e-5
011111000010,0.010611949132686717,0.00011261346439473037
111111000010,0.013083883753137678,0.0001711880140656201
000000100010,0.028470951431386754,0.0008105950754083834
100000100010,0.008697270893765624,7.564252099954271e-5
010000100010,0.008165882554428313,6.668163789271667e-5
110000100010,0.005585988541838576,3.1203267989551854e-5
001000100010,0.008088095159366985,6.541728330697564e-5
101000100010,0.002803226273673543,7.858077541413655e-6
011000100010,0.005018012426121404,2.5180448708708823e-5
111000100010,0.004591876522556902,2.108532999840927e-5
000100100010,0.008165882554362172,6.668163789163647e-5
100100100010,0.002619185266062954,6.860131457961267e-6
010100100010,0.0026279342800021705,6.906038580010527e-6
110100100010,0.0020646726213771854,4.262873033464538e-6
001100100010,0.005018012426186969,2.5180448709366832e-5
101100100010,0.002008740910960138,4.035040047364964e-6
011100100010,0.004119461925455719,1.6969966555279335e-5
111100100010,0.004477044381504182,2.0043926393958162e-5
000010100010,0.008697270893736089,7.564252099902894e-5
100010100010,0.0027520627739927414,7.573849511996622e-6
010010100010,0.0026191852658769732,6.860131456987032e-6
110010100010,0.001957908621412707,3.833406169802206e-6
001010100010,0.002803226273893306,7.858077542645746e-6
101010100010,0.0010698360059787435,1.1445490796885502e-6
011010100010,0.002008740911066199,4.035040047791062e-6
111010100010,0.002108644279570456,4.446380697765207e-6
000110100010,0.00558598854187141,3.1203267989918674e-5
100110100010,0.0019579086213404114,3.8334061695191095e-6
010110100010,0.0020646726214788645,4.262873033884406e-6
110110100010,0.0019246032719598182,3.7040977544384373e-6
001110100010,0.004591876522477438,2.108532999767949e-5
101110100010,0.0021086442796420454,4.446380698067121e-6
011110100010,0.00447704438147935,2.004392639373582e-5
111110100010,0.00552384058436264,3.0512814801451792e-5
000001100010,0.016653264865576202,0.0002773312306830347
100001100010,0.0052721471766138525,2.779553585187742e-5
010001100010,0.004954608978688542,2.4548150131701117e-5
110001100010,0.0036769140309558484,1.3519696791039986e-5
001001100010,0.005018012426057397,2.5180448708066447e-5
101001100010,0.0018809674506537599,3.538038550418904e-6
011001100010,0.003431867826099015,1.1777716775813578e-5
111001100010,0.003529487826657516,1.2457284318523595e-5
000101100010,0.005601006231224338,3.137127080221386e-5
100101100010,0.0019368991610664642,3.7515783601399727e-6
010101100010,0.0019879488366413467,3.951940577103683e-6
110101100010,0.0018067464075777417,3.264332581295075e-6
001101100010,0.004060028525049714,1.6483831624217354e-5
101101100010,0.0018491358168040576,3.4193032689876095e-6
011101100010,0.0038438573648077565,1.4775239440986828e-5
111101100010,0.00474762262449903,2.253992058465505e-5
000011100010,0.012446015192847019,0.0001549032941805788
100011100010,0.004208302370263605,1.7709808839566277e-5
010011100010,0.004042855642980422,1.634468174997864e-5
110011100010,0.003451066689901457,1.1909861298147399e-5
001011100010,0.0045918765226070375,2.10853299988697e-5
101011100010,0.0019820384014688493,3.92847622489719e-6
011011100010,0.0038306471288631,1.467385742586711e-5
111011100010,0.004591876522539413,2.1085329998248653e-5
000111100010,0.010693086455648232,0.00011434209794796766
100111100010,0.004097463942407552,1.6789210759330037e-5
010111100010,0.004413640934029985,1.948022629454508e-5
110111100010,0.004669663917534486,2.180576110272352e-5
001111100010,0.010253463525249577,0.0001051335142636235
101111100010,0.005220037221520743,2.7248788594062003e-5
011111100010,0.011102005372158451,0.0001232545232834351
111111100010,0.014873830270744745,0.00022123082692292274
000000010010,0.02882943703910056,0.0008311364399914633
100000010010,0.00885347665389744,7.838404886110703e-5
010000010010,0.008275775658845791,6.848846275554448e-5
110000010010,0.005708927883943658,3.259185758406941e-5
001000010010,0.008165882553436712,6.668163787652208e-5
101000010010,0.002845699662641874,8.098006569960075e-6
011000010010,0.005062530631435144,2.5629216394219114e-5
111000010010,0.004669663917589738,2.1805761103239534e-5
000100010010,0.008165882553436775,6.66816378765231e-5
100100010010,0.00262793428014871,6.906038580780719e-6
010100010010,0.0026191852684466247,6.8601314704478185e-6
110100010010,0.002064672620436826,4.262873029581469e-6
001100010010,0.00495460897964891,2.4548150141217614e-5
101100010010,0.0019879488365345628,3.9519405766791206e-6
011100010010,0.004042855642149757,1.634468174326212e-5
111100010010,0.00441364093433409,1.94802262972295e-5
000010010010,0.008275775658845807,6.848846275554474e-5
100010010010,0.0026191852658491075,6.860131456841061e-6
010010010010,0.0024768622590465032,6.134846650288947e-6
110010010010,0.0018445380125903196,3.4023204798906465e-6
001010010010,0.0026191852684465766,6.860131470447567e-6
101010010010,0.0009938389505190638,9.877158595688338e-7
011010010010,0.001844538013520354,3.4023204833216145e-6
111010010010,0.0019246032713343395,3.704097752030841e-6
000110010010,0.005062530631435205,2.5629216394219737e-5
100110010010,0.0017675968412147307,3.124398593072294e-6
010110010010,0.0018445380135203669,3.4023204833216615e-6
110110010010,0.0017068378888411612,2.913295578783752e-6
001110010010,0.004042855642149784,1.634468174326234e-5
101110010010,0.001849135816822535,3.419303269055944e-6
011110010010,0.0038878473966298395,1.5115357379481421e-5
111110010010,0.004798541986949923,2.302600520052131e-5
000001010010,0.00885347665389745,7.83840488611072e-5
100001010010,0.0028033102530002655,7.858548374576412e-6
010001010010,0.002619185265849109,6.860131456841068e-6
110001010010,0.0019368991608494739,3.7515783592993962e-6
001001010010,0.0026279342801487113,6.906038580780727e-6
101001010010,0.0009798932315882797,9.601907453125218e-7
011001010010,0.0017675968412147378,3.124398593072319e-6
111001010010,0.0018067464074218687,3.2643325807318295e-6
000101010010,0.0028456996626419033,8.098006569960243e-6
100101010010,0.0009798932315882836,9.601907453125295e-7
010101010010,0.00099383895051911,9.877158595689257e-7
110101010010,0.0008951295304093163,8.012568762108031e-7
001101010010,0.00198794883653459,3.951940576679229e-6
101101010010,0.0009009060344163606,8.116316828478129e-7
011101010010,0.0018491358168225666,3.4193032690560612e-6
111101010010,0.002285024616884891,5.221337499769944e-6
000011010010,0.005708927883943693,3.259185758406982e-5
100011010010,0.0019368991608494789,3.7515783592994153e-6
010011010010,0.001844538012590331,3.402320479890689e-6
110011010010,0.001580232011010601,2.497133208622608e-6
001011010010,0.0020646726204368256,4.2628730295814676e-6
101011010010,0.000895129530409285,8.01256876210747e-7
011011010010,0.0017068378888412097,2.9132955787839175e-6
111011010010,0.002064672621176248,4.2628730326347986e-6
000111010010,0.004669663917589859,2.180576110324067e-5
100111010010,0.0018067464074218947,3.2643325807319235e-6
010111010010,0.0019246032713343911,3.7040977520310397e-6
110111010010,0.002064672621176246,4.262873032634789e-6
001111010010,0.004413640934334221,1.9480226297230656e-5
101111010010,0.00228502461688491,5.22133749977003e-6
011111010010,0.0047985419869500745,2.3026005200522768e-5
111111010010,0.006548562786133535,4.288367456393301e-5
000000110010,0.017103010182978256,0.0002925129573190579
100000110010,0.005460265796748624,2.9814502571142884e-5
010000110010,0.005062530631367981,2.5629216393539092e-5
110000110010,0.0037868071355093517,1.4339908281544541e-5
001000110010,0.005018012426489807,2.518044871240612e-5
101000110010,0.0018809674504824078,3.5380385497742887e-6
011000110010,0.0033539091190117627,1.1248706378590259e-5
111000110010,0.0034510666899115736,1.1909861298217225e-5
000100110010,0.0051409517683778634,2.6429385084787483e-5
100100110010,0.0017675968408511545,3.1243985917869815e-6
010100110010,0.0017675968406927792,3.1243985912270944e-6
110100110010,0.0015802320111377567,2.497133209024479e-6
001100110010,0.0034318678257379397,1.1777716773335253e-5
101100110010,0.0015467590844832112,2.3924636654313416e-6
011100110010,0.003131752661487544,9.807874732734313e-6
111100110010,0.003866577924904517,1.4950424849358922e-5
000010110010,0.005774107162088111,3.334031351927722e-5
100010110010,0.00195790862140973,3.833406169790549e-6
010010110010,0.0018445380124502923,3.402320479374075e-6
110010110010,0.0015710630394895938,2.4682390740502807e-6
001010110010,0.002008740909803474,4.035040042718089e-6
101010110010,0.0008651983282323143,7.485681471759915e-7
011010110010,0.001622226539248886,2.6316189446434177e-6
111010110010,0.0019579086215799433,3.833406170457073e-6
000110110010,0.00417038128771807,1.7392080084949027e-5
100110110010,0.0016222265394354057,2.631618945248572e-6
010110110010,0.0017068378886607592,2.9132955781679183e-6
110110110010,0.0018445380119486827,3.402320477523599e-6
001110110010,0.0038306471293240714,1.4673857429398747e-5
101110110010,0.0020087409109503635,4.035040047325696e-6
011110110010,0.004170381287874658,1.739208008625509e-5
111110110010,0.005774107161852957,3.334031351656161e-5
000001110010,0.012914722159883549,0.0001667900484669872
100001110010,0.004364508130439008,1.9048931220668208e-5
010001110010,0.004042855642999027,1.6344681750129076e-5
110001110010,0.0033858874117495804,1.1464233565044271e-5
001001110010,0.004119461926028177,1.6969966559995778e-5
101001110010,0.0017221350579853904,2.965749157942344e-6
011001110010,0.0031317526608886166,9.80787472898293e-6
111001110010,0.0036769140310060895,1.351969679140945e-5
000101110010,0.004747622624481978,2.2539920584493143e-5
100101110010,0.0018067464073972795,3.264332580642976e-6
010101110010,0.0018491358175207605,3.4193032716381717e-6
110101110010,0.0019368991613023336,3.7515783610536836e-6
001101110010,0.0038438573646007246,1.4775239439395226e-5
101101110010,0.001987948836573974,3.951940576835816e-6
011101110010,0.004060028525059527,1.648383162429704e-5
111101110010,0.005601006231171957,3.137127080162709e-5
000011110010,0.011142831773473968,0.000124162699931941
100011110010,0.0040974639424697,1.6789210759839338e-5
010011110010,0.0038878473962663065,1.51153573766547e-5
110011110010,0.003786807135683012,1.4339908282859776e-5
001011110010,0.004477044380658201,2.0043926386383173e-5
101011110010,0.002178043230413023,4.7438723135479976e-6
011011110010,0.0041703812888032816,1.739208009400052e-5
111011110010,0.005585988541794441,3.120326798905878e-5
000111110010,0.01061194913250839,0.0001126134643909456
100111110010,0.004493386199712399,2.0190519539765838e-5
010111110010,0.004798541987257073,2.3026005203469057e-5
110111110010,0.005708927883682458,3.259185758108707e-5
001111110010,0.011102005372353941,0.00012325452328777576
101111110010,0.0062999006990084976,3.9688748817367756e-5
011111110010,0.01306918086447056,0.00017080348846824347
111111110010,0.01908488856415283,0.0003642329715061314
000000001010,0.030634086444436028,0.0009384472522851791
100000001010,0.00958012767559602,9.177884628072078e-5
010000001010,0.008853476654421235,7.838404887038184e-5
110000001010,0.0062999006991942405,3.9688748819708074e-5
001000001010,0.00869727089449972,7.564252101231198e-5
101000001010,0.0031056030064357852,9.644770033582987e-6
011000001010,0.005460265796572762,2.981450256922238e-5
111000001010,0.0052200372212903344,2.724878859165652e-5
000100001010,0.008663812761122333,7.50616515597862e-5
100100001010,0.0028456996631894536,8.09800657307657e-6
010100001010,0.002803310249619814,7.858548355623502e-6
110100001010,0.0022850246165555042,5.22133749826463e-6
001100001010,0.005272147175774627,2.779553584302838e-5
101100001010,0.002178043230435436,4.743872313645631e-6
011100001010,0.0043645081314052266,1.9048931229102346e-5
111100001010,0.0049370988448134735,2.4374945003458536e-5
000010001010,0.008697270893705865,7.564252099850322e-5
100010001010,0.002803226273942248,7.858077542920139e-6
010010001010,0.002619185268478954,6.860131470617171e-6
110010001010,0.0020087409096503513,4.035040042102921e-6
001010001010,0.0027520627728471483,7.573849505691134e-6
101010001010,0.0010698360068324131,1.144549081515123e-6
011010001010,0.001957908619306739,3.833406161555621e-6
111010001010,0.0021086442804887622,4.44638070163797e-6
000110001010,0.005272147176515488,2.7795535850840232e-5
100110001010,0.0018809674500415326,3.538038548115745e-6
010110001010,0.001936899160196977,3.7515783567717546e-6
110110001010,0.0018491358180736342,3.419303273682849e-6
001110001010,0.004208302370689983,1.770980884315493e-5
101110001010,0.0019820384014726236,3.928476224912152e-6
011110001010,0.004097463942824658,1.6789210762748188e-5
111110001010,0.005220037221136029,2.724878859004556e-5
000001001010,0.008853476654056149,7.838404886391727e-5
100001001010,0.0028456996628107695,8.098006570921327e-6
010001001010,0.0026279342800212303,6.906038580110703e-6
110001001010,0.001987948836973252,3.951940578423304e-6
001001001010,0.002619185265422562,6.8601314546066574e-6
101001001010,0.0009938389496026094,9.877158577472176e-7
011001001010,0.001767596841181949,3.124398592956404e-6
111001001010,0.0018491358168725637,3.419303269240964e-6
000101001010,0.0028033102532205845,7.858548375811657e-6
100101001010,0.0009798932304975342,9.601907431748934e-7
010101001010,0.0009798932300772605,9.601907423512468e-7
110101001010,0.0009009060341858724,8.116316824325163e-7
001101001010,0.0019368991613667756,3.7515783613033187e-6
101101001010,0.000895129530413578,8.012568762184327e-7
011101001010,0.0018067464075517943,3.2643325812013145e-6
111101001010,0.0022850246170899964,5.221337500707286e-6
000011001010,0.005460265796499434,2.981450256842159e-5
100011001010,0.0018809674507278607,3.538038550697667e-6
010011001010,0.0017675968405815475,3.1243985908338686e-6
110011001010,0.0015467590841729717,2.39246366447161e-6
001011001010,0.0019579086224932366,3.833406174033362e-6
101011001010,0.0008651983279285808,7.48568146650412e-7
011011001010,0.0016222265394755086,2.631618945378684e-6
111011001010,0.0020087409110519376,4.035040047733768e-6
000111001010,0.004364508130477053,1.9048931221000303e-5
100111001010,0.0017221350577550454,2.9657491571489734e-6
010111001010,0.001806746408104738,3.264332583199373e-6
110111001010,0.0019879488369058994,3.951940578155518e-6
001111001010,0.004097463942118656,1.6789210756962553e-5
101111001010,0.002178043230844739,4.743872315428589e-6
011111001010,0.0044933861995963865,2.0190519538723262e-5
111111001010,0.00629990069885687,3.968874881545727e-5
000000101010,0.009580127675762077,9.17788462839025e-5
100000101010,0.003105603006200397,9.644770032120944e-6
010000101010,0.0028456996627821965,8.098006570758707e-6
110000101010,0.002178043231012083,4.743872316157554e-6
001000101010,0.0028032262736035992,7.85807754102152e-6
101000101010,0.001069836006075404,1.144549079895372e-6
011000101010,0.001880967450618977,3.5380385502880527e-6
111000101010,0.001982038401298529,3.9284762242220276e-6
000100101010,0.002845699662815657,8.098006570949145e-6
100100101010,0.0009938389507525883,9.877158600330055e-7
010100101010,0.0009798932300816208,9.601907423597919e-7
110100101010,0.0008951295290422257,8.012568737633567e-7
001100101010,0.0018809674505592625,3.538038550063411e-6
101100101010,0.0008651983282108508,7.48568147138851e-7
011100101010,0.001722135057896384,2.9657491576357814e-6
111100101010,0.002178043231011919,4.7438723161568395e-6
000010101010,0.0031056030061063235,9.644770031536633e-6
100010101010,0.0010698360059943587,1.1445490797219614e-6
010010101010,0.0009938389505565121,9.877158596432691e-7
110010101010,0.0008651983282107657,7.485681471387037e-7
001010101010,0.001069836006772734,1.1445490813874296e-6
101010101010,0.00046986869352655164,2.2077658915634848e-7
011010101010,0.0008651983279610141,7.485681467065344e-7
111010101010,0.00106983600607521,1.1445490798949567e-6
000110101010,0.0021780432308916918,4.74387231563312e-6
100110101010,0.0008651983282673728,7.485681472366564e-7
010110101010,0.000895129529671322,8.012568748896022e-7
110110101010,0.0009938389507525662,9.877158600329615e-7
001110101010,0.0019820384012203597,3.928476223912158e-6
101110101010,0.001069836005994417,1.1445490797220861e-6
011110101010,0.0021780432309258606,4.743872315781962e-6
111110101010,0.003105603006200205,9.64477003211975e-6
000001101010,0.006299900699172254,3.968874881943105e-5
100001101010,0.002178043230925895,4.743872315782111e-6
010001101010,0.001987948836619932,3.95194057701854e-6
110001101010,0.001722135057896171,2.965749157635048e-6
001001101010,0.0020087409098738076,4.035040043000652e-6
101001101010,0.0008651983279611387,7.4856814670675e-7
011001101010,0.0015467590848162076,2.392463666461472e-6
111001101010,0.001880967450619062,3.5380385502883725e-6
000101101010,0.0022850246167536027,5.22133749916995e-6
100101101010,0.0008951295296712815,8.012568748895295e-7
010101101010,0.0009009060343920522,8.116316828040136e-7
110101101010,0.0009798932300815564,9.601907423596657e-7
001101101010,0.001849135817521959,3.4193032716426042e-6
101101101010,0.0009938389505564202,9.877158596430864e-7
011101101010,0.001987948836619774,3.9519405770179126e-6
111101101010,0.002845699662781954,8.098006570757328e-6
000011101010,0.005220037221088532,2.724878858954969e-5
100011101010,0.001982038401220388,3.92847622391227e-6
010011101010,0.001849135817522057,3.4193032716429668e-6
110011101010,0.0018809674505591211,3.538038550062879e-6
001011101010,0.00210864428114655,4.44638070441205e-6
101011101010,0.0010698360067727308,1.1445490813874226e-6
011011101010,0.0020087409098736814,4.035040043000145e-6
111011101010,0.0028032262736032904,7.858077541019788e-6
000111101010,0.004937098844857923,2.437494500389744e-5
100111101010,0.002178043230891579,4.743872315632629e-6
010111101010,0.0022850246167536413,5.221337499170126e-6
110111101010,0.0028456996628155587,8.098006570948585e-6
001111101010,0.0052200372210885315,2.7248788589549683e-5
101111101010,0.0031056030061060317,9.64477003153482e-6
011111101010,0.0062999006991719675,3.968874881942744e-5
111111101010,0.009580127675761255,9.177884628388675e-5
000000011010,0.019084888563905947,0.000364232971496708
100000011010,0.00629990069901644,3.968874881746783e-5
010000011010,0.005708927883827978,3.2591857582748596e-5
110000011010,0.004493386199511569,2.0190519537961024e-5
001000011010,0.005585988542596236,3.120326799801642e-5
101000011010,0.0021780432308196574,4.7438723153193315e-6
011000011010,0.0037868071354807283,1.4339908281327758e-5
111000011010,0.004097463942447512,1.678921075965751e-5
000100011010,0.005601006231776308,3.137127080839703e-5
100100011010,0.001987948836098197,3.951940574944175e-6
010100011010,0.0019368991601182914,3.7515783564669426e-6
110100011010,0.0018067464084938736,3.2643325846055115e-6
001100011010,0.0036769140303919085,1.3519696786892869e-5
101100011010,0.0017221350580057576,2.965749158012494e-6
011100011010,0.0033858874121556115,1.1464233567793823e-5
111100011010,0.004364508130208321,1.9048931218654536e-5
000010011010,0.005774107162120509,3.3340313519651364e-5
100010011010,0.0020087409110815897,4.035040047852895e-6
010010011010,0.0018445380135940841,3.4023204835936103e-6
110010011010,0.00162222653913631,2.6316189442781703e-6
001010011010,0.0019579086192965615,3.833406161515767e-6
101010011010,0.000865198327996344,7.485681467676692e-7
011010011010,0.0015710630389065099,2.4682390722181578e-6
111010011010,0.001957908621694502,3.833406170905663e-6
000110011010,0.003866577924941331,1.4950424849643609e-5
100110011010,0.001546759084354046,2.392463665031767e-6
010110011010,0.0015802320095377907,2.497133203967844e-6
110110011010,0.0017675968410206403,3.1243985923861467e-6
001110011010,0.003451066690448118,1.1909861301920524e-5
101110011010,0.001880967450636104,3.538038550352484e-6
011110011010,0.003786807135860973,1.4339908284207587e-5
111110011010,0.005460265796652541,2.9814502570093607e-5
000001011010,0.006548562786059527,4.288367456296372e-5
100001011010,0.0022850246170836486,5.2213375006782756e-6
010001011010,0.002064672621507726,4.262873034003585e-6
110001011010,0.0018067464075487525,3.264332581190323e-6
001001011010,0.002064672621341964,4.262873033319097e-6
101001011010,0.0008951295290481866,8.012568737740283e-7
011001011010,0.0015802320107495106,2.4971332077974413e-6
111001011010,0.0019368991610883614,3.751578360224798e-6
000101011010,0.002285024616936128,5.2213375000041e-6
100101011010,0.0009009060350201172,8.116316839356686e-7
010101011010,0.0008951295296818673,8.01256874908481e-7
110101011010,0.0009798932304513946,9.601907430844699e-7
001101011010,0.0018067464074245163,3.2643325807413968e-6
101101011010,0.0009798932316216894,9.601907453779977e-7
011101011010,0.0019368991610621972,3.7515783601234433e-6
111101011010,0.0028033102532154753,7.858548375783012e-6
000011011010,0.004798541986798261,2.3026005199065804e-5
100011011010,0.0018491358170233205,3.419303269798504e-6
010011011010,0.0017068378885551317,2.91329557780734e-6
110011011010,0.00176759684105791,3.124398592517902e-6
001011011010,0.0019246032723844325,3.7040977560728657e-6
101011011010,0.0009938389495947684,9.877158577316324e-7
011011011010,0.0018445380122168481,3.402320478512882e-6
111011011010,0.0026191852662322936,6.860131458848332e-6
000111011010,0.004413640934060702,1.9480226294816226e-5
100111011010,0.0019879488367000007,3.951940577336885e-6
010111011010,0.0020646726218586076,4.262873035452496e-6
110111011010,0.002627934279862024,6.9060385792739354e-6
001111011010,0.004669663917495161,2.1805761102356248e-5
101111011010,0.0028456996626900193,8.09800657023409e-6
011111011010,0.0057089278836957484,3.259185758123882e-5
111111011010,0.00885347665390954,7.838404886132127e-5
000000111010,0.014873830270840792,0.00022123082692577988
100000111010,0.005220037221499277,2.7248788593837892e-5
010000111010,0.004669663917499489,2.180576110239667e-5
110000111010,0.004097463942393039,1.67892107592111e-5
001000111010,0.004591876522239091,2.1085329995490574e-5
101000111010,0.001982038401476218,3.9284762249264e-6
011000111010,0.0034510666899506743,1.1909861298487103e-5
111000111010,0.004208302370295168,1.7709808839831934e-5
000100111010,0.004747622624237488,2.253992058217165e-5
100100111010,0.0018491358170012115,3.4193032697167384e-6
010100111010,0.0018067464080328266,3.2643325829395214e-6
110100111010,0.0019368991609279753,3.751578359603495e-6
001100111010,0.00352948782692661,1.2457284320423124e-5
101100111010,0.0018809674504871937,3.538038549792293e-6
011100111010,0.0036769140308002125,1.3519696789895467e-5
111100111010,0.005272147176659328,2.779553585235693e-5
000010111010,0.005523840584249514,3.0512814800202005e-5
100010111010,0.0021086442795677438,4.446380697753769e-6
010010111010,0.0019246032714266646,3.704097752386219e-6
110010111010,0.001957908621595651,3.833406170518582e-6
001010111010,0.002108644280386267,4.446380701205718e-6
101010111010,0.00106983600605194,1.1445490798451666e-6
011010111010,0.0019579086216214374,3.833406170619556e-6
111010111010,0.0027520627737785595,7.573849510817738e-6
000110111010,0.0044770443815533275,2.0043926394398216e-5
100110111010,0.0020087409109905176,4.035040047487014e-6
010110111010,0.0020646726217782275,4.2628730351205785e-6
110110111010,0.0026191852658767477,6.860131456985851e-6
001110111010,0.004591876522327405,2.108532999630163e-5
101110111010,0.0028032262736781333,7.858077541439392e-6
011110111010,0.005585988541755107,3.1203267988619346e-5
111110111010,0.008697270893831491,7.564252100068844e-5
000001111010,0.013083883753154103,0.00017118801406604988
100001111010,0.004937098844624632,2.437494500159388e-5
010001111010,0.0044136409340189775,1.9480226294447915e-5
110001111010,0.004364508130491249,1.9048931221124224e-5
001001111010,0.004477044381459951,2.0043926393562113e-5
101001111010,0.002178043230837659,4.743872315397749e-6
011001111010,0.003866577925149445,1.4950424851252986e-5
111001111010,0.005272147176595218,2.7795535851680933e-5
000101111010,0.0052514683828739864,2.7577920176325128e-5
100101111010,0.0022850246169550488,5.2213375000905685e-6
010101111010,0.002285024616750571,5.221337499156094e-6
110101111010,0.0028033102532625544,7.858548376046966e-6
001101111010,0.004747622624481509,2.2539920584488687e-5
101101111010,0.0028456996626080124,8.098006569767357e-6
011101111010,0.005601006231222605,3.1371270802194445e-5
111101111010,0.008663812759945225,7.50616515393897e-5
000011111010,0.012571057243305692,0.00015803148021446847
100011111010,0.005220037221522173,2.7248788594076935e-5
010011111010,0.004798541987270145,2.302600520359451e-5
110011111010,0.00546026579658125,2.9814502569315072e-5
001011111010,0.0055238405844944,3.0512814802907435e-5
101011111010,0.0031056030064669803,9.644770033776747e-6
011011111010,0.005774107161453536,3.334031351194901e-5
111011111010,0.00869727089381594,7.564252100041792e-5
000111111010,0.013083883753204864,0.0001711880140673782
100111111010,0.006299900698883751,3.968874881579597e-5
010111111010,0.006548562785740043,4.2883674558779395e-5
110111111010,0.008853476654024599,7.838404886335862e-5
001111111010,0.014873830270699141,0.00022123082692156613
101111111010,0.009580127675753362,9.177884628373551e-5
011111111010,0.019084888564258315,0.0003642329715101577
111111111010,0.030634086444725563,0.0009384472523029185
000000000110,0.05828488347143838,0.0033971276412791507
100000000110,0.01908488856411069,0.0003642329715045229
010000000110,0.017103010183103964,0.0002925129573233579
110000000110,0.013069180864782256,0.00017080348847639068
001000000110,0.016653264865607083,0.0002773312306840633
101000000110,0.006299900698888017,3.968874881584972e-5
011000000110,0.010751587146606173,0.00011559662617106706
111000000110,0.0111020053721004,0.00012325452328214615
000100000110,0.016524109027167336,0.000273046179141713
100100000110,0.005708927883867111,3.2591857583195416e-5
010100000110,0.005460265796569004,2.9814502569181335e-5
110100000110,0.004798541986729452,2.302600519840544e-5
001100000110,0.010178134925276031,0.00010359443055712374
101100000110,0.004493386199705546,2.0190519539704252e-5
011100000110,0.008711208074629858,7.588514611949644e-5
111100000110,0.010611949132696478,0.00011261346439493754
000010000110,0.01652410902713112,0.0002730461791405161
100010000110,0.00558598854187385,3.1203267989945935e-5
010010000110,0.005062530631432398,2.562921639419131e-5
110010000110,0.004170381287711055,1.739208008489052e-5
001010000110,0.005272147176519194,2.779553585087931e-5
101010000110,0.002178043230898622,4.743872315663308e-6
011010000110,0.003866577924943683,1.4950424849661796e-5
111010000110,0.004477044381555555,2.0043926394418162e-5
000110000110,0.010048305252180253,0.00010096843844099325
100110000110,0.003786807135494178,1.4339908281429622e-5
010110000110,0.0037868071354868215,1.4339908281373906e-5
110110000110,0.0038878473972202565,1.5115357384072323e-5
001110000110,0.008132306918657047,6.613441581923727e-5
101110000110,0.004097463942408997,1.678921075934188e-5
011110000110,0.008184134054835436,6.69800502275171e-5
111110000110,0.011142831773127105,0.0001241626999242109
000001000110,0.01665326486556064,0.00027733123068251646
100001000110,0.005601006231223489,3.1371270802204345e-5
010001000110,0.005018012426124558,2.518044870874047e-5
110001000110,0.004060028525015777,1.6483831623941783e-5
001001000110,0.004954608978724405,2.454815013205649e-5
101001000110,0.0019879488366925874,3.951940577307411e-6
011001000110,0.003431867826015227,1.177771677523848e-5
111001000110,0.003843857364829573,1.4775239441154546e-5
000101000110,0.0052721471766014934,2.7795535851747103e-5
100101000110,0.0019368991610772698,3.7515783601818314e-6
010101000110,0.0018809674506316246,3.5380385503356323e-6
110101000110,0.001849135816855042,3.4193032691761637e-6
001101000110,0.0036769140309944517,1.3519696791323868e-5
101101000110,0.0018067464074378405,3.2643325807895434e-6
011101000110,0.0035294878266597667,1.2457284318539482e-5
111101000110,0.004747622624516003,2.2539920584816218e-5
000011000110,0.0101781349253343,0.00010359443055830988
100011000110,0.0036769140309647033,1.3519696791105104e-5
010011000110,0.0033539091189999514,1.124870637851103e-5
110011000110,0.003131752661362032,9.807874731948172e-6
001011000110,0.003676914030955818,1.3519696791039763e-5
101011000110,0.0017221350577278278,2.9657491570552284e-6
011011000110,0.0031317526613920256,9.807874732136035e-6
111011000110,0.004119461925500783,1.6969966555650617e-5
000111000110,0.00813230691861873,6.613441581861407e-5
100111000110,0.0033858874118534907,1.146423356574793e-5
010111000110,0.003451066689954715,1.1909861298514991e-5
110111000110,0.004042855642808837,1.6344681748591253e-5
001111000110,0.0077209031932487645,5.961234611951896e-5
101111000110,0.004364508130464965,1.9048931220894783e-5
011111000110,0.008711208074577455,7.588514611858346e-5
111111000110,0.01291472216002099,0.00016679004847053723
000000100110,0.01710301018307182,0.00029251295732225834
100000100110,0.005774107161921977,3.334031351735867e-5
010000100110,0.005140951768085142,2.642938508177775e-5
110000100110,0.004170381287757126,1.7392080085274785e-5
001000100110,0.005018012426196572,2.5180448709463204e-5
101000100110,0.002008740910985602,4.035040047467265e-6
011000100110,0.0034318678260248253,1.1777716775304359e-5
111000100110,0.003830647129014558,1.4673857427027475e-5
000100100110,0.005062530631359814,2.5629216393456398e-5
100100100110,0.0018445380117532702,3.4023204768027075e-6
010100100110,0.0017675968411579542,3.124398592871578e-6
110100100110,0.0017068378892992745,2.913295580347602e-6
001100100110,0.003353909119040037,1.1248706378779918e-5
101100100110,0.0016222265394318504,2.6316189452370366e-6
011100100110,0.0031317526613300535,9.807874731747872e-6
111100100110,0.004170381287757001,1.7392080085273745e-5
000010100110,0.0054602657967877735,2.9814502571570416e-5
100010100110,0.0019579086213360416,3.8334061695019986e-6
010010100110,0.0017675968412118278,3.1243985930620316e-6
110010100110,0.0016222265394318827,2.6316189452371416e-6
001010100110,0.0018809674500896367,3.538038548296709e-6
101010100110,0.0008651983282890734,7.485681472742072e-7
011010100110,0.0015467590843528066,2.392463665027933e-6
111010100110,0.0020087409109854726,4.035040047466746e-6
000110100110,0.00378680713550023,1.4339908281475457e-5
100110100110,0.0015710630397892925,2.4682390749919717e-6
010110100110,0.0015802320107597893,2.4971332078299268e-6
110110100110,0.0018445380117531418,3.402320476802234e-6
001110100110,0.0034510666900327,1.1909861299053253e-5
101110100110,0.0019579086213359705,3.83340616950172e-6
011110100110,0.0038665779249824474,1.495042484996157e-5
111110100110,0.005774107161921643,3.3340313517354814e-5
000001100110,0.010751587146449915,0.00011559662616770701
100001100110,0.0038665779249824474,1.495042484996157e-5
010001100110,0.003431867826108708,1.1777716775880107e-5
110001100110,0.0031317526613299563,9.807874731747264e-6
001001100110,0.0034318678266601153,1.1777716779664822e-5
101001100110,0.0015467590843528888,2.392463665028187e-6
011001100110,0.0026876918368408534,7.22368740982096e-6
111001100110,0.003431867826024679,1.1777716775303356e-5
000101100110,0.00386657792513968,1.4950424851177473e-5
100101100110,0.0015802320107598778,2.4971332078302063e-6
010101100110,0.0015467590847799758,2.392463666349388e-6
110101100110,0.0017675968411579944,3.12439859287172e-6
001101100110,0.0031317526609106984,9.807874729121238e-6
101101100110,0.0017675968412116823,3.124398593061517e-6
011101100110,0.0034318678261086523,1.1777716775879726e-5
111101100110,0.005140951768084805,2.642938508177429e-5
000011100110,0.00871120807483968,7.588514612315204e-5
100011100110,0.003451066690032584,1.1909861299052454e-5
010011100110,0.0031317526609107495,9.80787472912156e-6
110011100110,0.0033539091190399216,1.1248706378779144e-5
001011100110,0.0035294878258825685,1.245728431305326e-5
101011100110,0.001880967450089667,3.5380385482968235e-6
011011100110,0.003431867826659962,1.1777716779663771e-5
111011100110,0.005018012426196191,2.5180448709459382e-5
000111100110,0.008184134054685002,6.698005022505477e-5
100111100110,0.0037868071355000774,1.4339908281474302e-5
010111100110,0.003866577925139514,1.495042485117619e-5
110111100110,0.005062530631359401,2.5629216393452217e-5
001111100110,0.00871120807483962,7.588514612315101e-5
101111100110,0.005460265796787475,2.9814502571567156e-5
011111100110,0.010751587146449594,0.0001155966261677001
111111100110,0.0171030101830706,0.0002925129573222166
000000010110,0.01908488856390584,0.00036423297149670386
100000010110,0.006548562786059532,4.288367456296377e-5
010000010110,0.0057741071621204764,3.3340313519650985e-5
110000010110,0.0047985419867982776,2.302600519906596e-5
001000010110,0.005601006231776236,3.1371270808396224e-5
101000010110,0.002285024616936105,5.221337500003995e-6
011000010110,0.0038665779249413045,1.4950424849643405e-5
111000010110,0.004413640934060646,1.948022629481573e-5
000100010110,0.005585988542596268,3.1203267998016776e-5
100100010110,0.002064672621341959,4.262873033319075e-6
010100010110,0.001957908619296601,3.833406161515921e-6
110100010110,0.0019246032723844607,3.704097756072974e-6
001100010110,0.003676914030391886,1.3519696786892703e-5
101100010110,0.0018067464074245122,3.264332580741382e-6
011100010110,0.0034510666904480976,1.1909861301920384e-5
111100010110,0.004669663917495097,2.180576110235566e-5
000010010110,0.0057089278838279075,3.259185758274779e-5
100010010110,0.0020646726215077143,4.262873034003537e-6
010010010110,0.0018445380135940629,3.402320483593532e-6
110010010110,0.001706837888555112,2.9132955778072724e-6
001010010110,0.0019368991601182342,3.751578356466721e-6
101010010110,0.0008951295296818167,8.012568749083903e-7
011010010110,0.0015802320095377907,2.497133203967844e-6
111010010110,0.0020646726218585907,4.2628730354524266e-6
000110010110,0.00378680713548077,1.4339908281328073e-5
100110010110,0.0015802320107495035,2.4971332077974185e-6
010110010110,0.0015710630389065262,2.4682390722182086e-6
110110010110,0.001844538012216833,3.402320478512826e-6
001110010110,0.0033858874121556,1.1464233567793747e-5
101110010110,0.00193689916106218,3.7515783601233768e-6
011110010110,0.0037868071358609784,1.4339908284207626e-5
111110010110,0.005708927883695653,3.259185758123773e-5
000001010110,0.006299900699016364,3.9688748817466865e-5
100001010110,0.002285024617083634,5.221337500678209e-6
010001010110,0.0020087409110815797,4.035040047852855e-6
110001010110,0.0018491358170233435,3.4193032697985885e-6
001001010110,0.0019879488360981814,3.951940574944113e-6
101001010110,0.0009009060350201105,8.116316839356567e-7
011001010110,0.001546759084354047,2.3924636650317694e-6
111001010110,0.0019879488366999648,3.951940577336742e-6
000101010110,0.00217804323081967,4.7438723153193865e-6
100101010110,0.0008951295290481885,8.012568737740318e-7
010101010110,0.0008651983279963883,7.485681467677458e-7
110101010110,0.000993838949594814,9.877158577317229e-7
001101010110,0.0017221350580057578,2.9657491580124946e-6
101101010110,0.0009798932316216955,9.601907453780095e-7
011101010110,0.0018809674506361331,3.5380385503525933e-6
111101010110,0.00284569966269004,8.098006570234209e-6
000011010110,0.004493386199511508,2.019051953796048e-5
100011010110,0.0018067464075487458,3.264332581190299e-6
010011010110,0.0016222265391363179,2.6316189442781957e-6
110011010110,0.0017675968410579294,3.124398592517971e-6
001011010110,0.0018067464084938632,3.264332584605474e-6
101011010110,0.000979893230451385,9.60190743084451e-7
011011010110,0.001767596841020656,3.1243985923862026e-6
111011010110,0.0026279342798620152,6.90603857927389e-6
000111010110,0.00409746394244756,1.67892107596579e-5
100111010110,0.0019368991610883538,3.7515783602247687e-6
010111010110,0.0019579086216945287,3.8334061709057685e-6
110111010110,0.0026191852662322997,6.860131458848364e-6
001111010110,0.004364508130208393,1.9048931218655167e-5
101111010110,0.0028033102532155183,7.858548375783252e-6
011111010110,0.005460265796652671,2.981450257009502e-5
111111010110,0.008853476653909594,7.838404886132223e-5
000000110110,0.013069180864831673,0.00017080348847768235
100000110110,0.004798541986695233,2.3026005198077035e-5
010000110110,0.004170381287824077,1.7392080085833207e-5
110000110110,0.003887847397172434,1.511535738370047e-5
001000110110,0.004060028524731273,1.6483831621631593e-5
101000110110,0.0018491358170122335,3.4193032697575006e-6
011000110110,0.003131752661377416,9.807874732044528e-6
111000110110,0.004042855642807468,1.6344681748580188e-5
000100110110,0.00417038128767277,1.7392080084571192e-5
100100110110,0.0017068378894844077,2.913295580979587e-6
010100110110,0.0016222265394294966,2.6316189452294e-6
110100110110,0.001844538011614662,3.402320476291372e-6
001100110110,0.0031317526615097496,9.8078747328734e-6
101100110110,0.001767596840838521,3.1243985917423195e-6
011100110110,0.0033539091190284433,1.124870637870215e-5
111100110110,0.005062530631438748,2.5629216394255604e-5
000010110110,0.004798541986555062,2.3026005196731804e-5
100010110110,0.0019246032719614625,3.7040977544447668e-6
010010110110,0.0017068378889076436,2.9132955790107013e-6
110010110110,0.0018445380119469451,3.402320477517189e-6
001010110110,0.0018491358180020706,3.4193032734181873e-6
101010110110,0.0009938389507541143,9.877158600360385e-7
011010110110,0.001767596840951393,3.1243985921413436e-6
111010110110,0.0026191852658877753,6.860131457043618e-6
000110110110,0.0038878473972138506,1.5115357384022512e-5
100110110110,0.0018445380117444712,3.4023204767702475e-6
010110110110,0.0018445380121774391,3.402320478367499e-6
110110110110,0.0024768622617867522,6.134846663863386e-6
001110110110,0.004042855642536544,1.6344681746389567e-5
101110110110,0.0026191852660719136,6.860131458008202e-6
011110110110,0.005062530631345363,2.562921639331008e-5
111110110110,0.008275775659027575,6.848846275855328e-5
000001110110,0.011102005372356435,0.00012325452328783114
100001110110,0.004413640934214859,1.9480226296177015e-5
010001110110,0.0038306471288339456,1.467385742564375e-5
110001110110,0.00404285564300037,1.634468175013993e-5
001001110110,0.0038438573638434584,1.4775239433573581e-5
101001110110,0.001987948836128218,3.951940575063536e-6
011001110110,0.003431867826703809,1.1777716779964724e-5
111001110110,0.004954608978707913,2.4548150131893072e-5
000101110110,0.004477044381462381,2.0043926393583875e-5
100101110110,0.0020646726213937017,4.262873033532739e-6
010101110110,0.0020087409098648147,4.035040042964524e-6
110101110110,0.002619185265510221,6.860131455065848e-6
001101110110,0.004119461926029532,1.696996656000694e-5
101101110110,0.002627934280089009,6.906038580466939e-6
011101110110,0.005018012426037589,2.5180448707867655e-5
111101110110,0.008165882554550877,6.668163789471835e-5
000011110110,0.010611949132173688,0.0001126134643838419
100011110110,0.004669663917450403,2.1805761101938244e-5
010011110110,0.004170381288818199,1.7392080094124945e-5
110011110110,0.005062530631164428,2.5629216391478102e-5
001011110110,0.004747622626089469,2.2539920599756666e-5
101011110110,0.002845699663231845,8.098006573317838e-6
011011110110,0.005140951766709581,2.642938506763436e-5
111011110110,0.008165882554518519,6.668163789418988e-5
000111110110,0.011142831773413213,0.00012416269993058702
100111110110,0.005708927883858504,3.259185758309713e-5
010111110110,0.005774107161456013,3.334031351197762e-5
110111110110,0.00827577565924976,6.848846276223078e-5
001111110110,0.01291472215956728,0.00016679004845881814
101111110110,0.008853476653778072,7.838404885899338e-5
011111110110,0.017103010183460863,0.000292512957335566
111111110110,0.028829437038716967,0.0008311364399693458
000000001110,0.042304041507723524,0.0017896319278871949
100000001110,0.014873830270777237,0.00022123082692388928
010000001110,0.012914722159898534,0.00016679004846737426
110000001110,0.011102005372043925,0.00012325452328089216
001000001110,0.012446015192650645,0.00015490329417569066
101000001110,0.005220037221524394,2.7248788594100117e-5
011000001110,0.008711208074629022,7.588514611948187e-5
111000001110,0.010253463525328637,0.00010513351426524478
000100001110,0.012341269938388313,0.00015230694369216708
100100001110,0.004669663917453153,2.1805761101963923e-5
010100001110,0.0043645081314031865,1.9048931229084538e-5
110100001110,0.004413640934184446,1.948022629590855e-5
001100001110,0.008132306918877917,6.613441582282963e-5
101100001110,0.00409746394247185,1.6789210759856952e-5
011100001110,0.00772090319299555,5.961234611560888e-5
111100001110,0.010693086455589735,0.00011434209794671664
000010001110,0.012446015192883027,0.00015490329418147512
100010001110,0.004591876522464224,2.1085329997558134e-5
010010001110,0.0040428556421460045,1.634468174323178e-5
110010001110,0.0038306471293656154,1.4673857429717028e-5
001010001110,0.00420830237068673,1.7709808843127552e-5
101010001110,0.0019820384012010305,3.928476223835536e-6
011010001110,0.003451066690439366,1.1909861301860117e-5
111010001110,0.00459187652230114,2.1085329996060414e-5
000110001110,0.008132306918657918,6.613441581925143e-5
100110001110,0.0034510666900473496,1.1909861299154369e-5
010110001110,0.0033858874121315856,1.1464233567631125e-5
110110001110,0.004042855642515129,1.6344681746216417e-5
001110001110,0.007232587912565552,5.2310327912989336e-5
101110001110,0.0042083023702618105,1.7709808839551173e-5
011110001110,0.008132306918507023,6.613441581679719e-5
111110001110,0.012446015192987686,0.0001549032941840803
000001001110,0.012914722159982305,0.00016679004846953803
100001001110,0.004747622624469717,2.2539920584376723e-5
010001001110,0.004119461925448676,1.6969966555221307e-5
110001001110,0.0038438573647642336,1.4775239440652237e-5
001001001110,0.0040428556430070536,1.6344681750193975e-5
101001001110,0.0018491358170316815,3.4193032698294247e-6
011001001110,0.003131752661331925,9.807874731759593e-6
111001001110,0.004060028525012086,1.6483831623911815e-5
000101001110,0.004364508130494556,1.9048931221153084e-5
100101001110,0.0018067464075515588,3.2643325812004636e-6
010101001110,0.0017221350578858442,2.9657491575994797e-6
110101001110,0.001987948836994515,3.951940578507844e-6
001101001110,0.0033858874117462198,1.1464233565021515e-5
101101001110,0.0019368991608281387,3.7515783592167483e-6
011101001110,0.0036769140309602004,1.351969679107199e-5
111101001110,0.005601006231193149,3.137127080186448e-5
000011001110,0.00871120807463288,7.588514611954909e-5
100011001110,0.003529487826642438,1.245728431841716e-5
010011001110,0.003131752661523686,9.80787473296069e-6
110011001110,0.0034318678260245625,1.1777716775302556e-5
001011001110,0.003451066689616082,1.1909861296177704e-5
101011001110,0.001880967450755741,3.5380385508025503e-6
011011001110,0.0033539091190067363,1.1248706378556543e-5
111011001110,0.005018012426100233,2.5180448708496346e-5
000111001110,0.0077209031932465476,5.961234611948473e-5
100111001110,0.0036769140309590095,1.3519696791063232e-5
010111001110,0.003676914030779456,1.3519696789742828e-5
110111001110,0.004954608978694558,2.4548150131760728e-5
001111001110,0.008132306918698904,6.613441581991805e-5
101111001110,0.005272147176628576,2.779553585203267e-5
011111001110,0.010178134925359192,0.00010359443055881658
111111001110,0.01665326486556264,0.000277331230682583
000000101110,0.014873830270745549,0.00022123082692294662
100000101110,0.005523840584362879,3.0512814801454428e-5
010000101110,0.004747622624499228,2.253992058465694e-5
110000101110,0.004477044381504223,2.0043926393958528e-5
001000101110,0.004591876522539535,2.1085329998249777e-5
101000101110,0.002108644279570503,4.446380697765405e-6
011000101110,0.0035294878266576173,1.245728431852431e-5
111000101110,0.004591876522556803,2.1085329998408362e-5
000100101110,0.004669663917534735,2.1805761102725846e-5
100100101110,0.0019246032719599131,3.7040977544388032e-6
010100101110,0.0018067464075776963,3.2643325812949116e-6
110100101110,0.002064672621377159,4.262873033464428e-6
001100101110,0.0034510666899015088,1.1909861298147755e-5
101100101110,0.0019579086214125893,3.833406169801745e-6
011100101110,0.003676914030955773,1.3519696791039432e-5
111100101110,0.005585988541838286,3.120326798954862e-5
000010101110,0.00522003722152079,2.724878859406249e-5
100010101110,0.0021086442796420554,4.4463806980671625e-6
010010101110,0.0018491358168040645,3.4193032689876354e-6
110010101110,0.00200874091096009,4.035040047364773e-6
001010101110,0.0019820384014689173,3.92847622489746e-6
101010101110,0.0010698360059787416,1.144549079688546e-6
011010101110,0.0018809674506537004,3.5380385504186805e-6
111010101110,0.0028032262736733676,7.858077541412673e-6
000110101110,0.0040974639424075435,1.6789210759329966e-5
100110101110,0.001957908621340347,3.833406169518858e-6
010110101110,0.001936899161066374,3.7515783601396233e-6
110110101110,0.0026191852660627417,6.860131457960157e-6
001110101110,0.004208302370263499,1.7709808839565386e-5
101110101110,0.0027520627739925246,7.573849511995429e-6
011110101110,0.005272147176613611,2.7795535851874876e-5
111110101110,0.008697270893764925,7.564252099953055e-5
000001101110,0.011102005372158334,0.00012325452328343248
100001101110,0.004477044381479174,2.004392639373424e-5
010001101110,0.0038438573648076433,1.477523944098596e-5
110001101110,0.004119461925455519,1.6969966555277692e-5
001001101110,0.0038306471288629936,1.4673857425866295e-5
101001101110,0.002008740911066198,4.035040047791059e-6
011001101110,0.0034318678260988936,1.1777716775812745e-5
111001101110,0.005018012426121012,2.5180448708704886e-5
000101101110,0.004413640934029981,1.9480226294545043e-5
100101101110,0.002064672621478919,4.262873033884631e-6
010101101110,0.001987948836641258,3.951940577103329e-6
110101101110,0.0026279342800020994,6.906038580010154e-6
001101101110,0.00404285564298023,1.634468174997709e-5
101101101110,0.0026191852658766935,6.860131456985566e-6
011101101110,0.004954608978688282,2.4548150131698546e-5
111101101110,0.008165882554427621,6.668163789270537e-5
000011101110,0.010253463525249078,0.00010513351426361326
100011101110,0.004591876522477045,2.1085329997675882e-5
010011101110,0.004060028525049531,1.648383162421587e-5
110011101110,0.005018012426186661,2.5180448709363742e-5
001011101110,0.004591876522607059,2.10853299988699e-5
101011101110,0.002803226273893323,7.858077542645844e-6
011011101110,0.0050180124260569645,2.5180448708062103e-5
111011101110,0.008088095159366177,6.541728330696257e-5
000111101110,0.010693086455647725,0.00011434209794795682
100111101110,0.005585988541870992,3.1203267989914005e-5
010111101110,0.005601006231223901,3.137127080220896e-5
110111101110,0.008165882554361318,6.668163789162252e-5
001111101110,0.012446015192846225,0.00015490329418055903
101111101110,0.008697270893735351,7.564252099901612e-5
011111101110,0.016653264865575088,0.0002773312306829976
111111101110,0.028470951431384152,0.0008105950754082352
000000011110,0.03488055532067356,0.0012166531394785685
100000011110,0.013083883753121655,0.0001711880140652008
010000011110,0.011142831773125424,0.00012416269992417345
110000011110,0.010611949132716392,0.00011261346439536021
001000011110,0.010693086455426605,0.0001143420979432279
101000011110,0.004937098844631986,2.4374945001666492e-5
011000011110,0.00818413405483722,6.698005022754632e-5
111000011110,0.010693086455623807,0.0001143420979474453
000100011110,0.010693086455426735,0.0001143420979432307
100100011110,0.004413640934231738,1.948022629632601e-5
010100011110,0.004097463942851984,1.6789210762972126e-5
110100011110,0.004669663917316466,2.180576110068736e-5
001100011110,0.0077209031934218735,5.9612346122192076e-5
101100011110,0.004364508130428706,1.9048931220578277e-5
011100011110,0.008132306918498124,6.613441581665245e-5
111100011110,0.012341269938768114,0.00015230694370154153
000010011110,0.011142831773125281,0.00012416269992417028
100010011110,0.004477044381471623,2.0043926393666627e-5
010010011110,0.003887847396590794,1.5115357379177814e-5
110010011110,0.004170381287912035,1.7392080086566846e-5
001010011110,0.0040974639428519016,1.678921076297145e-5
101010011110,0.002178043230920419,4.743872315758257e-6
011010011110,0.003786807135871357,1.4339908284286227e-5
111010011110,0.0055859885417273054,3.120326798830874e-5
000110011110,0.00818413405483725,6.69800502275468e-5
100110011110,0.003866577924983124,1.49504248499668e-5
010110011110,0.003786807135871378,1.4339908284286388e-5
110110011110,0.005062530631327051,2.5629216393124673e-5
001110011110,0.008132306918498077,6.613441581665167e-5
101110011110,0.005272147176617274,2.77955358519135e-5
011110011110,0.010048305252083741,0.0001009684384390537
111110011110,0.0165241090271415,0.00027304617914085914
000001011110,0.013083883753121433,0.000171188014065195
100001011110,0.0052514683827422646,2.757792017494166e-5
010001011110,0.004477044381471623,2.0043926393666627e-5
110001011110,0.004747622624471535,2.2539920584393986e-5
001001011110,0.004413640934231686,1.948022629632555e-5
101001011110,0.0022850246170843746,5.221337500681593e-6
011001011110,0.0038665779249831204,1.4950424849966774e-5
111001011110,0.005601006231220102,3.1371270802166405e-5
000101011110,0.0049370988446320015,2.4374945001666645e-5
100101011110,0.00228502461708439,5.2213375006816646e-6
010101011110,0.002178043230920514,4.743872315758673e-6
110101011110,0.002845699662818456,8.098006570965075e-6
001101011110,0.004364508130428662,1.9048931220577898e-5
101101011110,0.002803310252988446,7.858548374510145e-6
011101011110,0.005272147176617316,2.7795535851913938e-5
111101011110,0.008663812759932235,7.506165153916463e-5
000011011110,0.010611949132716092,0.00011261346439535384
100011011110,0.004747622624471443,2.253992058439311e-5
010011011110,0.004170381287912081,1.739208008656723e-5
110011011110,0.005140951768137873,2.6429385082319927e-5
001011011110,0.004669663917316429,2.180576110068701e-5
101011011110,0.002845699662818424,8.098006570964892e-6
011011011110,0.005062530631326994,2.5629216393124094e-5
111011011110,0.008165882554407177,6.668163789237149e-5
000111011110,0.010693086455623793,0.000114342097947445
100111011110,0.0056010062312201155,3.137127080216656e-5
010111011110,0.00558598854172729,3.120326798830857e-5
110111011110,0.008165882554407217,6.668163789237214e-5
001111011110,0.012341269938768138,0.00015230694370154212
101111011110,0.008663812759932242,7.506165153916475e-5
011111011110,0.016524109027141697,0.0002730461791408657
111111011110,0.028366206177200575,0.000804641652887452
000000111110,0.03139936057517933,0.0009859198445301258
100000111110,0.012571057243433886,0.00015803148021769156
010000111110,0.01061194913268359,0.00011261346439466403
110000111110,0.011142831773144552,0.00012416269992459976
001000111110,0.010253463525377749,0.00010513351426625191
101000111110,0.005220037221495407,2.7248788593797495e-5
011000111110,0.008711208074581317,7.588514611865074e-5
111000111110,0.012446015192885473,0.000154903294181536
000100111110,0.010611949132747975,0.0001126134643960305
100100111110,0.004798541986696172,2.302600519808604e-5
010100111110,0.004493386199610124,2.0190519538846716e-5
110100111110,0.005708927883921075,3.259185758381157e-5
001100111110,0.008711208074522489,7.588514611762581e-5
101100111110,0.0054602657967510616,2.98145025711695e-5
011100111110,0.010178134925353126,0.0001035944305586931
111100111110,0.01652410902709432,0.0002730461791392999
000010111110,0.012571057243476616,0.00015803148021876587
100010111110,0.005523840584362855,3.0512814801454167e-5
010010111110,0.004798541986927568,2.3026005200306775e-5
110010111110,0.00577410716184854,3.334031351651061e-5
001010111110,0.0052200372211638965,2.72487885903365e-5
101010111110,0.0031056030062051408,9.644770032150407e-6
011010111110,0.005460265796674297,2.9814502570331186e-5
111010111110,0.008697270893830834,7.5642521000677e-5
000110111110,0.011142831773129245,0.00012416269992425864
100110111110,0.005774107161922419,3.334031351736377e-5
010110111110,0.005708927883713476,3.2591857581441224e-5
110110111110,0.008275775659031604,6.848846275861998e-5
001110111110,0.012446015192980298,0.0001549032941838964
101110111110,0.008697270893762103,7.564252099948145e-5
011110111110,0.01652410902713477,0.0002730461791406367
111110111110,0.028341121758208576,0.0008032191825136036
000001111110,0.03036368858498669,0.000921953584486051
100001111110,0.013083883753124291,0.0001711880140652698
010001111110,0.011102005372166539,0.00012325452328361468
110001111110,0.01291472215998191,0.0001667900484695278
001001111110,0.011102005372353124,0.0001232545232877576
101001111110,0.006299900699011363,3.968874881740386e-5
011001111110,0.010751587146438884,0.0001155966261674698
111001111110,0.016653264865564395,0.00027733123068264146
000101111110,0.013083883753151221,0.00017118801406597447
100101111110,0.006548562786050587,4.288367456284663e-5
010101111110,0.006299900699172833,3.9688748819438345e-5
110101111110,0.008853476654035639,7.83840488635541e-5
001101111110,0.01291472215988533,0.00016679004846703322
101101111110,0.008853476653908156,7.838404886129676e-5
011101111110,0.016653264865579505,0.0002773312306831447
111101111110,0.02836620617716754,0.0008046416528855779
000011111110,0.03139936057533587,0.0009859198445399562
100011111110,0.014873830270774841,0.00022123082692381802
010011111110,0.013069180864463712,0.00017080348846806447
110011111110,0.01710301018313019,0.00029251295732425495
001011111110,0.01487383027036957,0.00022123082691176215
101011111110,0.009580127675589533,9.17788462805965e-5
011011111110,0.017103010183461328,0.0002925129573355819
111011111110,0.028470951431346064,0.0008105950754060665
000111111110,0.03488055532053939,0.0012166531394692086
100111111110,0.019084888564112404,0.00036423297150458834
010111111110,0.01908488856425941,0.0003642329715101996
110111111110,0.028829437038716366,0.0008311364399693111
001111111110,0.042304041507736964,0.0017896319278883322
101111111110,0.030634086444794765,0.0009384472523071583
011111111110,0.0582848834713473,0.0033971276412685337
111111111110,0.10172898839719041,0.010348787080315702
000000000001,0.1017289883971994,0.010348787080317532
100000000001,0.05828488347135169,0.0033971276412690455
010000000001,0.030634086444797214,0.0009384472523073083
110000000001,0.04230404150773952,0.0017896319278885482
001000000001,0.02882943703871872,0.0008311364399694467
101000000001,0.0190848885642606,0.000364232971510245
011000000001,0.01908488856411366,0.0003642329715046363
111000000001,0.03488055532054103,0.0012166531394693235
000100000001,0.02847095143134876,0.00081059507540622
100100000001,0.01710301018346261,0.0002925129573356258
010100000001,0.009580127675590328,9.177884628061172e-5
110100000001,0.014873830270370461,0.00022123082691178866
001100000001,0.017103010183131657,0.00029251295732430515
101100000001,0.013069180864464462,0.00017080348846808404
011100000001,0.014873830270775965,0.00022123082692385144
111100000001,0.031399360575337085,0.0009859198445400326
000010000001,0.028366206177169846,0.0008046416528857087
100010000001,0.016653264865580587,0.0002773312306831808
010010000001,0.008853476653908753,7.838404886130732e-5
110010000001,0.012914722159885834,0.0001667900484670462
001010000001,0.00885347665403623,7.838404886356458e-5
101010000001,0.006299900699173116,3.968874881944191e-5
011010000001,0.006548562786050882,4.288367456285049e-5
111010000001,0.013083883753151487,0.00017118801406598144
000110000001,0.016653264865565752,0.0002773312306826867
100110000001,0.010751587146439453,0.00011559662616748204
010110000001,0.00629990069901173,3.968874881740848e-5
110110000001,0.01110200537235353,0.00012325452328776663
001110000001,0.012914722159982647,0.00016679004846954684
101110000001,0.011102005372166927,0.0001232545232836233
011110000001,0.013083883753124777,0.0001711880140652825
111110000001,0.030363688584987288,0.0009219535844860872
000001000001,0.028341121758210828,0.0008032191825137312
100001000001,0.016524109027135813,0.00027304617914067125
010001000001,0.008697270893762696,7.564252099949176e-5
110001000001,0.012446015192980846,0.00015490329418391005
001001000001,0.008275775659032189,6.848846275862966e-5
101001000001,0.005708927883713729,3.259185758144412e-5
011001000001,0.0057741071619227015,3.334031351736704e-5
111001000001,0.011142831773129514,0.00012416269992426463
000101000001,0.00869727089383153,7.56425210006891e-5
100101000001,0.005460265796674622,2.9814502570334737e-5
010101000001,0.0031056030062053324,9.644770032151598e-6
110101000001,0.005220037221164084,2.7248788590338453e-5
001101000001,0.005774107161848917,3.334031351651495e-5
101101000001,0.004798541986927729,2.3026005200308313e-5
011101000001,0.0055238405843631095,3.0512814801456976e-5
111101000001,0.012571057243476739,0.00015803148021876896
000011000001,0.016524109027095314,0.0002730461791393328
100011000001,0.010178134925353528,0.00010359443055870128
010011000001,0.00546026579675129,2.981450257117199e-5
110011000001,0.008711208074522567,7.588514611762718e-5
001011000001,0.005708927883921309,3.259185758381424e-5
101011000001,0.0044933861996101845,2.019051953884726e-5
011011000001,0.004798541986696232,2.3026005198086617e-5
111011000001,0.010611949132747843,0.00011261346439602771
000111000001,0.012446015192886148,0.0001549032941815528
100111000001,0.008711208074581516,7.588514611865421e-5
010111000001,0.005220037221495531,2.7248788593798793e-5
110111000001,0.010253463525377737,0.00010513351426625166
001111000001,0.011142831773144832,0.000124162699924606
101111000001,0.010611949132683584,0.00011261346439466388
011111000001,0.012571057243433928,0.00015803148021769262
111111000001,0.03139936057517875,0.0009859198445300896
000000100001,0.028366206177203,0.0008046416528875896
100000100001,0.016524109027142884,0.0002730461791409049
010000100001,0.0086638127599329,7.506165153917613e-5
110000100001,0.01234126993876881,0.00015230694370155869
001000100001,0.008165882554407857,6.668163789238259e-5
101000100001,0.0055859885417276,3.120326798831204e-5
011000100001,0.005601006231220451,3.137127080217032e-5
111000100001,0.01069308645562419,0.0001143420979474535
000100100001,0.00816588255440791,6.668163789238344e-5
100100100001,0.005062530631327344,2.5629216393127634e-5
010100100001,0.0028456996628186387,8.098006570966115e-6
110100100001,0.004669663917316651,2.1805761100689084e-5
001100100001,0.005140951768138276,2.6429385082324064e-5
101100100001,0.004170381287912272,1.739208008656882e-5
011100100001,0.004747622624471733,2.2539920584395863e-5
111100100001,0.010611949132716335,0.00011261346439535899
000010100001,0.008663812759932872,7.506165153917566e-5
100010100001,0.0052721471766176056,2.7795535851916994e-5
010010100001,0.0028033102529886043,7.858548374511033e-6
110010100001,0.004364508130428776,1.904893122057889e-5
001010100001,0.0028456996628186157,8.098006570965983e-6
101010100001,0.0021780432309205797,4.7438723157589585e-6
011010100001,0.0022850246170844587,5.221337500681978e-6
111010100001,0.0049370988446320214,2.437494500166684e-5
000110100001,0.005601006231220497,3.137127080217084e-5
100110100001,0.003866577924983268,1.4950424849967914e-5
010110100001,0.0022850246170844734,5.221337500682046e-6
110110100001,0.004413640934231761,1.9480226296326218e-5
001110100001,0.004747622624471734,2.253992058439587e-5
101110100001,0.004477044381471692,2.0043926393667247e-5
011110100001,0.00525146838274237,2.757792017494277e-5
111110100001,0.01308388375312141,0.0001711880140651944
000001100001,0.016524109027142714,0.00027304617914089926
100001100001,0.01004830525208425,0.00010096843843906392
010001100001,0.005272147176617577,2.7795535851916693e-5
110001100001,0.008132306918498295,6.613441581665524e-5
001001100001,0.0050625306313273515,2.5629216393127712e-5
101001100001,0.0037868071358714795,1.4339908284287157e-5
011001100001,0.003866577924983246,1.4950424849967746e-5
111001100001,0.008184134054837271,6.698005022754715e-5
000101100001,0.00558598854172767,3.1203267988312815e-5
100101100001,0.0037868071358715216,1.4339908284287476e-5
010101100001,0.0021780432309205086,4.7438723157586485e-6
110101100001,0.004097463942851956,1.6789210762971896e-5
001101100001,0.004170381287912225,1.7392080086568432e-5
101101100001,0.003887847396590846,1.5115357379178219e-5
011101100001,0.00447704438147172,2.0043926393667498e-5
111101100001,0.01114283177312516,0.0001241626999241676
000011100001,0.01234126993876871,0.00015230694370155625
100011100001,0.008132306918498325,6.613441581665571e-5
010011100001,0.004364508130428819,1.904893122057927e-5
110011100001,0.00772090319342183,5.961234612219141e-5
001011100001,0.00466966391731659,2.1805761100688518e-5
101011100001,0.004097463942851973,1.678921076297203e-5
011011100001,0.004413640934231727,1.948022629632591e-5
111011100001,0.010693086455426465,0.00011434209794322491
000111100001,0.010693086455624244,0.00011434209794745464
100111100001,0.008184134054837302,6.698005022754765e-5
010111100001,0.004937098844632041,2.4374945001667038e-5
110111100001,0.010693086455426475,0.00011434209794322513
001111100001,0.010611949132716519,0.00011261346439536289
101111100001,0.011142831773125274,0.00012416269992417014
011111100001,0.013083883753121564,0.00017118801406519843
111111100001,0.034880555320672586,0.0012166531394785008
000000010001,0.02847095143138665,0.0008105950754083775
100000010001,0.016653264865576282,0.00027733123068303736
010000010001,0.008697270893736012,7.564252099902762e-5
110000010001,0.012446015192846925,0.00015490329418057648
001000010001,0.008165882554361988,6.668163789163346e-5
101000010001,0.005601006231224244,3.137127080221281e-5
011000010001,0.0055859885418713074,3.1203267989917535e-5
111000010001,0.010693086455648126,0.0001143420979479654
000100010001,0.008088095159366893,6.541728330697415e-5
100100010001,0.005018012426057304,2.5180448708065505e-5
010100010001,0.0028032262738935405,7.858077542647062e-6
110100010001,0.004591876522607284,2.1085329998871964e-5
001100010001,0.005018012426187056,2.5180448709367703e-5
101100010001,0.004060028525049734,1.6483831624217516e-5
011100010001,0.004591876522477354,2.1085329997678718e-5
111100010001,0.010253463525249291,0.00010513351426361762
000010010001,0.008165882554428247,6.668163789271559e-5
100010010001,0.004954608978688544,2.454815013170114e-5
010010010001,0.0026191852658768505,6.860131456986389e-6
110010010001,0.004042855642980327,1.634468174997787e-5
001010010001,0.002627934280002248,6.906038580010935e-6
101010010001,0.0019879488366413233,3.95194057710359e-6
011010010001,0.002064672621478967,4.262873033884829e-6
111010010001,0.00441364093402998,1.9480226294545036e-5
000110010001,0.005018012426121409,2.5180448708708867e-5
100110010001,0.003431867826099036,1.1777716775813722e-5
010110010001,0.0020087409110663076,4.035040047791499e-6
110110010001,0.003830647128863075,1.467385742586692e-5
001110010001,0.004119461925455676,1.6969966555278983e-5
101110010001,0.0038438573648077344,1.4775239440986659e-5
011110010001,0.0044770443814792695,2.0043926393735094e-5
111110010001,0.011102005372158334,0.00012325452328343248
000001010001,0.008697270893765584,7.564252099954202e-5
100001010001,0.0052721471766138985,2.7795535851877905e-5
010001010001,0.0027520627739927124,7.573849511996462e-6
110001010001,0.004208302370263601,1.770980883956624e-5
001001010001,0.002619185266062915,6.860131457961065e-6
101001010001,0.0019368991610664507,3.7515783601399206e-6
011001010001,0.0019579086213404153,3.833406169519125e-6
111001010001,0.004097463942407582,1.678921075933028e-5
000101010001,0.002803226273673536,7.858077541413616e-6
100101010001,0.0018809674506537668,3.53803855041893e-6
010101010001,0.0010698360059787874,1.144549079688644e-6
110101010001,0.0019820384014689373,3.928476224897539e-6
001101010001,0.002008740910960167,4.035040047365081e-6
101101010001,0.001849135816804086,3.4193032689877146e-6
011101010001,0.0021086442796420797,4.446380698067265e-6
111101010001,0.005220037221520722,2.7248788594061787e-5
000011010001,0.005585988541838546,3.120326798955153e-5
100011010001,0.003676914030955881,1.3519696791040225e-5
010011010001,0.001957908621412655,3.8334061698020015e-6
110011010001,0.0034510666899014737,1.1909861298147513e-5
001011010001,0.0020646726213772106,4.262873033464642e-6
101011010001,0.001806746407577688,3.2643325812948816e-6
011011010001,0.0019246032719598871,3.704097754438703e-6
111011010001,0.004669663917534555,2.180576110272417e-5
000111010001,0.00459187652255698,2.108532999840999e-5
100111010001,0.0035294878266576126,1.2457284318524278e-5
010111010001,0.002108644279570538,4.446380697765553e-6
110111010001,0.004591876522539461,2.10853299982491e-5
001111010001,0.004477044381504267,2.0043926393958924e-5
101111010001,0.004747622624499115,2.2539920584655858e-5
011111010001,0.005523840584362783,3.0512814801453375e-5
111111010001,0.01487383027074497,0.00022123082692292938
000000110001,0.016653264865564083,0.00027733123068263106
100000110001,0.010178134925359844,0.00010359443055882985
010000110001,0.005272147176628957,2.7795535852036683e-5
110000110001,0.008132306918699211,6.613441581992305e-5
001000110001,0.004954608978694912,2.4548150131764235e-5
101000110001,0.003676914030779585,1.3519696789743775e-5
011000110001,0.0036769140309591973,1.3519696791064613e-5
111000110001,0.007720903193246657,5.9612346119486416e-5
000100110001,0.005018012426100665,2.518044870850068e-5
100100110001,0.003353909119006925,1.1248706378557809e-5
010100110001,0.0018809674507558442,3.5380385508029387e-6
110100110001,0.0034510666896161554,1.1909861296178208e-5
001100110001,0.0034318678260247767,1.1777716775304027e-5
101100110001,0.0031317526615237358,9.807874732961001e-6
011100110001,0.0035294878266425365,1.2457284318417855e-5
111100110001,0.00871120807463283,7.58851461195482e-5
000010110001,0.0056010062311935,3.1371270801868405e-5
100010110001,0.0036769140309603466,1.3519696791073064e-5
010010110001,0.0019368991608282138,3.751578359217039e-6
110010110001,0.0033858874117462367,1.146423356502163e-5
001010110001,0.0019879488369945967,3.951940578508169e-6
101010110001,0.00172213505788585,2.9657491575995e-6
011010110001,0.0018067464075515786,3.264332581200535e-6
111010110001,0.004364508130494466,1.9048931221152304e-5
000110110001,0.004060028525012285,1.6483831623913428e-5
100110110001,0.0031317526613319608,9.807874731759819e-6
010110110001,0.0018491358170316988,3.4193032698294887e-6
110110110001,0.004042855643006984,1.6344681750193413e-5
001110110001,0.0038438573647643247,1.4775239440652937e-5
101110110001,0.004119461925448595,1.6969966555220643e-5
011110110001,0.004747622624469672,2.2539920584376293e-5
111110110001,0.012914722159981875,0.00016679004846952692
000001110001,0.012446015192988472,0.00015490329418409987
100001110001,0.008132306918507274,6.613441581680127e-5
010001110001,0.0042083023702619606,1.7709808839552436e-5
110001110001,0.007232587912565576,5.2310327912989675e-5
001001110001,0.004042855642515296,1.6344681746217765e-5
101001110001,0.0033858874121315704,1.1464233567631022e-5
011001110001,0.003451066690047369,1.1909861299154503e-5
111001110001,0.008132306918657671,6.613441581924742e-5
000101110001,0.004591876522301361,2.1085329996062444e-5
100101110001,0.003451066690439437,1.1909861301860607e-5
010101110001,0.0019820384012010526,3.928476223835624e-6
110101110001,0.004208302370686655,1.770980884312692e-5
001101110001,0.0038306471293657034,1.4673857429717703e-5
101101110001,0.004042855642145929,1.634468174323117e-5
011101110001,0.004591876522464185,2.108532999755778e-5
111101110001,0.01244601519288249,0.00015490329418146176
000011110001,0.010693086455590037,0.00011434209794672309
100011110001,0.0077209031929955044,5.961234611560817e-5
010011110001,0.004097463942471834,1.6789210759856824e-5
110011110001,0.008132306918877643,6.613441582282518e-5
001011110001,0.0044136409341844485,1.9480226295908573e-5
101011110001,0.004364508131403044,1.9048931229083294e-5
011011110001,0.004669663917453016,2.1805761101962642e-5
111011110001,0.01234126993838767,0.0001523069436921512
000111110001,0.010253463525328809,0.0001051335142652483
100111110001,0.008711208074628876,7.588514611947933e-5
010111110001,0.005220037221524289,2.7248788594099022e-5
110111110001,0.012446015192650105,0.00015490329417567724
001111110001,0.011102005372043759,0.00012325452328088845
101111110001,0.012914722159898001,0.0001667900484673605
011111110001,0.014873830270776727,0.0002212308269238741
111111110001,0.04230404150772118,0.0017896319278869965
000000001001,0.02882943703871928,0.0008311364399694791
100000001001,0.01710301018346198,0.00029251295733560416
010000001001,0.00885347665377869,7.838404885900431e-5
110000001001,0.012914722159567866,0.0001667900484588333
001000001001,0.008275775659250334,6.84884627622403e-5
101000001001,0.00577410716145627,3.334031351198059e-5
011000001001,0.005708927883858819,3.259185758310074e-5
111000001001,0.011142831773413533,0.00012416269993059418
000100001001,0.008165882554519242,6.66816378942017e-5
100100001001,0.005140951766709907,2.6429385067637716e-5
010100001001,0.0028456996632320337,8.09800657331891e-6
110100001001,0.004747622626089662,2.2539920599758492e-5
001100001001,0.005062530631164795,2.5629216391481815e-5
101100001001,0.0041703812888183416,1.739208009412613e-5
011100001001,0.004669663917450634,2.18057611019404e-5
111100001001,0.010611949132173858,0.0001126134643838455
000010001001,0.008165882554551446,6.668163789472763e-5
100010001001,0.005018012426037863,2.5180448707870396e-5
010010001001,0.0026279342800891465,6.9060385804676615e-6
110010001001,0.004119461926029634,1.6969966560007778e-5
001010001001,0.0026191852655103624,6.860131455066589e-6
101010001001,0.0020087409098648664,4.035040042964731e-6
011010001001,0.002064672621393767,4.26287303353301e-6
111010001001,0.004477044381462397,2.0043926393584014e-5
000110001001,0.004954608978708229,2.4548150131896203e-5
100110001001,0.0034318678267039235,1.177771677996551e-5
010110001001,0.0019879488361282823,3.9519405750637915e-6
110110001001,0.0038438573638434935,1.477523943357385e-5
001110001001,0.004042855643000551,1.6344681750141398e-5
101110001001,0.0038306471288339678,1.467385742564392e-5
011110001001,0.004413640934214923,1.948022629617758e-5
111110001001,0.011102005372356342,0.00012325452328782905
000001001001,0.008275775659028138,6.848846275856262e-5
100001001001,0.005062530631345604,2.562921639331252e-5
010001001001,0.002619185266072038,6.860131458008854e-6
110001001001,0.0040428556425366625,1.634468174639053e-5
001001001001,0.002476862261786882,6.134846663864028e-6
101001001001,0.0018445380121774704,3.4023204783676144e-6
011001001001,0.0018445380117445237,3.402320476770441e-6
111001001001,0.0038878473972138276,1.5115357384022334e-5
000101001001,0.0026191852658879675,6.860131457044624e-6
100101001001,0.001767596840951475,3.124398592141634e-6
010101001001,0.0009938389507541546,9.877158600361186e-7
110101001001,0.0018491358180020901,3.4193032734182593e-6
001101001001,0.0018445380119470425,3.4023204775175482e-6
101101001001,0.0017068378889076546,2.913295579010739e-6
011101001001,0.0019246032719615134,3.704097754444963e-6
111101001001,0.004798541986554959,2.302600519673081e-5
000011001001,0.005062530631438983,2.5629216394257983e-5
100011001001,0.003353909119028479,1.1248706378702389e-5
010011001001,0.0017675968408385396,3.1243985917423856e-6
110011001001,0.0031317526615096997,9.807874732873088e-6
001011001001,0.0018445380116147013,3.4023204762915167e-6
101011001001,0.0016222265394294701,2.631618945229314e-6
011011001001,0.0017068378894843912,2.9132955809795307e-6
111011001001,0.00417038128767262,1.7392080084569942e-5
000111001001,0.004042855642807604,1.6344681748581282e-5
100111001001,0.0031317526613774222,9.807874732044566e-6
010111001001,0.0018491358170122099,3.4193032697574134e-6
110111001001,0.004060028524731135,1.648383162163047e-5
001111001001,0.0038878473971724298,1.5115357383700436e-5
101111001001,0.0041703812878239625,1.7392080085832252e-5
011111001001,0.004798541986695129,2.3026005198076035e-5
111111001001,0.013069180864831068,0.00017080348847766652
000000101001,0.00885347665391029,7.838404886133455e-5
100000101001,0.005460265796652971,2.9814502570098296e-5
010000101001,0.002803310253215686,7.858548375784192e-6
110000101001,0.004364508130208561,1.9048931218656634e-5
001000101001,0.002619185266232511,6.86013145884947e-6
101000101001,0.001957908621694634,3.833406170906181e-6
011000101001,0.0019368991610884015,3.7515783602249534e-6
111000101001,0.004097463942447591,1.6789210759658157e-5
000100101001,0.002627934279862182,6.906038579274767e-6
100100101001,0.0017675968410207287,3.1243985923864593e-6
010100101001,0.0009798932304514452,9.601907430845687e-7
110100101001,0.0018067464084938925,3.2643325846055797e-6
001100101001,0.001767596841058032,3.1243985925183334e-6
101100101001,0.0016222265391363684,2.6316189442783596e-6
011100101001,0.0018067464075488353,3.2643325811906224e-6
111100101001,0.004493386199511423,2.0190519537959716e-5
000010101001,0.002845699662690215,8.098006570235203e-6
100010101001,0.001880967450636156,3.5380385503526797e-6
010010101001,0.0009798932316217284,9.601907453780741e-7
110010101001,0.0017221350580057231,2.965749158012375e-6
001010101001,0.0009938389495948385,9.877158577317716e-7
101010101001,0.0008651983279963854,7.485681467677409e-7
011010101001,0.0008951295290481623,8.012568737739848e-7
111010101001,0.002178043230819561,4.743872315318912e-6
000110101001,0.001987948836700093,3.9519405773372525e-6
100110101001,0.0015467590843540578,2.3924636650318033e-6
010110101001,0.0009009060350201478,8.116316839357239e-7
110110101001,0.001987948836098152,3.951940574943996e-6
001110101001,0.0018491358170233312,3.4193032697985428e-6
101110101001,0.002008740911081568,4.035040047852808e-6
011110101001,0.002285024617083604,5.2213375006780714e-6
111110101001,0.0062999006990161225,3.968874881746382e-5
000001101001,0.00570892788369599,3.2591857581241575e-5
100001101001,0.003786807135861071,1.4339908284208329e-5
010001101001,0.0019368991610622791,3.751578360123761e-6
110001101001,0.003385887412155542,1.1464233567793354e-5
001001101001,0.0018445380122169158,3.4023204785131317e-6
101001101001,0.0015710630389065407,2.4682390722182543e-6
011001101001,0.0015802320107495054,2.497133207797425e-6
111001101001,0.0037868071354806663,1.4339908281327289e-5
000101101001,0.0020646726218586354,4.262873035452611e-6
100101101001,0.0015802320095377805,2.497133203967812e-6
010101101001,0.0008951295296818212,8.012568749083985e-7
110101101001,0.0019368991601181726,3.7515783564664823e-6
001101101001,0.0017068378885551096,2.9132955778072644e-6
101101101001,0.001844538013594014,3.402320483593352e-6
011101101001,0.0020646726215076453,4.2628730340032514e-6
111101101001,0.005708927883827626,3.259185758274457e-5
000011101001,0.004669663917495185,2.1805761102356475e-5
100011101001,0.0034510666904481006,1.1909861301920406e-5
010011101001,0.0018067464074245283,3.2643325807414395e-6
110011101001,0.003676914030391729,1.3519696786891549e-5
001011101001,0.0019246032723844542,3.704097756072949e-6
101011101001,0.0019579086192965315,3.833406161515649e-6
011011101001,0.0020646726213418712,4.262873033318713e-6
111011101001,0.005585988542595884,3.120326799801249e-5
000111101001,0.004413640934060703,1.9480226294816236e-5
100111101001,0.0038665779249411718,1.4950424849642379e-5
010111101001,0.0022850246169360895,5.221337500003924e-6
110111101001,0.005601006231775984,3.1371270808393405e-5
001111101001,0.004798541986798212,2.302600519906533e-5
101111101001,0.005774107162120176,3.3340313519647516e-5
011111101001,0.006548562786059253,4.2883674562960126e-5
111111101001,0.019084888563904612,0.00036423297149665697
000000011001,0.017103010183071837,0.00029251295732225893
100000011001,0.010751587146450137,0.00011559662616771178
010000011001,0.005460265796787795,2.9814502571570653e-5
110000011001,0.008711208074839858,7.588514612315516e-5
001000011001,0.0050625306313597145,2.562921639345539e-5
101000011001,0.003866577925139623,1.4950424851177031e-5
011000011001,0.0037868071355002097,1.4339908281475303e-5
111000011001,0.008184134054685025,6.698005022505514e-5
000100011001,0.0050180124261965525,2.518044870946301e-5
100100011001,0.00343186782666011,1.1777716779664786e-5
010100011001,0.0018809674500897566,3.5380385482971602e-6
110100011001,0.003529487825882613,1.2457284313053575e-5
001100011001,0.0033539091190400985,1.1248706378780331e-5
101100011001,0.003131752660910783,9.807874729121768e-6
011100011001,0.003451066690032663,1.1909861299053e-5
111100011001,0.008711208074839546,7.588514612314971e-5
000010011001,0.005140951768085097,2.6429385081777284e-5
100010011001,0.00343186782610875,1.1777716775880395e-5
010010011001,0.0017675968412117383,3.124398593061715e-6
110010011001,0.0031317526609106854,9.807874729121157e-6
001010011001,0.0017675968411580533,3.1243985928719286e-6
101010011001,0.0015467590847799732,2.39246366634938e-6
011010011001,0.0015802320107598758,2.4971332078302e-6
111010011001,0.0038665779251395695,1.4950424851176618e-5
000110011001,0.003431867826024848,1.1777716775304515e-5
100110011001,0.0026876918368408725,7.2236874098210624e-6
010110011001,0.0015467590843529092,2.39246366502825e-6
110110011001,0.0034318678266600493,1.177771677966437e-5
001110011001,0.0031317526613300036,9.807874731747559e-6
101110011001,0.0034318678261086415,1.1777716775879652e-5
011110011001,0.003866577924982401,1.495042484996121e-5
111110011001,0.010751587146449514,0.00011559662616769839
000001011001,0.005774107161921958,3.334031351735845e-5
100001011001,0.0038665779249825428,1.4950424849962306e-5
010001011001,0.001957908621336039,3.833406169501988e-6
110001011001,0.0034510666900326834,1.190986129905314e-5
001001011001,0.0018445380117532088,3.4023204768024813e-6
101001011001,0.001580232010759781,2.4971332078299005e-6
011001011001,0.0015710630397892948,2.4682390749919794e-6
111001011001,0.0037868071355001004,1.4339908281474474e-5
000101011001,0.0020087409109855584,4.035040047467091e-6
100101011001,0.0015467590843528198,2.3924636650279735e-6
010101011001,0.0008651983282890809,7.485681472742201e-7
110101011001,0.0018809674500895877,3.538038548296525e-6
001101011001,0.0016222265394319072,2.6316189452372213e-6
101101011001,0.0017675968412117805,3.1243985930618643e-6
011101011001,0.0019579086213360086,3.833406169501869e-6
111101011001,0.005460265796787498,2.9814502571567404e-5
000011011001,0.004170381287757089,1.7392080085274477e-5
100011011001,0.0031317526613300123,9.807874731747613e-6
010011011001,0.0016222265394318371,2.631618945236994e-6
110011011001,0.0033539091190398864,1.1248706378778908e-5
001011011001,0.0017068378892992671,2.913295580347577e-6
101011011001,0.0017675968411578755,3.1243985928712997e-6
011011011001,0.0018445380117531978,3.4023204768024402e-6
111011011001,0.005062530631359487,2.5629216393453088e-5
000111011001,0.0038306471290145963,1.4673857427027768e-5
100111011001,0.0034318678260247194,1.1777716775303634e-5
010111011001,0.0020087409109855498,4.035040047467056e-6
110111011001,0.005018012426196301,2.5180448709460487e-5
001111011001,0.004170381287757041,1.7392080085274077e-5
101111011001,0.005140951768084867,2.6429385081774923e-5
011111011001,0.005774107161921724,3.334031351735575e-5
111111011001,0.017103010183070675,0.0002925129573222192
000000111001,0.012914722160022004,0.00016679004847056344
100000111001,0.008711208074577812,7.588514611858969e-5
010000111001,0.004364508130465208,1.9048931220896904e-5
110000111001,0.007720903193248829,5.961234611951996e-5
001000111001,0.00404285564280909,1.6344681748593303e-5
101000111001,0.003451066689954751,1.190986129851524e-5
011000111001,0.0033858874118535658,1.1464233565748438e-5
111000111001,0.008132306918618562,6.613441581861133e-5
000100111001,0.004119461925501053,1.696996655565284e-5
100100111001,0.0031317526613921023,9.807874732136515e-6
010100111001,0.0017221350577278768,2.9657491570553974e-6
110100111001,0.0036769140309557613,1.3519696791039346e-5
001100111001,0.0031317526613621476,9.807874731948893e-6
101100111001,0.003353909118999903,1.1248706378510705e-5
011100111001,0.003676914030964698,1.3519696791105065e-5
111100111001,0.010178134925333869,0.00010359443055830109
000010111001,0.004747622624516215,2.2539920584818227e-5
100010111001,0.0035294878266597758,1.2457284318539547e-5
010010111001,0.0018067464074378622,3.2643325807896217e-6
110010111001,0.003676914030994327,1.3519696791322953e-5
001010111001,0.0018491358168550695,3.4193032691762654e-6
101010111001,0.0018809674506315664,3.5380385503354137e-6
011010111001,0.001936899161077221,3.7515783601816425e-6
111010111001,0.00527214717660119,2.77955358517439e-5
000110111001,0.0038438573648296843,1.4775239441155403e-5
100110111001,0.0034318678260151537,1.1777716775237977e-5
010110111001,0.001987948836692564,3.9519405773073175e-6
110110111001,0.004954608978724165,2.4548150132054117e-5
001110111001,0.004060028525015748,1.648383162394155e-5
101110111001,0.00501801242612432,2.5180448708738086e-5
011110111001,0.005601006231223288,3.13712708022021e-5
111110111001,0.01665326486555959,0.00027733123068248144
000001111001,0.011142831773127615,0.0001241626999242223
100001111001,0.008184134054835441,6.698005022751719e-5
010001111001,0.004097463942409064,1.6789210759342427e-5
110001111001,0.008132306918656788,6.613441581923306e-5
001001111001,0.0038878473972203394,1.5115357384072967e-5
101001111001,0.003786807135486694,1.433990828137294e-5
011001111001,0.0037868071354940952,1.4339908281428994e-5
111001111001,0.01004830525217966,0.00010096843844098133
000101111001,0.004477044381555642,2.0043926394418938e-5
100101111001,0.0038665779249436208,1.4950424849661317e-5
010101111001,0.00217804323089858,4.743872315663125e-6
110101111001,0.005272147176518921,2.779553585087643e-5
001101111001,0.004170381287711028,1.739208008489029e-5
101101111001,0.005062530631432148,2.562921639418878e-5
011101111001,0.005585988541873625,3.120326798994343e-5
111101111001,0.016524109027129957,0.00027304617914047767
000011111001,0.010611949132696507,0.00011261346439493817
100011111001,0.008711208074629547,7.588514611949103e-5
010011111001,0.004493386199705422,2.0190519539703137e-5
110011111001,0.01017813492527538,0.0001035944305571105
001011111001,0.004798541986729341,2.3026005198404373e-5
101011111001,0.00546026579656867,2.981450256917769e-5
011011111001,0.0057089278838668,3.259185758319186e-5
111011111001,0.01652410902716604,0.0002730461791416701
000111111001,0.011102005372100331,0.0001232545232821446
100111111001,0.010751587146605665,0.00011559662617105614
010111111001,0.006299900698887763,3.9688748815846525e-5
110111111001,0.016653264865605952,0.0002773312306840256
001111111001,0.013069180864781812,0.00017080348847637905
101111111001,0.01710301018310282,0.00029251295732331874
011111111001,0.019084888564109635,0.0003642329715044827
111111111001,0.058284883471433756,0.003397127641278612
000000000101,0.030634086444728027,0.0009384472523030694
100000000101,0.01908488856425945,0.00036423297151020104
010000000101,0.009580127675754002,9.177884628374778e-5
110000000101,0.014873830270699766,0.0002212308269215847
001000000101,0.008853476654025243,7.838404886337002e-5
101000000101,0.006548562785740341,4.288367455878329e-5
011000000101,0.006299900698884038,3.9688748815799586e-5
111000000101,0.013083883753205147,0.0001711880140673856
000100000101,0.008697270893816654,7.564252100043036e-5
100100000101,0.005774107161453853,3.334031351195267e-5
010100000101,0.0031056030064671846,9.644770033778015e-6
110100000101,0.0055238405844945816,3.0512814802909438e-5
001100000101,0.0054602657965816285,2.9814502569319202e-5
101100000101,0.00479854198727031,2.302600520359609e-5
011100000101,0.005220037221522444,2.724878859407976e-5
111100000101,0.01257105724330576,0.00015803148021447018
000010000101,0.008663812759945818,7.506165153939998e-5
100010000101,0.005601006231222833,3.1371270802197e-5
010010000101,0.0028456996626081504,8.098006569768141e-6
110010000101,0.004747622624481556,2.253992058448913e-5
001010000101,0.002803310253262686,7.858548376047703e-6
101010000101,0.0022850246167506103,5.221337499156274e-6
011010000101,0.0022850246169550735,5.221337500090681e-6
111010000101,0.005251468382873904,2.757792017632426e-5
000110000101,0.005272147176595579,2.7795535851684738e-5
100110000101,0.003866577925149547,1.4950424851253778e-5
010110000101,0.0021780432308377493,4.743872315398142e-6
110110000101,0.004477044381459963,2.004392639356222e-5
001110000101,0.004364508130491372,1.904893122112529e-5
101110000101,0.004413640934019002,1.948022629444813e-5
011110000101,0.004937098844624665,2.4374945001594207e-5
111110000101,0.013083883753153865,0.00017118801406604367
000001000101,0.008697270893832067,7.564252100069845e-5
100001000101,0.005585988541755338,3.120326798862192e-5
010001000101,0.0028032262736782925,7.858077541440284e-6
110001000101,0.004591876522327461,2.1085329996302137e-5
001001000101,0.0026191852658768926,6.860131456986609e-6
101001000101,0.0020646726217782786,4.26287303512079e-6
011001000101,0.0020087409109905653,4.035040047487206e-6
111001000101,0.004477044381553307,2.004392639439803e-5
000101000101,0.0027520627737787034,7.573849510818531e-6
100101000101,0.0019579086216214812,3.833406170619728e-6
010101000101,0.0010698360060519745,1.1445490798452403e-6
110101000101,0.0021086442803862596,4.446380701205686e-6
001101000101,0.00195790862159571,3.833406170518813e-6
101101000101,0.001924603271426659,3.7040977523861976e-6
011101000101,0.00210864427956774,4.446380697753753e-6
111101000101,0.005523840584249362,3.0512814800200328e-5
000011000101,0.00527214717665952,2.7795535852358952e-5
100011000101,0.0036769140308002693,1.3519696789895883e-5
010011000101,0.0018809674504872362,3.5380385497924525e-6
110011000101,0.003529487826926526,1.245728432042253e-5
001011000101,0.0019368991609280053,3.7515783596036107e-6
101011000101,0.0018067464080327917,3.264332582939395e-6
011011000101,0.001849135817001163,3.419303269716559e-6
111011000101,0.004747622624237238,2.2539920582169277e-5
000111000101,0.004208302370295287,1.7709808839832933e-5
100111000101,0.0034510666899506153,1.1909861298486695e-5
010111000101,0.0019820384014762253,3.9284762249264295e-6
110111000101,0.0045918765222389395,2.1085329995489182e-5
001111000101,0.004097463942393038,1.6789210759211093e-5
101111000101,0.004669663917499307,2.1805761102394967e-5
011111000101,0.00522003722149911,2.7248788593836154e-5
111111000101,0.014873830270839983,0.00022123082692575584
000000100101,0.008853476653910211,7.838404886133317e-5
100000100101,0.005708927883696049,3.259185758124225e-5
010000100101,0.002845699662690202,8.098006570235129e-6
110000100101,0.004669663917495266,2.1805761102357227e-5
001000100101,0.0026279342798621605,6.906038579274653e-6
101000100101,0.002064672621858628,4.262873035452581e-6
011000100101,0.001987948836700101,3.951940577337284e-6
111000100101,0.004413640934060712,1.948022629481632e-5
000100100101,0.0026191852662325243,6.86013145884954e-6
100100100101,0.001844538012216938,3.402320478513213e-6
010100100101,0.0009938389495948085,9.87715857731712e-7
110100100101,0.0019246032723844535,3.7040977560729466e-6
001100100101,0.0017675968410580051,3.1243985925182386e-6
101100100101,0.0017068378885551207,2.913295577807302e-6
011100100101,0.0018491358170233257,3.419303269798523e-6
111100100101,0.004798541986798198,2.3026005199065194e-5
000010100101,0.0028033102532156223,7.858548375783835e-6
100010100101,0.0019368991610622772,3.7515783601237533e-6
010010100101,0.0009798932316217202,9.60190745378058e-7
110010100101,0.0018067464074245278,3.2643325807414383e-6
001010100101,0.0009798932304514356,9.601907430845501e-7
101010100101,0.0008951295296818621,8.012568749084716e-7
011010100101,0.0009009060350201387,8.116316839357075e-7
111010100101,0.002285024616936087,5.221337500003912e-6
000110100101,0.0019368991610884208,3.7515783602250283e-6
100110100101,0.001580232010749512,2.4971332077974456e-6
010110100101,0.0008951295290481687,8.012568737739963e-7
110110100101,0.0020646726213418985,4.262873033318826e-6
001110100101,0.0018067464075488151,3.2643325811905495e-6
101110100101,0.002064672621507642,4.262873034003237e-6
011110100101,0.002285024617083611,5.221337500678104e-6
111110100101,0.006548562786059235,4.288367456295989e-5
000001100101,0.005460265796652824,2.9814502570096697e-5
100001100101,0.0037868071358610486,1.4339908284208158e-5
010001100101,0.0018809674506361312,3.538038550352586e-6
110001100101,0.0034510666904481236,1.1909861301920563e-5
001001100101,0.0017675968410206856,3.124398592386307e-6
101001100101,0.001580232009537748,2.497133203967709e-6
011001100101,0.0015467590843540415,2.392463665031753e-6
111001100101,0.0038665779249411527,1.4950424849642231e-5
000101100101,0.001957908621694615,3.8334061709061065e-6
100101100101,0.0015710630389065433,2.4682390722182624e-6
010101100101,0.0008651983279963474,7.48568146767675e-7
110101100101,0.001957908619296513,3.8334061615155765e-6
001101100101,0.001622226539136358,2.6316189442783257e-6
101101100101,0.0018445380135940319,3.4023204835934176e-6
011101100101,0.002008740911081581,4.03504004785286e-6
111101100101,0.0057741071621202,3.3340313519647787e-5
000011100101,0.004364508130208439,1.9048931218655566e-5
100011100101,0.00338588741215553,1.146423356779327e-5
010011100101,0.0017221350580057168,2.9657491580123536e-6
110011100101,0.0036769140303917446,1.3519696786891663e-5
001011100101,0.0018067464084938656,3.2643325846054823e-6
101011100101,0.0019368991601182001,3.751578356466589e-6
011011100101,0.001987948836098132,3.951940574943917e-6
111011100101,0.0056010062317759885,3.137127080839345e-5
000111100101,0.004097463942447561,1.6789210759657906e-5
100111100101,0.0037868071354806433,1.4339908281327114e-5
010111100101,0.0021780432308195655,4.743872315318932e-6
110111100101,0.00558598854259591,3.120326799801278e-5
001111100101,0.0044933861995114606,2.0190519537960052e-5
101111100101,0.005708927883827695,3.2591857582745364e-5
011111100101,0.0062999006990161815,3.968874881746457e-5
111111100101,0.019084888563904723,0.0003642329714966612
000000010101,0.00958012767576194,9.177884628389988e-5
100000010101,0.006299900699172293,3.968874881943154e-5
010000010101,0.003105603006106241,9.644770031536122e-6
110000010101,0.005220037221088584,2.7248788589550235e-5
001000010101,0.0028456996628156163,8.098006570948913e-6
101000010101,0.002285024616753573,5.221337499169815e-6
011000010101,0.0021780432308917434,4.743872315633344e-6
111000010101,0.004937098844857926,2.4374945003897465e-5
000100010101,0.002803226273603605,7.858077541021552e-6
100100010101,0.002008740909873801,4.035040043000626e-6
010100010101,0.0010698360067727503,1.1445490813874643e-6
110100010101,0.0021086442811465707,4.446380704412138e-6
001100010101,0.0018809674505592153,3.5380385500632333e-6
101100010101,0.0018491358175219813,3.419303271642687e-6
011100010101,0.0019820384012203024,3.928476223911931e-6
111100010101,0.005220037221088513,2.7248788589549493e-5
000010010101,0.0028456996627820785,8.098006570758036e-6
100010010101,0.0019879488366199307,3.951940577018535e-6
010010010101,0.00099383895055645,9.877158596431459e-7
110010010101,0.0018491358175220355,3.419303271642887e-6
001010010101,0.0009798932300816182,9.601907423597868e-7
101010010101,0.0009009060343920499,8.116316828040094e-7
011010010101,0.00089512952967136,8.0125687488967e-7
111010010101,0.00228502461675366,5.221337499170211e-6
000110010101,0.0018809674506190443,3.5380385502883064e-6
100110010101,0.0015467590848162072,2.392463666461471e-6
010110010101,0.0008651983279610608,7.485681467066153e-7
110110010101,0.002008740909873714,4.035040043000275e-6
001110010101,0.0017221350578963204,2.9657491576355624e-6
101110010101,0.001987948836619783,3.9519405770179464e-6
011110010101,0.002178043230925858,4.743872315781951e-6
111110010101,0.006299900699171963,3.968874881942739e-5
000001010101,0.0031056030062003304,9.644770032120529e-6
100001010101,0.002178043230925902,4.743872315782142e-6
010001010101,0.0010698360059943454,1.144549079721933e-6
110001010101,0.0019820384012204724,3.9284762239126056e-6
001001010101,0.0009938389507525515,9.877158600329322e-7
101001010101,0.0008951295296712271,8.012568748894321e-7
011001010101,0.0008651983282673653,7.485681472366435e-7
111001010101,0.002178043230891508,4.743872315632319e-6
000101010101,0.0010698360060753824,1.1445490798953255e-6
100101010101,0.0008651983279611007,7.485681467066843e-7
010101010101,0.00046986869352655565,2.2077658915635226e-7
110101010101,0.0010698360067727334,1.144549081387428e-6
001101010101,0.0008651983282108644,7.485681471388745e-7
101101010101,0.000993838950556482,9.877158596432092e-7
011101010101,0.0010698360059944415,1.1445490797221386e-6
111101010101,0.003105603006106127,9.644770031535412e-6
000011010101,0.002178043231012031,4.7438723161573274e-6
100011010101,0.0017221350578962272,2.9657491576352414e-6
010011010101,0.0008651983282107489,7.485681471386747e-7
110011010101,0.001880967450559169,3.5380385500630596e-6
001011010101,0.0008951295290422151,8.012568737633378e-7
101011010101,0.0009798932300815449,9.601907423596432e-7
011011010101,0.0009938389507525827,9.877158600329943e-7
111011010101,0.0028456996628155764,8.098006570948686e-6
000111010101,0.001982038401298536,3.928476224222055e-6
100111010101,0.0018809674506190025,3.5380385502881493e-6
010111010101,0.0010698360060752423,1.144549079895026e-6
110111010101,0.002803226273603322,7.858077541019966e-6
001111010101,0.002178043231011944,4.74387231615695e-6
101111010101,0.002845699662782067,8.098006570757968e-6
011111010101,0.00310560300620027,9.644770032120154e-6
111111010101,0.009580127675761402,9.177884628388957e-5
000000110101,0.0062999006988573155,3.968874881546289e-5
100000110101,0.004493386199596511,2.0190519538724377e-5
010000110101,0.0021780432308448135,4.743872315428914e-6
110000110101,0.004097463942118719,1.678921075696307e-5
001000110101,0.0019879488369060933,3.9519405781562876e-6
101000110101,0.001806746408104837,3.2643325831997303e-6
011000110101,0.0017221350577549981,2.9657491571488103e-6
111000110101,0.004364508130476934,1.9048931220999266e-5
000100110101,0.0020087409110519684,4.035040047733892e-6
100100110101,0.001622226539475504,2.631618945378669e-6
010100110101,0.0008651983279286186,7.485681466504773e-7
110100110101,0.001957908622493194,3.833406174033196e-6
001100110101,0.0015467590841730155,2.3924636644717456e-6
101100110101,0.0017675968405815748,3.124398590833965e-6
011100110101,0.001880967450727934,3.5380385506979426e-6
111100110101,0.005460265796499115,2.9814502568418108e-5
000010110101,0.002285024617090099,5.221337500707755e-6
100010110101,0.0018067464075517032,3.2643325812009854e-6
010010110101,0.0008951295304135794,8.012568762184352e-7
110010110101,0.0019368991613666299,3.751578361302754e-6
001010110101,0.0009009060341858536,8.116316824324825e-7
101010110101,0.0009798932300772206,9.601907423511687e-7
011010110101,0.0009798932304974383,9.601907431747055e-7
111010110101,0.0028033102532203126,7.858548375810132e-6
000110110101,0.0018491358168726785,3.4193032692413882e-6
100110110101,0.0017675968411819001,3.1243985929562317e-6
010110110101,0.0009938389496026534,9.87715857747305e-7
110110110101,0.002619185265422456,6.8601314546061035e-6
001110110101,0.0019879488369731278,3.95194057842281e-6
101110110101,0.0026279342800211683,6.906038580110377e-6
011110110101,0.0028456996628106516,8.098006570920656e-6
111110110101,0.008853476654055578,7.838404886390716e-5
000001110101,0.005220037221136225,2.7248788590047606e-5
100001110101,0.004097463942824618,1.6789210762747862e-5
010001110101,0.0019820384014727064,3.9284762249124805e-6
110001110101,0.00420830237068972,1.7709808843152716e-5
001001110101,0.001849135818073686,3.4193032736830405e-6
101001110101,0.00193689916019696,3.751578356771689e-6
011001110101,0.0018809674500414792,3.538038548115544e-6
111001110101,0.005272147176515227,2.7795535850837488e-5
000101110101,0.00210864428048868,4.446380701637622e-6
100101110101,0.0019579086193066268,3.83340616155518e-6
010101110101,0.0010698360068323797,1.1445490815150516e-6
110101110101,0.0027520627728469674,7.5738495056901384e-6
001101110101,0.002008740909650253,4.035040042102525e-6
101101110101,0.002619185268478811,6.860131470616421e-6
011101110101,0.0028032262739420316,7.858077542918926e-6
111101110101,0.008697270893705245,7.564252099849244e-5
000011110101,0.004937098844813382,2.4374945003457628e-5
100011110101,0.004364508131405123,1.9048931229101444e-5
010011110101,0.0021780432304354244,4.74387231364558e-6
110011110101,0.0052721471757742645,2.7795535843024558e-5
001011110101,0.0022850246165554322,5.221337498264301e-6
101011110101,0.002803310249619649,7.858548355622577e-6
011011110101,0.0028456996631892498,8.09800657307541e-6
111011110101,0.008663812761121539,7.506165155977244e-5
000111110101,0.00522003722129026,2.7248788591655742e-5
100111110101,0.0054602657965723955,2.981450256921837e-5
010111110101,0.003105603006435733,9.644770033582663e-6
110111110101,0.008697270894499181,7.56425210123026e-5
001111110101,0.006299900699194047,3.968874881970564e-5
101111110101,0.00885347665442059,7.83840488703704e-5
011111110101,0.00958012767559541,9.177884628070911e-5
111111110101,0.030634086444433543,0.0009384472522850269
000000001101,0.019084888564153975,0.0003642329715061751
100000001101,0.013069180864471057,0.00017080348846825643
010000001101,0.006299900699008775,3.968874881737125e-5
110000001101,0.011102005372354127,0.00012325452328777988
001000001101,0.005708927883682742,3.2591857581090316e-5
101000001101,0.0047985419872571475,2.3026005203469772e-5
011000001101,0.0044933861997124925,2.0190519539766678e-5
111000001101,0.010611949132508312,0.00011261346439094394
000100001101,0.005585988541794774,3.12032679890625e-5
100100001101,0.0041703812888034065,1.7392080094001563e-5
010100001101,0.002178043230413093,4.743872313548302e-6
110100001101,0.004477044380658209,2.0043926386383248e-5
001100001101,0.0037868071356831545,1.4339908282860856e-5
101100001101,0.0038878473962663026,1.5115357376654669e-5
011100001101,0.004097463942469737,1.6789210759839636e-5
111100001101,0.011142831773473685,0.00012416269993193469
000010001101,0.005601006231172191,3.137127080162971e-5
100010001101,0.004060028525059589,1.648383162429754e-5
010010001101,0.0019879488365740078,3.95194057683595e-6
110010001101,0.0038438573646006656,1.4775239439394774e-5
001010001101,0.001936899161302366,3.7515783610538086e-6
101010001101,0.0018491358175207336,3.419303271638072e-6
011010001101,0.0018067464073972458,3.264332580642855e-6
111010001101,0.004747622624481791,2.2539920584491364e-5
000110001101,0.003676914031006214,1.3519696791410367e-5
100110001101,0.0031317526608885976,9.807874728982811e-6
010110001101,0.0017221350579853896,2.965749157942341e-6
110110001101,0.004119461926028049,1.696996655999472e-5
001110001101,0.003385887411749579,1.1464233565044263e-5
101110001101,0.004042855642998901,1.634468175012806e-5
011110001101,0.004364508130438891,1.9048931220667185e-5
111110001101,0.012914722159882921,0.000166790048466971
000001001101,0.005774107161853166,3.3340313516564024e-5
100001001101,0.004170381287874704,1.7392080086255477e-5
010001001101,0.0020087409109504012,4.035040047325847e-6
110001001101,0.0038306471293240124,1.4673857429398297e-5
001001001101,0.0018445380119487208,3.40232047752374e-6
101001001101,0.0017068378886607304,2.9132955781678196e-6
011001001101,0.0016222265394353842,2.631618945248502e-6
111001001101,0.00417038128771789,1.739208008494753e-5
000101001101,0.0019579086215799927,3.833406170457266e-6
100101001101,0.001622226539248877,2.631618944643388e-6
010101001101,0.0008651983282323082,7.485681471759808e-7
110101001101,0.0020087409098034008,4.035040042717794e-6
001101001101,0.0015710630394895908,2.4682390740502714e-6
101101001101,0.0018445380124502218,3.402320479373815e-6
011101001101,0.0019579086214096646,3.833406169790292e-6
111101001101,0.005774107162087763,3.33403135192732e-5
000011001101,0.003866577924904525,1.4950424849358982e-5
100011001101,0.003131752661487458,9.807874732733776e-6
010011001101,0.001546759084483173,2.3924636654312234e-6
110011001101,0.003431867825737748,1.1777716773333936e-5
001011001101,0.0015802320111377216,2.497133209024368e-6
101011001101,0.0017675968406926797,3.1243985912267424e-6
011011001101,0.0017675968408510532,3.1243985917866236e-6
111011001101,0.005140951768377472,2.6429385084783462e-5
000111001101,0.0034510666899115416,1.1909861298217003e-5
100111001101,0.0033539091190116065,1.1248706378589212e-5
010111001101,0.0018809674504823284,3.53803854977399e-6
110111001101,0.005018012426489475,2.518044871240279e-5
001111001101,0.0037868071355092073,1.4339908281543447e-5
101111001101,0.005062530631367644,2.5629216393535674e-5
011111001101,0.00546026579674829,2.981450257113924e-5
111111001101,0.01710301018297692,0.00029251295731901224
000000101101,0.0065485627861339105,4.288367456393793e-5
100000101101,0.004798541986950184,2.302600520052382e-5
010000101101,0.002285024616884989,5.221337499770391e-6
110000101101,0.004413640934334196,1.9480226297230436e-5
001000101101,0.0020646726211763305,4.262873032635138e-6
101000101101,0.0019246032713343797,3.7040977520309956e-6
011000101101,0.0018067464074218976,3.2643325807319337e-6
111000101101,0.0046696639175897,2.1805761103239178e-5
000100101101,0.002064672621176343,4.262873032635191e-6
100100101101,0.0017068378888412227,2.913295578783962e-6
010100101101,0.0008951295304092935,8.012568762107621e-7
110100101101,0.002064672620436767,4.262873029581226e-6
001100101101,0.0015802320110106277,2.4971332086226924e-6
101100101101,0.0018445380125902777,3.402320479890492e-6
011100101101,0.0019368991608494398,3.751578359299264e-6
111100101101,0.005708927883943383,3.2591857584066274e-5
000010101101,0.0022850246168849443,5.221337499770187e-6
100010101101,0.0018491358168225404,3.4193032690559642e-6
010010101101,0.0009009060344163532,8.116316828477993e-7
110010101101,0.0019879488365344977,3.951940576678862e-6
001010101101,0.000895129530409311,8.012568762107936e-7
101010101101,0.0009938389505190649,9.87715859568836e-7
011010101101,0.0009798932315882402,9.601907453124443e-7
111010101101,0.002845699662641708,8.098006569959132e-6
000110101101,0.001806746407421886,3.264332580731892e-6
100110101101,0.0017675968412146715,3.1243985930720846e-6
010110101101,0.0009798932315882496,9.601907453124628e-7
110110101101,0.0026279342801485504,6.90603858077988e-6
001110101101,0.0019368991608494264,3.7515783592992124e-6
101110101101,0.002619185265848952,6.860131456840245e-6
011110101101,0.0028033102530001216,7.858548374575605e-6
111110101101,0.00885347665389679,7.838404886109551e-5
000001101101,0.004798541986950014,2.3026005200522185e-5
100001101101,0.0038878473966297614,1.5115357379480813e-5
010001101101,0.0018491358168225202,3.4193032690558897e-6
110001101101,0.004042855642149593,1.6344681743260794e-5
001001101101,0.0017068378888411553,2.913295578783732e-6
101001101101,0.0018445380135202736,3.4023204833213176e-6
011001101101,0.0017675968412146558,3.124398593072029e-6
111001101101,0.005062530631434839,2.562921639421603e-5
000101101101,0.0019246032713343315,3.70409775203081e-6
100101101101,0.0018445380135202875,3.402320483321369e-6
010101101101,0.0009938389505190228,9.877158595687525e-7
110101101101,0.0026191852684464044,6.860131470446665e-6
001101101101,0.0018445380125902673,3.4023204798904534e-6
101101101101,0.002476862259046344,6.1348466502881595e-6
011101101101,0.002619185265848953,6.860131456840252e-6
111101101101,0.008275775658845132,6.848846275553357e-5
000011101101,0.004413640934334004,1.948022629722874e-5
100011101101,0.004042855642149536,1.634468174326034e-5
010011101101,0.0019879488365344674,3.951940576678741e-6
110011101101,0.004954608979648525,2.4548150141213796e-5
001011101101,0.0020646726204367346,4.2628730295810915e-6
101011101101,0.0026191852684464252,6.860131470446774e-6
011011101101,0.0026279342801485217,6.9060385807797305e-6
111011101101,0.008165882553436034,6.668163787651099e-5
000111101101,0.0046696639175896155,2.1805761103238392e-5
100111101101,0.005062530631434816,2.5629216394215794e-5
010111101101,0.002845699662641704,8.098006569959108e-6
110111101101,0.008165882553436053,6.66816378765113e-5
001111101101,0.0057089278839433585,3.2591857584065996e-5
101111101101,0.008275775658845134,6.84884627555336e-5
011111101101,0.008853476653896809,7.838404886109585e-5
111111101101,0.028829437039097988,0.000831136439991315
000000011101,0.014873830270745356,0.0002212308269229409
100000011101,0.011102005372158604,0.0001232545232834385
010000011101,0.005220037221520855,2.7248788594063172e-5
110000011101,0.010253463525249504,0.000105133514263622
001000011101,0.004669663917534635,2.1805761102724914e-5
101000011101,0.004413640934029966,1.9480226294544914e-5
011000011101,0.004097463942407516,1.678921075932974e-5
111000011101,0.010693086455647878,0.00011434209794796008
000100011101,0.004591876522539548,2.1085329998249896e-5
100100011101,0.003830647128863104,1.4673857425867142e-5
010100011101,0.0019820384014688623,3.9284762248972416e-6
110100011101,0.0045918765226069195,2.108532999886862e-5
001100011101,0.003451066689901492,1.1909861298147638e-5
101100011101,0.004042855642980328,1.6344681749977884e-5
011100011101,0.004208302370263536,1.7709808839565694e-5
111100011101,0.012446015192846386,0.00015490329418056307
000010011101,0.004747622624499106,2.2539920584655776e-5
100010011101,0.0038438573648076815,1.4775239440986252e-5
010010011101,0.0018491358168040363,3.419303268987531e-6
110010011101,0.004060028525049531,1.648383162421587e-5
001010011101,0.0018067464075777174,3.2643325812949874e-6
101010011101,0.0019879488366412643,3.951940577103355e-6
011010011101,0.0019368991610663648,3.751578360139588e-6
111010011101,0.005601006231223973,3.1371270802209766e-5
000110011101,0.0035294878266575636,1.245728431852393e-5
100110011101,0.003431867826098907,1.1777716775812838e-5
010110011101,0.001880967450653727,3.538038550418781e-6
110110011101,0.005018012426057143,2.5180448708063896e-5
001110011101,0.0036769140309557357,1.3519696791039158e-5
101110011101,0.004954608978688302,2.4548150131698742e-5
011110011101,0.005272147176613612,2.7795535851874887e-5
111110011101,0.016653264865575113,0.00027733123068299844
000001011101,0.0055238405843627105,3.0512814801452568e-5
100001011101,0.0044770443814792695,2.0043926393735094e-5
010001011101,0.002108644279642047,4.446380698067128e-6
110001011101,0.00459187652247722,2.108532999767749e-5
001001011101,0.0019246032719598138,3.704097754438421e-6
101001011101,0.0020646726214787886,4.2628730338840925e-6
011001011101,0.0019579086213403355,3.833406169518812e-6
111001011101,0.00558598854187106,3.120326798991477e-5
000101011101,0.0021086442795704183,4.446380697765049e-6
100101011101,0.002008740911066116,4.035040047790729e-6
010101011101,0.0010698360059787032,1.1445490796884638e-6
110101011101,0.0028032262738931324,7.858077542644774e-6
001101011101,0.0019579086214126335,3.8334061698019185e-6
101101011101,0.002619185265876818,6.860131456986219e-6
011101011101,0.002752062773992569,7.573849511995673e-6
111101011101,0.008697270893735433,7.564252099901755e-5
000011011101,0.004477044381504057,2.0043926393957044e-5
100011011101,0.004119461925455523,1.696996655527772e-5
010011011101,0.0020087409109600563,4.035040047364636e-6
110011011101,0.005018012426186595,2.5180448709363078e-5
001011011101,0.002064672621377094,4.26287303346416e-6
101011011101,0.0026279342800019797,6.906038580009524e-6
011011011101,0.002619185266062758,6.860131457960242e-6
111011011101,0.008165882554361443,6.668163789162457e-5
000111011101,0.004591876522556768,2.1085329998408037e-5
100111011101,0.00501801242612107,2.5180448708705472e-5
010111011101,0.002803226273673406,7.858077541412888e-6
110111011101,0.008088095159366386,6.541728330696597e-5
001111011101,0.005585988541838302,3.120326798954879e-5
101111011101,0.008165882554427678,6.66816378927063e-5
011111011101,0.008697270893765013,7.564252099953208e-5
111111011101,0.028470951431384315,0.0008105950754082445
000000111101,0.013083883753138351,0.00017118801406563772
100000111101,0.010611949132686772,0.00011261346439473155
010000111101,0.004937098844642526,2.4374945001770566e-5
110000111101,0.010693086455660144,0.00011434209794822242
001000111101,0.0044136409341138,1.948022629528494e-5
101000111101,0.004669663917490377,2.1805761102311575e-5
011000111101,0.0043645081304614424,1.904893122086404e-5
111000111101,0.012341269938708578,0.00015230694370007203
000100111101,0.00447704438151952,2.0043926394095503e-5
100100111101,0.00417038128781262,1.739208008573765e-5
010100111101,0.0021780432308594368,4.743872315492614e-6
110100111101,0.005585988541714501,3.120326798816569e-5
001100111101,0.003866577924976675,1.495042484991693e-5
101100111101,0.005062530631382871,2.5629216393689854e-5
011100111101,0.005272147176628781,2.7795535852034827e-5
111100111101,0.016524109027145104,0.0002730461791409783
000010111101,0.005251468382764174,2.7577920175171774e-5
100010111101,0.0047476226245013395,2.2539920584676983e-5
010010111101,0.002285024616875279,5.221337499726016e-6
110010111101,0.005601006231168264,3.137127080158571e-5
001010111101,0.002285024617098158,5.221337500744584e-6
101010111101,0.0028456996627815776,8.098006570755185e-6
011010111101,0.0028033102532164247,7.858548375788334e-6
111010111101,0.008663812759947794,7.506165153943421e-5
000110111101,0.004747622624514457,2.2539920584801534e-5
100110111101,0.005140951768084297,2.642938508176906e-5
010110111101,0.002845699662696547,8.098006570271243e-6
110110111101,0.008165882554555224,6.668163789478934e-5
001110111101,0.005601006231193358,3.1371270801866827e-5
101110111101,0.008165882554425108,6.668163789266432e-5
011110111101,0.008663812759930792,7.506165153913961e-5
111110111101,0.028366206177167032,0.000804641652885549
000001111101,0.012571057243481006,0.00015803148021887627
100001111101,0.01114283177312355,0.0001241626999241317
010001111101,0.005220037221516813,2.7248788594020973e-5
110001111101,0.012446015192877585,0.00015490329418133965
001001111101,0.00479854198654373,2.302600519662305e-5
101001111101,0.005708927883828208,3.259185758275122e-5
011001111101,0.00546026579679968,2.981450257170044e-5
111001111101,0.016524109027131192,0.0002730461791405185
000101111101,0.005523840584234834,3.0512814800039826e-5
100101111101,0.0057741071621360525,3.334031351983086e-5
010101111101,0.003105603006096797,9.644770031477461e-6
110101111101,0.008697270893722693,7.564252099879594e-5
001101111101,0.005774107162108446,3.334031351951205e-5
101101111101,0.008275775658824338,6.848846275518939e-5
011101111101,0.008697270893726732,7.564252099886619e-5
111101111101,0.028341121758253637,0.0008032191825161578
000011111101,0.013083883753070418,0.00017118801406386004
100011111101,0.012914722159892823,0.00016679004846722675
010011111101,0.006299900699010084,3.968874881738774e-5
110011111101,0.016653264865632126,0.00027733123068489736
001011111101,0.006548562786282575,4.2883674565885e-5
101011111101,0.00885347665443899,7.838404887069621e-5
011011111101,0.008853476653778362,7.838404885899851e-5
111011111101,0.028366206177052926,0.0008046416528790756
000111111101,0.014873830270790405,0.000221230826924281
100111111101,0.017103010183102292,0.0002925129573233007
010111111101,0.009580127675754694,9.177884628376103e-5
110111111101,0.028470951431315377,0.0008105950754043191
001111111101,0.019084888564035934,0.0003642329715016695
101111111101,0.0288294370386836,0.000831136439967422
011111111101,0.030634086444795768,0.0009384472523072197
111111111101,0.10172898839721006,0.0103487870803197
000000000011,0.05828488347145458,0.0033971276412810393
100000000011,0.042304041507745346,0.0017896319278890413
010000000011,0.019084888564034563,0.0003642329715016172
110000000011,0.034880555320393594,0.001216653139459038
001000000011,0.017103010183126613,0.0002925129573241326
101000000011,0.014873830270694723,0.00022123082692143467
011000000011,0.013069180864780225,0.00017080348847633758
111000000011,0.03139936057531516,0.0009859198445386556
000100000011,0.016653264865521312,0.0002773312306812065
100100000011,0.012914722159544693,0.00016679004845823476
010100000011,0.006299900699204159,3.968874881983304e-5
110100000011,0.013083883753873217,0.00017118801408486748
001100000011,0.01075158714661059,0.00011559662617116204
101100000011,0.011102005372370327,0.0001232545232881396
011100000011,0.011102005372043314,0.0001232545232808786
111100000011,0.030363688584842206,0.0009219535844772768
000010000011,0.016524109027148154,0.0002730461791410791
100010000011,0.012446015192834892,0.00015490329418027694
010010000011,0.005708927883947196,3.2591857584109805e-5
110010000011,0.011142831773486617,0.0001241626999322229
001010000011,0.005460265796499206,2.98145025684191e-5
101010000011,0.005220037221065617,2.724878858931045e-5
011010000011,0.004798541986806026,2.302600519914032e-5
111010000011,0.01257105724330523,0.00015803148021445687
000110000011,0.01017813492532846,0.00010359443055819099
100110000011,0.008711208074868948,7.588514612366197e-5
010110000011,0.004493386199497415,2.019051953783383e-5
110110000011,0.010611949132155197,0.00011261346438344946
001110000011,0.008711208074637065,7.588514611962201e-5
101110000011,0.010253463525237955,0.00010513351426338516
011110000011,0.010611949132716549,0.00011261346439536351
111110000011,0.0313993605753412,0.000985919844540291
000001000011,0.016524109027093652,0.0002730461791392779
100001000011,0.012341269938762268,0.00015230694370139722
010001000011,0.005585988541838842,3.120326798955483e-5
110001000011,0.010693086455583256,0.00011434209794657806
001001000011,0.0050625306314412005,2.562921639428044e-5
101001000011,0.00466966391752178,2.1805761102604855e-5
011001000011,0.0041703812877521415,1.739208008523321e-5
111001000011,0.010611949132695144,0.00011261346439490923
000101000011,0.005272147176661755,2.779553585238252e-5
100101000011,0.004364508130213194,1.904893121869707e-5
010101000011,0.002178043231025947,4.743872316217946e-6
110101000011,0.004937098844848658,2.4374945003805955e-5
001101000011,0.0038665779248995046,1.4950424849320159e-5
101101000011,0.004413640934311826,1.948022629703297e-5
011101000011,0.004477044381504911,2.0043926393964694e-5
111101000011,0.013083883753066123,0.00017118801406374763
000011000011,0.010048305252201677,0.0001009684384414238
100011000011,0.008132306918696897,6.613441581988542e-5
010011000011,0.0037868071355013407,1.433990828148387e-5
110011000011,0.008184134054765157,6.698005022636677e-5
001011000011,0.0037868071354928653,1.433990828141968e-5
101011000011,0.0040974639421438004,1.6789210757168612e-5
011011000011,0.003887847397178194,1.5115357383745256e-5
111011000011,0.011142831773241746,0.00012416269992676578
000111000011,0.008132306918612749,6.613441581851677e-5
100111000011,0.007720903193243392,5.961234611943601e-5
010111000011,0.0040974639423987215,1.6789210759257673e-5
110111000011,0.010693086455636314,0.00011434209794771279
001111000011,0.008184134054845587,6.698005022768327e-5
101111000011,0.01069308645565999,0.00011434209794821911
011111000011,0.011142831773141829,0.00012416269992453907
111111000011,0.03488055532059333,0.0012166531394729718
000000100011,0.01665326486556331,0.0002773312306826053
100000100011,0.01244601519298832,0.00015490329418409607
010000100011,0.0056010062311933565,3.1371270801866806e-5
110000100011,0.010693086455590002,0.00011434209794672234
001000100011,0.0050180124261004645,2.518044870849867e-5
101000100011,0.00459187652230129,2.108532999606179e-5
011000100011,0.004060028525012127,1.6483831623912144e-5
111000100011,0.010253463525328691,0.00010513351426524588
000100100011,0.0049546089786947824,2.4548150131762954e-5
100100100011,0.004042855642515298,1.634468174621778e-5
010100100011,0.0019879488369943864,3.951940578507332e-6
110100100011,0.004413640934184387,1.9480226295908027e-5
001100100011,0.0034318678260246466,1.1777716775303132e-5
101100100011,0.0038306471293656384,1.4673857429717205e-5
011100100011,0.0038438573647643056,1.4775239440652791e-5
111100100011,0.011102005372043651,0.00012325452328088607
000010100011,0.005272147176628697,2.779553585203395e-5
100010100011,0.004208302370261847,1.7709808839551478e-5
010010100011,0.0019368991608282194,3.7515783592170604e-6
110010100011,0.004097463942471832,1.678921075985681e-5
001010100011,0.0018809674507556844,3.5380385508023377e-6
101010100011,0.0019820384012011268,3.928476223835918e-6
011010100011,0.0018491358170315687,3.4193032698290076e-6
111010100011,0.005220037221524162,2.7248788594097697e-5
000110100011,0.003676914030959048,1.3519696791063517e-5
100110100011,0.0034510666900473383,1.1909861299154291e-5
010110100011,0.001806746407551472,3.2643325812001502e-6
110110100011,0.004669663917452982,2.1805761101962327e-5
001110100011,0.0035294878266424797,1.2457284318417455e-5
101110100011,0.004591876522464131,2.1085329997557284e-5
011110100011,0.004747622624469614,2.253992058437574e-5
111110100011,0.014873830270776576,0.00022123082692386962
000001100011,0.010178134925359145,0.00010359443055881562
100001100011,0.008132306918507035,6.613441581679738e-5
010001100011,0.0036769140309601688,1.3519696791071757e-5
110001100011,0.007720903192995347,5.961234611560573e-5
001001100011,0.0033539091190067528,1.1248706378556654e-5
101001100011,0.0034510666904393693,1.1909861301860141e-5
011001100011,0.0031317526613318576,9.807874731759172e-6
111001100011,0.008711208074628845,7.588514611947879e-5
000101100011,0.0036769140307794513,1.3519696789742792e-5
100101100011,0.003385887412131578,1.1464233567631076e-5
010101100011,0.0017221350578857254,2.9657491575990706e-6
110101100011,0.004364508131403076,1.9048931229083575e-5
001101100011,0.003131752661523601,9.807874732960158e-6
101101100011,0.004042855642145862,1.634468174323063e-5
011101100011,0.004119461925448558,1.6969966555220335e-5
111101100011,0.012914722159897904,0.000166790048467358
000011100011,0.008132306918698654,6.6134415819914e-5
100011100011,0.007232587912565331,5.231032791298614e-5
010011100011,0.003385887411746181,1.1464233565021254e-5
110011100011,0.008132306918877605,6.613441582282455e-5
001011100011,0.0034510666896160683,1.1909861296177607e-5
101011100011,0.004208302370686771,1.7709808843127898e-5
011011100011,0.0040428556430068315,1.634468175019218e-5
111011100011,0.01244601519264996,0.0001549032941756736
000111100011,0.007720903193246386,5.961234611948224e-5
100111100011,0.008132306918657616,6.613441581924652e-5
010111100011,0.004364508130494347,1.9048931221151258e-5
110111100011,0.012341269938387562,0.00015230694369214854
001111100011,0.00871120807463273,7.588514611954649e-5
101111100011,0.012446015192882484,0.0001549032941814616
011111100011,0.012914722159981828,0.0001667900484695257
111111100011,0.0423040415077212,0.0017896319278869982
000000010011,0.017103010182977406,0.0002925129573190288
100000010011,0.012914722159883365,0.00016679004846698246
010000010011,0.005774107162087836,3.334031351927404e-5
110000010011,0.011142831773473784,0.0001241626999319369
001000010011,0.005140951768377513,2.6429385084783882e-5
101000010011,0.004747622624481843,2.253992058449186e-5
011000010011,0.004170381287717916,1.7392080084947746e-5
111000010011,0.010611949132508276,0.00011261346439094317
000100010011,0.0050180124264895005,2.5180448712403045e-5
100100010011,0.00411946192602802,1.6969966559994483e-5
010100010011,0.0020087409098036376,4.035040042718745e-6
110100010011,0.004477044380658495,2.0043926386385806e-5
001100010011,0.0034318678257379146,1.177771677333508e-5
101100010011,0.003843857364600724,1.4775239439395223e-5
011100010011,0.003830647129323932,1.4673857429397682e-5
111100010011,0.011102005372353735,0.00012325452328777118
000010010011,0.005062530631367664,2.5629216393535877e-5
100010010011,0.004042855642998922,1.6344681750128225e-5
010010010011,0.001844538012450125,3.4023204793734584e-6
110010010011,0.003887847396266191,1.5115357376653802e-5
001010010011,0.001767596840692776,3.124398591227083e-6
101010010011,0.001849135817520735,3.4193032716380773e-6
011010010011,0.0017068378886608087,2.913295578168087e-6
111010010011,0.004798541987257045,2.3026005203468793e-5
000110010011,0.0033539091190116304,1.1248706378589371e-5
100110010011,0.003131752660888593,9.80787472898278e-6
010110010011,0.001622226539248932,2.6316189446435668e-6
110110010011,0.0041703812888032295,1.7392080094000085e-5
001110010011,0.003131752661487416,9.807874732733512e-6
101110010011,0.004060028525059482,1.6483831624296673e-5
011110010011,0.004170381287874532,1.7392080086254044e-5
111110010011,0.013069180864470452,0.00017080348846824063
000001010011,0.005460265796748279,2.9814502571139113e-5
100001010011,0.0043645081304389205,1.9048931220667443e-5
010001010011,0.0019579086214096173,3.8334061697901075e-6
110001010011,0.004097463942469658,1.678921075983899e-5
001001010011,0.0017675968408510318,3.1243985917865478e-6
101001010011,0.0018067464073972432,3.2643325806428453e-6
011001010011,0.0016222265394353701,2.6316189452484563e-6
111001010011,0.0044933861997123875,2.0190519539765736e-5
000101010011,0.0018809674504823004,3.5380385497738847e-6
100101010011,0.0017221350579853711,2.9657491579422773e-6
010101010011,0.0008651983282323466,7.485681471760474e-7
110101010011,0.0021780432304131236,4.7438723135484355e-6
001101010011,0.0015467590844831848,2.39246366543126e-6
101101010011,0.001987948836573983,3.951940576835852e-6
011101010011,0.0020087409109503414,4.035040047325607e-6
111101010011,0.006299900699008475,3.968874881736747e-5
000011010011,0.003786807135509097,1.4339908281542613e-5
100011010011,0.0033858874117495092,1.146423356504379e-5
010011010011,0.0015710630394894871,2.4682390740499457e-6
110011010011,0.0037868071356830023,1.4339908282859704e-5
001011010011,0.001580232011137736,2.4971332090244135e-6
101011010011,0.0019368991613022783,3.7515783610534693e-6
011011010011,0.0018445380119486846,3.402320477523606e-6
111011010011,0.005708927883682457,3.2591857581087056e-5
000111010011,0.003451066689911477,1.1909861298216558e-5
100111010011,0.003676914031006102,1.3519696791409543e-5
010111010011,0.001957908621579959,3.833406170457134e-6
110111010011,0.005585988541794424,3.120326798905859e-5
001111010011,0.003866577924904462,1.4950424849358496e-5
101111010011,0.005601006231171995,3.1371270801627516e-5
011111010011,0.0057741071618529665,3.334031351656172e-5
111111010011,0.01908488856415298,0.00036423297150613707
000000110011,0.010751587146628872,0.00011559662617155515
100000110011,0.008711208074509298,7.5885146117396e-5
010000110011,0.003866577924984876,1.495042484998035e-5
110000110011,0.008184134054765278,6.698005022636874e-5
001000110011,0.0034318678260089395,1.1777716775195324e-5
101000110011,0.0035294878269643845,1.2457284320689774e-5
011000110011,0.0031317526613642882,9.807874731962302e-6
111000110011,0.008711208074575039,7.588514611854136e-5
000100110011,0.003431867826008963,1.1777716775195484e-5
100100110011,0.003131752661550186,9.807874733126672e-6
010100110011,0.0015467590840701347,2.392463664153482e-6
110100110011,0.003866577925217684,1.4950424851780691e-5
001100110011,0.002687691837259378,7.2236874120706905e-6
101100110011,0.0034318678256740013,1.1777716772896397e-5
011100110011,0.003431867826044301,1.1777716775438036e-5
111100110011,0.010751587146617914,0.00011559662617131952
000010110011,0.0038665779249847875,1.4950424849979665e-5
100010110011,0.0034510666899023918,1.190986129815385e-5
010010110011,0.0015802320111058413,2.4971332089236115e-6
110010110011,0.00378680713566212,1.433990828270155e-5
001010110011,0.001546759084070168,2.3924636641535847e-6
101010110011,0.0018809674505906135,3.5380385501813516e-6
011010110011,0.001767596841006275,3.1243985923353624e-6
111010110011,0.0054602657965947335,2.9814502569462313e-5
000110110011,0.0031317526613642587,9.807874731962117e-6
100110110011,0.003353909119020308,1.124870637864758e-5
010110110011,0.0017675968410062744,3.1243985923353603e-6
110110110011,0.005062530631180537,2.5629216391641203e-5
001110110011,0.0034318678260442754,1.177771677543786e-5
101110110011,0.005018012426202459,2.5180448709522293e-5
011110110011,0.0051409517681544935,2.6429385082490815e-5
111110110011,0.017103010183121548,0.00029251295732395934
000001110011,0.008711208074508845,7.588514611738811e-5
100001110011,0.0077209031934147975,5.9612346122082816e-5
010001110011,0.0034510666899023284,1.1909861298153413e-5
110001110011,0.008132306918885637,6.613441582295518e-5
001001110011,0.0031317526615500264,9.807874733125673e-6
101001110011,0.0036769140303957062,1.3519696786920797e-5
011001110011,0.0033539091190202415,1.1248706378647134e-5
111001110011,0.010178134925273835,0.00010359443055707903
000101110011,0.003529487826964264,1.2457284320688922e-5
100101110011,0.0036769140303957375,1.3519696786921026e-5
010101110011,0.0018809674505905136,3.5380385501809755e-6
110101110011,0.0052721471757515605,2.779553584278516e-5
001101110011,0.003431867825673947,1.1777716772896024e-5
101101110011,0.004954608979682188,2.454815014154737e-5
011101110011,0.00501801242620244,2.51804487095221e-5
111101110011,0.01665326486562772,0.0002773312306847506
000011110011,0.008184134054764794,6.698005022636083e-5
100011110011,0.00813230691888552,6.61344158229533e-5
010011110011,0.0037868071356620164,1.4339908282700765e-5
110011110011,0.010048305251815612,0.00010096843843366521
001011110011,0.003866577925217693,1.495042485178076e-5
101011110011,0.005272147175751601,2.779553584278559e-5
011011110011,0.0050625306311804594,2.562921639164042e-5
111011110011,0.01652410902752048,0.00027304617915338385
000111110011,0.008711208074574827,7.588514611853768e-5
100111110011,0.010178134925273787,0.00010359443055707804
010111110011,0.005460265796594717,2.9814502569462134e-5
110111110011,0.01652410902752051,0.0002730461791533847
001111110011,0.010751587146617784,0.00011559662617131672
101111110011,0.016653264865627727,0.00027733123068475083
011111110011,0.017103010183121516,0.00029251295732395826
111111110011,0.05828488347131782,0.0033971276412650972
000000001011,0.019084888564177817,0.00036423297150708515
100000001011,0.014873830270345726,0.00022123082691105284
010000001011,0.006548562786305154,4.288367456618072e-5
110000001011,0.01308388375387879,0.00017118801408501334
001000001011,0.005774107161571852,3.334031351331535e-5
101000001011,0.005523840584508418,3.0512814803062297e-5
011000001011,0.004798541986731543,2.30260051984255e-5
111000001011,0.012571057243070942,0.00015803148020856637
000100001011,0.00560100623114224,3.13712708012942e-5
100100001011,0.004747622626176115,2.253992060057939e-5
010100001011,0.002285024616407594,5.221337497588672e-6
110100001011,0.005251468380124873,2.757792014745136e-5
001100001011,0.003866577925199645,1.4950424851641193e-5
101100001011,0.004477044380600771,2.004392638586894e-5
011100001011,0.0044136409342170465,1.9480226296196324e-5
111100001011,0.013083883753878556,0.0001711880140850072
000010001011,0.00558598854171388,3.120326798815876e-5
100010001011,0.004591876522646418,2.1085329999231367e-5
010010001011,0.0020646726205219984,4.262873029933175e-6
110010001011,0.004477044380600671,2.004392638586805e-5
001010001011,0.0019579086224100852,3.833406173707757e-6
101010001011,0.002108644281237364,4.446380704795039e-6
011010001011,0.001924603272274648,3.7040977556502823e-6
111010001011,0.005523840584508264,3.05128148030606e-5
000110001011,0.003676914030970788,1.3519696791149848e-5
100110001011,0.0035294878257743807,1.2457284312289565e-5
010110001011,0.001806746408471822,3.264332584525828e-6
110110001011,0.004747622626176035,2.2539920600578624e-5
001110001011,0.0034510666896257545,1.1909861296244463e-5
101110001011,0.00459187652264642,2.108532999923138e-5
011110001011,0.004669663917341613,2.180576110092222e-5
111110001011,0.014873830270345254,0.0002212308269110388
000001001011,0.005708927883927117,3.259185758388056e-5
100001001011,0.0046696639173417,2.180576110092303e-5
010001001011,0.002064672621379431,4.262873033473811e-6
110001001011,0.004413640934216976,1.9480226296195704e-5
001001001011,0.0018445380115946943,3.4023204762177092e-6
101001001011,0.001924603272274705,3.7040977556505017e-6
011001001011,0.0017068378893164945,2.9132955804063854e-6
111001001011,0.0047985419867315774,2.3026005198425833e-5
000101001011,0.0019368991609183235,3.7515783595661057e-6
100101001011,0.0018067464084718108,3.2643325845257875e-6
010101001011,0.0008951295289668026,8.012568736283298e-7
110101001011,0.0022850246164075245,5.221337497588355e-6
001101001011,0.0015802320111645042,2.4971332091090134e-6
101101001011,0.0020646726205220127,4.262873029933234e-6
011101001011,0.002064672621379395,4.262873033473662e-6
111101001011,0.0065485627863050375,4.28836745661792e-5
000011001011,0.003786807135489694,1.433990828139566e-5
100011001011,0.0034510666896257615,1.190986129624451e-5
010011001011,0.0015802320111644973,2.4971332091089914e-6
110011001011,0.0038665779251995163,1.4950424851640197e-5
001011001011,0.0015710630397142015,2.4682390747560265e-6
101011001011,0.0019579086224100627,3.833406173707669e-6
011011001011,0.001844538011594664,3.402320476217597e-6
111011001011,0.005774107161571703,3.334031351331363e-5
000111001011,0.0033858874119058573,1.1464233566102544e-5
100111001011,0.003676914030970759,1.3519696791149635e-5
010111001011,0.0019368991609183595,3.7515783595662455e-6
110111001011,0.0056010062311421475,3.137127080129316e-5
001111001011,0.0037868071354897853,1.4339908281396353e-5
101111001011,0.005585988541713824,3.120326798815813e-5
011111001011,0.005708927883927093,3.259185758388028e-5
111111001011,0.019084888564177366,0.0003642329715070679
000000101011,0.006299900698857066,3.968874881545974e-5
100000101011,0.005220037221136289,2.7248788590048277e-5
010000101011,0.0022850246170900332,5.221337500707454e-6
110000101011,0.0049370988448135065,2.437494500345886e-5
001000101011,0.002008740911051926,4.035040047733721e-6
101000101011,0.002108644280488691,4.44638070163767e-6
011000101011,0.0018491358168727082,3.4193032692414983e-6
111000101011,0.005220037221290289,2.724878859165605e-5
000100101011,0.001987948836906069,3.951940578156191e-6
100100101011,0.0018491358180737147,3.4193032736831464e-6
010100101011,0.0009009060341857975,8.116316824323813e-7
110100101011,0.0022850246165554344,5.2213374982643104e-6
001100101011,0.0015467590841729392,2.3924636644715097e-6
101100101011,0.002008740909650252,4.035040042102522e-6
011100101011,0.0019879488369730844,3.951940578422638e-6
111100101011,0.0062999006991940375,3.968874881970552e-5
000010101011,0.0021780432308446587,4.74387231542824e-6
100010101011,0.001982038401472685,3.928476224912396e-6
010010101011,0.0008951295304135484,8.012568762183796e-7
110010101011,0.0021780432304354383,4.74387231364564e-6
001010101011,0.0008651983279285714,7.485681466503957e-7
101010101011,0.0010698360068324146,1.1445490815151263e-6
011010101011,0.0009938389496026367,9.87715857747272e-7
111010101011,0.0031056030064357076,9.644770033582506e-6
000110101011,0.0017221350577549973,2.9657491571488073e-6
100110101011,0.0018809674500414716,3.5380385481155157e-6
010110101011,0.0009798932304974314,9.60190743174692e-7
110110101011,0.0028456996631892554,8.098006573075442e-6
001110101011,0.001880967450727867,3.53803855069769e-6
101110101011,0.0028032262739420186,7.858077542918853e-6
011110101011,0.002845699662810629,8.098006570920528e-6
111110101011,0.009580127675595346,9.177884628070788e-5
000001101011,0.004493386199596164,2.019051953872126e-5
100001101011,0.0040974639428245285,1.678921076274713e-5
010001101011,0.0018067464075516276,3.2643325812007122e-6
110001101011,0.004364508131405156,1.9048931229101732e-5
001001101011,0.0016222265394753971,2.631618945378322e-6
101001101011,0.0019579086193065695,3.833406161554957e-6
011001101011,0.001767596841181849,3.1243985929560504e-6
111001101011,0.005460265796572314,2.981450256921748e-5
000101101011,0.0018067464081047366,3.2643325831993674e-6
100101101011,0.001936899160196927,3.7515783567715615e-6
010101101011,0.0009798932300771766,9.601907423510825e-7
110101101011,0.0028033102496196442,7.858548355622552e-6
001101101011,0.0017675968405815297,3.1243985908338055e-6
101101101011,0.002619185268478818,6.86013147061646e-6
011101101011,0.00262793428002114,6.906038580110229e-6
111101101011,0.008853476654420593,7.838404887037047e-5
000011101011,0.004097463942118411,1.6789210756960547e-5
100011101011,0.004208302370689642,1.770980884315206e-5
010011101011,0.0019368991613665596,3.751578361302482e-6
110011101011,0.005272147175774256,2.7795535843024466e-5
001011101011,0.0019579086224931004,3.8334061740328295e-6
101011101011,0.002752062772846967,7.573849505690136e-6
011011101011,0.0026191852654224015,6.860131454605817e-6
111011101011,0.008697270894499098,7.564252101230115e-5
000111101011,0.004364508130476757,1.9048931220997714e-5
100111101011,0.005272147176515093,2.7795535850836072e-5
010111101011,0.0028033102532202705,7.858548375809897e-6
110111101011,0.00866381276112148,7.50616515597714e-5
001111101011,0.005460265796499026,2.981450256841714e-5
101111101011,0.008697270893705264,7.564252099849278e-5
011111101011,0.008853476654055517,7.838404886390609e-5
111111101011,0.03063408644443345,0.0009384472522850211
000000011011,0.01306918086483101,0.00017080348847766503
100000011011,0.0111020053723565,0.00012325452328783258
010000011011,0.004798541986554914,2.302600519673038e-5
110000011011,0.010611949132173861,0.00011261346438384557
001000011011,0.004170381287672531,1.7392080084569197e-5
101000011011,0.004477044381462345,2.004392639358355e-5
011000011011,0.0038878473972137856,1.5115357384022007e-5
111000011011,0.011142831773413292,0.0001241626999305888
000100011011,0.004060028524731077,1.6483831621630007e-5
100100011011,0.003843857363843441,1.4775239433573447e-5
010100011011,0.0018491358180021374,3.419303273418434e-6
110100011011,0.0047476226260896835,2.25399205997587e-5
001100011011,0.00313175266150969,9.807874732873027e-6
101100011011,0.004119461926029556,1.6969966560007135e-5
011100011011,0.004042855642536467,1.634468174638895e-5
111100011011,0.01291472215956727,0.00016679004845881793
000010011011,0.00417038128782379,1.7392080085830812e-5
100010011011,0.0038306471288338923,1.4673857425643342e-5
010010011011,0.0017068378889075492,2.9132955790103794e-6
110010011011,0.004170381288818187,1.7392080094124843e-5
001010011011,0.0016222265394294547,2.6316189452292642e-6
101010011011,0.002008740909864826,4.035040042964569e-6
011010011011,0.0018445380121774426,3.402320478367512e-6
111010011011,0.0057741071614560175,3.3340313511977666e-5
000110011011,0.003131752661377306,9.807874732043839e-6
100110011011,0.0034318678267038047,1.1777716779964695e-5
010110011011,0.0017675968409514033,3.1243985921413805e-6
110110011011,0.005140951766709601,2.6429385067634568e-5
001110011011,0.003353909119028335,1.1248706378701422e-5
101110011011,0.005018012426037569,2.5180448707867445e-5
011110011011,0.005062530631345289,2.5629216393309333e-5
111110011011,0.017103010183460835,0.000292512957335565
000001011011,0.004798541986694876,2.3026005198073606e-5
100001011011,0.004413640934214815,1.9480226296176625e-5
010001011011,0.0019246032719613772,3.7040977544444385e-6
110001011011,0.004669663917450468,2.180576110193885e-5
001001011011,0.0017068378894842904,2.9132955809791864e-6
101001011011,0.002064672621393665,4.262873033532587e-6
011001011011,0.001844538011744438,3.402320476770125e-6
111001011011,0.005708927883858508,3.259185758309719e-5
000101011011,0.0018491358170121244,3.4193032697570974e-6
100101011011,0.001987948836128204,3.951940575063479e-6
010101011011,0.0009938389507541357,9.87715860036081e-7
110101011011,0.0028456996632319044,8.098006573318175e-6
001101011011,0.0017675968408384834,3.124398591742187e-6
101101011011,0.002627934280089029,6.906038580467044e-6
011101011011,0.0026191852660718933,6.860131458008095e-6
111101011011,0.008853476653778081,7.838404885899354e-5
000011011011,0.003887847397172141,1.5115357383698192e-5
100011011011,0.004042855643000293,1.6344681750139315e-5
010011011011,0.0018445380119468712,3.4023204775169163e-6
110011011011,0.005062530631164442,2.562921639147824e-5
001011011011,0.0018445380116146103,3.4023204762911805e-6
101011011011,0.0026191852655101924,6.8601314550656985e-6
011011011011,0.002476862261786724,6.1348466638632465e-6
111011011011,0.00827577565924973,6.84884627622303e-5
000111011011,0.004042855642807341,1.6344681748579158e-5
100111011011,0.004954608978707901,2.4548150131892953e-5
010111011011,0.002619185265887764,6.8601314570435585e-6
110111011011,0.008165882554518536,6.668163789419017e-5
001111011011,0.0050625306314386765,2.5629216394254883e-5
101111011011,0.008165882554550903,6.668163789471877e-5
011111011011,0.00827577565902758,6.848846275855336e-5
111111011011,0.028829437038717053,0.0008311364399693508
000000111011,0.011102005372107857,0.00012325452328231168
100000111011,0.01025346352539507,0.00010513351426660711
010000111011,0.004413640934106565,1.948022629522107e-5
110000111011,0.010693086455637081,0.00011434209794772918
001000111011,0.003830647129020823,1.4673857427075473e-5
101000111011,0.0045918765221913535,2.1085329995052164e-5
011000111011,0.004042855642805141,1.634468174856137e-5
111000111011,0.012446015192935382,0.00015490329418277836
000100111011,0.0038438573648122425,1.4775239441021316e-5
100100111011,0.004060028524677663,1.6483831621196275e-5
010100111011,0.001987948836992433,3.951940578499566e-6
110100111011,0.00560100623112224,3.1371270801070155e-5
001100111011,0.003431867825994644,1.1777716775097203e-5
101100111011,0.005018012426568852,2.518044871319942e-5
011100111011,0.004954608978680658,2.4548150131622997e-5
111100111011,0.016653264865511476,0.00027733123068087893
000010111011,0.00447704438151644,2.0043926394067927e-5
100010111011,0.0045918765225372955,2.1085329998229208e-5
010010111011,0.0020646726211030263,4.26287303233244e-6
110010111011,0.005585988541813059,3.1203267989266784e-5
001010111011,0.0020087409111242847,4.0350400480244216e-6
101010111011,0.0028032262735594037,7.85807754077374e-6
011010111011,0.0026191852662744803,6.860131459069322e-6
111010111011,0.008697270893809046,7.5642521000298e-5
000110111011,0.004119461925495129,1.6969966555604034e-5
100110111011,0.00501801242622461,2.5180448709744595e-5
010110111011,0.00262793427989121,6.906038579427335e-6
110110111011,0.008165882554501956,6.668163789391938e-5
001110111011,0.005018012426090621,2.5180448708399876e-5
101110111011,0.00808809515934597,6.541728330663572e-5
011110111011,0.00816588255439562,6.668163789218274e-5
111110111011,0.028470951431354845,0.0008105950754065665
000001111011,0.010611949132757802,0.00011261346439623908
100001111011,0.010693086455434098,0.00011434209794338814
010001111011,0.004669663917538412,2.1805761102760184e-5
110001111011,0.01234126993837846,0.00015230694369192387
001001111011,0.004170381287639719,1.7392080084295524e-5
101001111011,0.005585988542598361,3.120326799804016e-5
011001111011,0.005062530631366613,2.562921639352523e-5
111001111011,0.016524109027167076,0.00027304617914170444
000101111011,0.004747622624198064,2.2539920581797308e-5
100101111011,0.005601006231761823,3.137127080823477e-5
010101111011,0.0028456996627996035,8.098006570857778e-6
110101111011,0.008663812761148242,7.506165156023513e-5
001101111011,0.005140951768439098,2.6429385085417093e-5
101101111011,0.008165882553400852,6.668163787593642e-5
011101111011,0.008165882554347113,6.668163789139051e-5
111101111011,0.0283662061770574,0.0008046416528793294
000011111011,0.011142831773247014,0.00012416269992688317
100011111011,0.012446015192642452,0.00015490329417548672
010011111011,0.005708927883683251,3.259185758109612e-5
110011111011,0.016524109027520065,0.0002730461791533701
001011111011,0.0057741071615395245,3.334031351294202e-5
101011111011,0.008697270894516754,7.564252101260827e-5
011011111011,0.008275775659257564,6.848846276235997e-5
111011111011,0.02834112175782484,0.0008032191824918527
000111111011,0.012914722160021059,0.00016679004847053902
100111111011,0.016653264865608267,0.0002773312306841027
010111111011,0.008853476654022535,7.838404886332207e-5
110111111011,0.028366206176704926,0.0008046416528593327
001111111011,0.017103010183122026,0.0002925129573239757
101111111011,0.028470951431321577,0.0008105950754046721
011111111011,0.02882943703871825,0.0008311364399694197
111111111011,0.10172898839732633,0.010348787080343355
000000000111,0.04230404150762032,0.0017896319278784632
100000000111,0.034880555320536855,0.001216653139469032
010000000111,0.014873830270790154,0.00022123082692427352
110000000111,0.03139936057531509,0.0009859198445386513
001000000111,0.012914722160015633,0.00016679004847039886
101000000111,0.01308388375320654,0.00017118801406742205
011000000111,0.011102005372101785,0.0001232545232821769
111000000111,0.03036368858498765,0.0009219535844861091
000100000111,0.012446015192925807,0.00015490329418254
100100000111,0.011142831773424447,0.0001241626999308374
010100000111,0.005220037221290475,2.724878859165799e-5
110100000111,0.012571057243074876,0.0001580314802086653
001100000111,0.00871120807458401,7.588514611869768e-5
101100000111,0.010611949132498822,0.00011261346439074251
011100000111,0.010253463525326774,0.00010513351426520658
111100000111,0.03139936057531482,0.0009859198445386342
000010000111,0.012341269938706436,0.00015230694370001915
100010000111,0.01069308645565423,0.00011434209794809595
010010000111,0.004669663917584854,2.180576110319392e-5
110010000111,0.010611949132498667,0.00011261346439073923
001010000111,0.004364508130476571,1.9048931220996095e-5
101010000111,0.004937098844869795,2.4374945004014664e-5
011010000111,0.004413640934061989,1.948022629482759e-5
111010000111,0.01308388375320637,0.0001711880140674176
000110000111,0.00813230691862182,6.61344158186643e-5
100110000111,0.00818413405466898,6.698005022479252e-5
010110000111,0.004097463942457844,1.678921075974218e-5
110110000111,0.011142831773424273,0.00012416269993083352
001110000111,0.007720903193243171,5.9612346119432585e-5
101110000111,0.010693086455654243,0.0001143420979480962
011110000111,0.010693086455621802,0.00011434209794740241
111110000111,0.03488055532053617,0.0012166531394689842
000001000111,0.01244601519288549,0.00015490329418153643
100001000111,0.010693086455621923,0.00011434209794740501
010001000111,0.004591876522555944,2.108532999840047e-5
110001000111,0.01025346352532679,0.00010513351426520689
001001000111,0.004042855642807529,1.634468174858068e-5
101001000111,0.00441364093406206,1.9480226294828216e-5
011001000111,0.003830647129015933,1.4673857427038009e-5
111001000111,0.011102005372101802,0.00012325452328217727
000101000111,0.00420830237029314,1.7709808839814857e-5
100101000111,0.004097463942457906,1.6789210759742684e-5
010101000111,0.0019820384012982726,3.928476224221011e-6
110101000111,0.005220037221290425,2.7248788591657463e-5
001101000111,0.0034510666899119726,1.1909861298219978e-5
101101000111,0.00466966391758496,2.1805761103194916e-5
011101000111,0.004591876522556003,2.108532999840101e-5
111101000111,0.014873830270790176,0.0002212308269242742
000011000111,0.008132306918613058,6.61344158185218e-5
100011000111,0.007720903193243133,5.9612346119432e-5
010011000111,0.003451066689911879,1.1909861298219333e-5
110011000111,0.008711208074583872,7.588514611869525e-5
001011000111,0.0033858874119032044,1.146423356608458e-5
101011000111,0.004364508130476576,1.904893122099614e-5
011011000111,0.0040428556428075395,1.6344681748580764e-5
111011000111,0.012914722160015633,0.00016679004847039886
000111000111,0.007232587912702281,5.2310327914967145e-5
100111000111,0.00813230691862189,6.613441581866544e-5
010111000111,0.004208302370293144,1.7709808839814895e-5
110111000111,0.01244601519292572,0.00015490329418253783
001111000111,0.00813230691861331,6.61344158185259e-5
101111000111,0.012341269938706663,0.00015230694370002476
011111000111,0.01244601519288571,0.0001549032941815419
111111000111,0.042304041507620335,0.0017896319278784645
000000100111,0.012914722160021071,0.00016679004847053932
100000100111,0.01114283177312748,0.00012416269992421929
010000100111,0.004747622624516034,2.2539920584816513e-5
110000100111,0.010611949132696606,0.00011261346439494027
001000100111,0.004119461925500824,1.6969966555650956e-5
101000100111,0.004477044381555584,2.0043926394418426e-5
011000100111,0.0038438573648295524,1.477523944115439e-5
111000100111,0.011102005372100304,0.00012325452328214398
000100100111,0.00404285564280889,1.634468174859168e-5
100100100111,0.0038878473972203363,1.5115357384072945e-5
010100100111,0.0018491358168549175,3.4193032691757034e-6
110100100111,0.004798541986729301,2.3026005198403983e-5
001100100111,0.0031317526613620127,9.807874731948048e-6
101100100111,0.004170381287711012,1.7392080084890158e-5
011100100111,0.004060028525015704,1.648383162394119e-5
111100100111,0.013069180864781812,0.00017080348847637905
000010100111,0.004364508130464861,1.9048931220893875e-5
100010100111,0.0040974639424089365,1.6789210759341384e-5
010010100111,0.0018067464074378113,3.264332580789438e-6
110010100111,0.00449338619970541,2.0190519539703025e-5
001010100111,0.001722135057727756,2.9657491570549815e-6
101010100111,0.0021780432308986576,4.743872315663463e-6
011010100111,0.001987948836692471,3.951940577306948e-6
111010100111,0.006299900698887697,3.9688748815845685e-5
000110100111,0.0033858874118533814,1.146423356574719e-5
100110100111,0.0037868071354940623,1.4339908281428745e-5
010110100111,0.0019368991610771553,3.751578360181388e-6
110110100111,0.005708927883866822,3.259185758319211e-5
001110100111,0.0036769140309646045,1.3519696791104376e-5
101110100111,0.005585988541873597,3.1203267989943116e-5
011110100111,0.0056010062312232285,3.137127080220143e-5
111110100111,0.019084888564109566,0.00036423297150448003
000001100111,0.00871120807457692,7.588514611857416e-5
100001100111,0.00818413405483518,6.698005022751293e-5
010001100111,0.003529487826659562,1.2457284318538037e-5
110001100111,0.008711208074629481,7.588514611948988e-5
001001100111,0.0031317526613918387,9.807874732134865e-6
101001100111,0.0038665779249435054,1.4950424849660424e-5
011001100111,0.003431867826015042,1.177771677523721e-5
111001100111,0.010751587146605655,0.0001155966261710559
000101100111,0.0034510666899544877,1.1909861298513422e-5
100101100111,0.003786807135486633,1.4339908281372478e-5
010101100111,0.001880967450631468,3.5380385503350436e-6
110101100111,0.005460265796568646,2.9814502569177426e-5
001101100111,0.003353909118999816,1.1248706378510123e-5
101101100111,0.005062530631432157,2.562921639418888e-5
011101100111,0.005018012426124268,2.5180448708737565e-5
111101100111,0.017103010183102854,0.00029251295732331994
000011100111,0.007720903193248118,5.961234611950899e-5
100011100111,0.00813230691865652,6.613441581922869e-5
010011100111,0.003676914030994159,1.3519696791321714e-5
110011100111,0.010178134925275306,0.00010359443055710897
001011100111,0.0036769140309555258,1.3519696791037613e-5
101011100111,0.005272147176518902,2.7795535850876238e-5
011011100111,0.004954608978724078,2.454815013205325e-5
111011100111,0.01665326486560594,0.0002773312306840251
000111100111,0.008132306918618163,6.613441581860484e-5
100111100111,0.010048305252179555,0.00010096843844097924
010111100111,0.005272147176601104,2.7795535851742997e-5
110111100111,0.016524109027166063,0.00027304617914167094
001111100111,0.010178134925333733,0.00010359443055829834
101111100111,0.016524109027130026,0.00027304617914048
011111100111,0.016653264865559545,0.0002773312306824799
111111100111,0.058284883471434075,0.0033971276412786493
000000010111,0.014873830270839678,0.00022123082692574676
100000010111,0.013083883753153941,0.00017118801406604565
010000010111,0.005523840584249253,3.0512814800199122e-5
110000010111,0.01257105724330573,0.00015803148021446945
001000010111,0.004747622624237119,2.253992058216815e-5
101000010111,0.0052514683828739,2.7577920176324216e-5
011000010111,0.00447704438155317,2.0043926394396803e-5
111000010111,0.013083883753204895,0.000171188014067379
000100010111,0.004591876522238771,2.1085329995487637e-5
100100010111,0.0044770443814598805,2.0043926393561486e-5
010100010111,0.0021086442803863207,4.446380701205945e-6
110100010111,0.005523840584494636,3.051281480291004e-5
001100010111,0.003529487826926515,1.2457284320422453e-5
101100010111,0.0047476226244815125,2.253992058448872e-5
011100010111,0.004591876522327318,2.1085329996300822e-5
111100010111,0.014873830270699145,0.0002212308269215662
000010010111,0.004669663917499086,2.180576110239291e-5
100010010111,0.004413640934018854,1.9480226294446828e-5
010010010111,0.001924603271426545,3.7040977523857593e-6
110010010111,0.004798541987270105,2.3026005203594126e-5
001010010111,0.0018067464080327464,3.2643325829392317e-6
101010010111,0.0022850246167505674,5.221337499156078e-6
011010010111,0.0020646726217781967,4.2628730351204515e-6
111010010111,0.006548562785740034,4.288367455877927e-5
000110010111,0.0034510666899504674,1.1909861298485675e-5
100110010111,0.003866577925149423,1.4950424851252819e-5
010110010111,0.0019579086216214175,3.833406170619478e-6
110110010111,0.005774107161453544,3.3340313511949104e-5
001110010111,0.0036769140308000924,1.3519696789894582e-5
101110010111,0.005601006231222596,3.1371270802194344e-5
011110010111,0.005585988541755027,3.120326798861845e-5
111110010111,0.019084888564258353,0.0003642329715101592
000001010111,0.005220037221498774,2.724878859383264e-5
100001010111,0.0049370988446245335,2.4374945001592906e-5
010001010111,0.0021086442795676228,4.446380697753259e-6
110001010111,0.005220037221522198,2.724878859407719e-5
001001010111,0.0018491358170010692,3.4193032697162124e-6
101001010111,0.0022850246169550323,5.221337500090493e-6
011001010111,0.0020087409109904777,4.035040047486854e-6
111001010111,0.006299900698883808,3.968874881579669e-5
000101010111,0.0019820384014760844,3.9284762249258704e-6
100101010111,0.002178043230837666,4.743872315397779e-6
010101010111,0.0010698360060519595,1.1445490798452083e-6
110101010111,0.0031056030064670714,9.644770033777312e-6
001101010111,0.001880967450487141,3.5380385497920946e-6
101101010111,0.0028456996626080255,8.098006569767431e-6
011101010111,0.0028032262736781147,7.858077541439288e-6
111101010111,0.009580127675753424,9.17788462837367e-5
000011010111,0.00409746394239267,1.6789210759208078e-5
100011010111,0.00436450813049113,1.9048931221123177e-5
010011010111,0.0019579086215955627,3.833406170518236e-6
110011010111,0.0054602657965812755,2.9814502569315346e-5
001011010111,0.001936899160927911,3.7515783596032456e-6
101011010111,0.0028033102532625444,7.85854837604691e-6
011011010111,0.002619185265876722,6.860131456985716e-6
111011010111,0.008853476654024644,7.838404886335942e-5
000111010111,0.004208302370295013,1.7709808839830626e-5
100111010111,0.005272147176595274,2.779553585168152e-5
010111010111,0.0027520627737785464,7.573849510817667e-6
110111010111,0.008697270893816028,7.564252100041946e-5
001111010111,0.005272147176659268,2.77955358523563e-5
101111010111,0.008663812759945301,7.506165153939102e-5
011111010111,0.008697270893831557,7.564252100068959e-5
111111010111,0.030634086444725976,0.0009384472523029438
000000110111,0.011102005372107702,0.00012325452328230827
100000110111,0.010611949132758492,0.00011261346439625374
010000110111,0.004477044381516527,2.0043926394068703e-5
110000110111,0.01114283177324778,0.00012416269992690027
001000110111,0.0038438573648122117,1.4775239441021079e-5
101000110111,0.0047476226241982816,2.2539920581799375e-5
011000110111,0.004119461925495195,1.6969966555604576e-5
111000110111,0.012914722160021475,0.00016679004847054975
000100110111,0.003830647129020793,1.4673857427075245e-5
100100110111,0.004170381287639933,1.7392080084297303e-5
010100110111,0.002008740911124278,4.035040048024395e-6
110100110111,0.005774107161539675,3.334031351294377e-5
001100110111,0.00343186782599462,1.1777716775097037e-5
101100110111,0.005140951768439201,2.6429385085418147e-5
011100110111,0.005018012426090639,2.518044870840006e-5
111100110111,0.01710301018312226,0.0002925129573239837
000010110111,0.004413640934106368,1.9480226295219332e-5
100010110111,0.004669663917538505,2.180576110276106e-5
010010110111,0.0020646726211030106,4.262873032332376e-6
110010110111,0.005708927883683424,3.25918575810981e-5
001010110111,0.001987948836992405,3.9519405784994545e-6
101010110111,0.0028456996627996816,8.098006570858222e-6
011010110111,0.002627934279891206,6.906038579427312e-6
111010110111,0.008853476654022599,7.83840488633232e-5
000110110111,0.004042855642805054,1.6344681748560662e-5
100110110111,0.005062530631366691,2.5629216393526024e-5
010110110111,0.0026191852662744816,6.8601314590693284e-6
110110110111,0.00827577565925767,6.848846276236171e-5
001110110111,0.0049546089786806176,2.4548150131622594e-5
101110110111,0.00816588255434718,6.668163789139163e-5
011110110111,0.008165882554395626,6.668163789218282e-5
111110110111,0.02882943703871838,0.0008311364399694272
000001110111,0.010253463525394222,0.00010513351426658972
100001110111,0.01069308645543406,0.00011434209794338733
010001110111,0.00459187652253715,2.108532999822787e-5
110001110111,0.012446015192642672,0.0001549032941754922
001001110111,0.0040600285246774085,1.6483831621194212e-5
101001110111,0.005601006231761794,3.137127080823445e-5
011001110111,0.005018012426224524,2.5180448709743735e-5
111001110111,0.016653264865608378,0.0002773312306841064
000101110111,0.004591876522191091,2.1085329995049748e-5
100101110111,0.005585988542598362,3.120326799804017e-5
010101110111,0.002803226273559334,7.85807754077335e-6
110101110111,0.008697270894516796,7.5642521012609e-5
001101110111,0.005018012426568756,2.518044871319845e-5
101101110111,0.008165882553400877,6.668163787593681e-5
011101110111,0.008088095159345924,6.541728330663496e-5
111101110111,0.028470951431321657,0.0008105950754046766
000011110111,0.01069308645563623,0.00011434209794771096
100011110111,0.012341269938378231,0.00015230694369191823
010011110111,0.005585988541812867,3.120326798926464e-5
110011110111,0.016524109027520082,0.0002730461791533706
001011110111,0.0056010062311220524,3.1371270801068054e-5
101011110111,0.008663812761148217,7.506165156023471e-5
011011110111,0.008165882554501867,6.668163789391794e-5
111011110111,0.028366206176704923,0.0008046416528593325
000111110111,0.012446015192934931,0.00015490329418276714
100111110111,0.01652410902716698,0.0002730461791417012
010111110111,0.008697270893808992,7.564252100029707e-5
110111110111,0.02834112175782495,0.0008032191824918587
001111110111,0.01665326486551129,0.0002773312306808727
101111110111,0.028366206177057464,0.000804641652879333
011111110111,0.028470951431354818,0.0008105950754065649
111111110111,0.10172898839732661,0.010348787080343412
000000001111,0.03488055532059303,0.001216653139472951
100000001111,0.03139936057534171,0.0009859198445403233
010000001111,0.013083883753066001,0.00017118801406374446
110000001111,0.030363688584842397,0.0009219535844772884
001000001111,0.01114283177324162,0.000124162699926763
101000001111,0.012571057243305313,0.00015803148021445898
011000001111,0.01061194913269508,0.00011261346439490786
111000001111,0.03139936057531496,0.000985919844538643
000100001111,0.010693086455636238,0.00011434209794771115
100100001111,0.010611949132155258,0.00011261346438345075
010100001111,0.0049370988448487075,2.4374945003806443e-5
110100001111,0.013083883753873244,0.00017118801408486822
001100001111,0.008184134054765223,6.698005022636784e-5
101100001111,0.011142831773486633,0.00012416269993222325
011100001111,0.010693086455583062,0.00011434209794657392
111100001111,0.03488055532039287,0.0012166531394589876
000010001111,0.010693086455659582,0.0001143420979482104
100010001111,0.010253463525237812,0.00010513351426338224
010010001111,0.0044136409343116636,1.9480226297031535e-5
110010001111,0.011102005372370088,0.00012325452328813428
001010001111,0.004097463942143752,1.6789210757168212e-5
101010001111,0.005220037221065592,2.7248788589310196e-5
011010001111,0.00466966391752165,2.180576110260364e-5
111010001111,0.014873830270694307,0.0002212308269214223
000110001111,0.007720903193243184,5.961234611943279e-5
100110001111,0.008711208074868809,7.588514612365954e-5
010110001111,0.004364508130213045,1.904893121869577e-5
110110001111,0.012914722159544246,0.00016679004845822319
001110001111,0.008132306918696743,6.61344158198829e-5
101110001111,0.012446015192834585,0.0001549032941802693
011110001111,0.012341269938761864,0.00015230694370138725
111110001111,0.042304041507743695,0.0017896319278889016
000001001111,0.011142831773141352,0.00012416269992452845
100001001111,0.010611949132716488,0.00011261346439536223
010001001111,0.004477044381504739,2.004392639396315e-5
110001001111,0.011102005372043108,0.00012325452328087403
001001001111,0.003887847397178101,1.5115357383744535e-5
101001001111,0.004798541986806019,2.3026005199140254e-5
011001001111,0.004170381287752047,1.739208008523242e-5
111001001111,0.013069180864779978,0.00017080348847633113
000101001111,0.004097463942398617,1.6789210759256813e-5
100101001111,0.004493386199497409,2.0190519537833776e-5
010101001111,0.002178043231025929,4.743872316217869e-6
110101001111,0.006299900699204032,3.968874881983145e-5
001101001111,0.003786807135501307,1.4339908281483612e-5
101101001111,0.005708927883947123,3.259185758410898e-5
011101001111,0.005585988541838721,3.1203267989553474e-5
111101001111,0.019084888564033984,0.0003642329715015951
000011001111,0.008184134054845088,6.698005022767509e-5
100011001111,0.008711208074636746,7.588514611961646e-5
010011001111,0.0038665779248992903,1.4950424849318502e-5
110011001111,0.010751587146610184,0.00011559662617115331
001011001111,0.0037868071354927825,1.4339908281419051e-5
101011001111,0.005460265796499106,2.9814502568418013e-5
011011001111,0.005062530631441033,2.5629216394278745e-5
111011001111,0.017103010183125968,0.00029251295732411054
000111001111,0.008132306918612463,6.613441581851212e-5
100111001111,0.010178134925328182,0.00010359443055818533
010111001111,0.0052721471766615435,2.7795535852380287e-5
110111001111,0.01665326486552053,0.0002773312306811805
001111001111,0.010048305252201536,0.00010096843844142097
101111001111,0.016524109027147744,0.0002730461791410655
011111001111,0.016524109027093246,0.0002730461791392645
111111001111,0.05828488347145249,0.003397127641280796
000000101111,0.013083883753137711,0.00017118801406562097
100000101111,0.012571057243481336,0.00015803148021888456
010000101111,0.005251468382764132,2.7577920175171327e-5
110000101111,0.013083883753070952,0.00017118801406387402
001000101111,0.004477044381519348,2.0043926394093958e-5
101000101111,0.005523840584234899,3.0512814800040544e-5
011000101111,0.004747622624514403,2.2539920584801022e-5
111000101111,0.014873830270790627,0.0002212308269242876
000100101111,0.004413640934113623,1.9480226295283378e-5
100100101111,0.004798541986543813,2.3026005196623838e-5
010100101111,0.0022850246170981548,5.2213375007445695e-6
110100101111,0.00654856278628266,4.288367456588611e-5
001100101111,0.003866577924976609,1.4950424849916421e-5
101100101111,0.005774107162108535,3.3340313519513074e-5
011100101111,0.005601006231193317,3.137127080186636e-5
111100101111,0.019084888564036027,0.0003642329715016731
000010101111,0.004937098844642197,2.437494500176732e-5
100010101111,0.005220037221516785,2.7248788594020685e-5
010010101111,0.0022850246168751973,5.221337499725643e-6
110010101111,0.006299900699010118,3.9688748817388166e-5
001010101111,0.002178043230859388,4.743872315492402e-6
101010101111,0.0031056030060968697,9.644770031477914e-6
011010101111,0.0028456996626965115,8.09800657027104e-6
111010101111,0.009580127675754713,9.17788462837614e-5
000110101111,0.0043645081304612395,1.9048931220862267e-5
100110101111,0.005460265796799684,2.9814502571700486e-5
010110101111,0.00280331025321642,7.858548375788307e-6
110110101111,0.008853476653778452,7.838404885900011e-5
001110101111,0.00527214717662868,2.7795535852033766e-5
101110101111,0.00869727089372673,7.564252099886615e-5
011110101111,0.008663812759930714,7.506165153913827e-5
111110101111,0.030634086444795705,0.0009384472523072159
000001101111,0.010611949132685724,0.0001126134643947093
100001101111,0.011142831773123373,0.00012416269992412778
010001101111,0.00474762262450112,2.25399205846749e-5
110001101111,0.012914722159892936,0.00016679004846722965
001001101111,0.004170381287812281,1.739208008573482e-5
101001101111,0.005774107162135911,3.334031351982923e-5
011001101111,0.005140951768084178,2.642938508176784e-5
111001101111,0.017103010183102327,0.0002925129573233019
000101101111,0.0046696639174899955,2.180576110230801e-5
100101101111,0.005708927883828091,3.259185758274989e-5
010101101111,0.002845699662781511,8.098006570754806e-6
110101101111,0.008853476654438891,7.838404887069447e-5
001101101111,0.005062530631382811,2.5629216393689237e-5
101101101111,0.008275775658824397,6.848846275519037e-5
011101101111,0.008165882554425012,6.668163789266276e-5
111101101111,0.028829437038683632,0.0008311364399674237
000011101111,0.010693086455659223,0.00011434209794820271
100011101111,0.012446015192877281,0.0001549032941813321
010011101111,0.005601006231167965,3.137127080158237e-5
110011101111,0.016653264865631966,0.00027733123068489205
001011101111,0.005585988541714072,3.1203267988160904e-5
101011101111,0.008697270893722466,7.564252099879199e-5
011011101111,0.008165882554555177,6.668163789478858e-5
111011101111,0.028470951431315412,0.000810595075404321
000111101111,0.012341269938707999,0.00015230694370005772
100111101111,0.01652410902713101,0.0002730461791405125
010111101111,0.00866381275994772,7.506165153943292e-5
110111101111,0.02836620617705302,0.0008046416528790809
001111101111,0.01652410902714489,0.0002730461791409712
101111101111,0.028341121758253658,0.000803219182516159
011111101111,0.028366206177166904,0.0008046416528855418
111111101111,0.10172898839721013,0.010348787080319714
000000011111,0.03139936057517727,0.0009859198445299963
100000011111,0.03036368858498704,0.0009219535844860723
010000011111,0.01257105724347637,0.0001580314802187597
110000011111,0.03139936057533694,0.0009859198445400234
001000011111,0.010611949132747458,0.00011261346439601954
101000011111,0.01308388375315132,0.00017118801406597708
011000011111,0.011142831773129093,0.00012416269992425523
111000011111,0.03488055532053994,0.0012166531394692474
000100011111,0.010253463525377364,0.00010513351426624401
100100011111,0.011102005372353391,0.00012325452328776354
010100011111,0.00522003722116373,2.724878859033476e-5
110100011111,0.014873830270369873,0.00022123082691177117
001100011111,0.00871120807452215,7.588514611761993e-5
101100011111,0.012914722159885372,0.0001667900484670343
011100011111,0.01244601519298028,0.00015490329418389596
111100011111,0.04230404150773749,0.0017896319278883769
000010011111,0.010611949132682737,0.00011261346439464591
100010011111,0.011102005372166405,0.00012325452328361172
010010011111,0.004798541986927517,2.3026005200306283e-5
110010011111,0.013069180864463917,0.0001708034884680698
001010011111,0.004493386199609775,2.0190519538843582e-5
101010011111,0.006299900699172913,3.9688748819439354e-5
011010011111,0.005708927883713239,3.259185758143852e-5
111010011111,0.019084888564259425,0.0003642329715102001
000110011111,0.008711208074580883,7.588514611864318e-5
100110011111,0.010751587146438892,0.00011559662616746999
010110011111,0.00546026579667412,2.9814502570329255e-5
110110011111,0.017103010183461515,0.0002925129573355883
001110011111,0.010178134925352923,0.00010359443055868896
101110011111,0.016653264865579546,0.0002773312306831461
011110011111,0.01652410902713473,0.00027304617914063547
111110011111,0.05828488347134759,0.0033971276412685675
000001011111,0.012571057243432661,0.00015803148021766077
100001011111,0.013083883753124158,0.0001711880140652663
010001011111,0.005523840584362647,3.051281480145187e-5
110001011111,0.014873830270775159,0.00022123082692382745
001001011111,0.004798541986695872,2.302600519808316e-5
101001011111,0.00654856278605057,4.288367456284641e-5
011001011111,0.005774107161922324,3.334031351736268e-5
111001011111,0.019084888564112557,0.0003642329715045942
000101011111,0.005220037221495111,2.72487885937944e-5
100101011111,0.00629990069901143,3.96887488174047e-5
010101011111,0.0031056030062051503,9.644770032150466e-6
110101011111,0.009580127675589648,9.17788462805987e-5
001101011111,0.005460265796750887,2.9814502571167597e-5
101101011111,0.008853476653908175,7.83840488612971e-5
011101011111,0.008697270893762049,7.564252099948052e-5
111101011111,0.030634086444794942,0.0009384472523071691
000011011111,0.011142831773143558,0.00012416269992457761
100011011111,0.012914722159981587,0.00016679004846951946
010011011111,0.005774107161848432,3.334031351650935e-5
110011011111,0.017103010183130277,0.00029251295732425793
001011011111,0.00570892788392081,3.259185758380854e-5
101011011111,0.008853476654035712,7.838404886355539e-5
011011011111,0.008275775659031438,6.848846275861722e-5
111011011111,0.028829437038716363,0.000831136439969311
000111011111,0.012446015192885029,0.00015490329418152494
100111011111,0.016653264865564447,0.0002773312306826432
010111011111,0.0086972708938307,7.564252100067468e-5
110111011111,0.028470951431346286,0.0008105950754060792
001111011111,0.016524109027094138,0.00027304617913929394
101111011111,0.028366206177167647,0.000804641652885584
011111011111,0.02834112175820867,0.0008032191825136089
111111011111,0.10172898839719106,0.010348787080315835
000000111111,0.030363688585051767,0.0009219535844900029
100000111111,0.03139936057517309,0.000985919844529734
010000111111,0.013083883753139848,0.0001711880140656769
110000111111,0.03488055532059309,0.001216653139472955
001000111111,0.011102005372108651,0.00012325452328232933
101000111111,0.014873830270856188,0.00022123082692623787
011000111111,0.012914722160022863,0.0001667900484705856
111000111111,0.042304041507617934,0.0017896319278782613
000100111111,0.011102005372108594,0.00012325452328232805
100100111111,0.013069180864847943,0.00017080348847810762
010100111111,0.006299900698826842,3.9688748815078924e-5
110100111111,0.01908488856418584,0.00036423297150739144
001100111111,0.010751587146632907,0.00011559662617164192
101100111111,0.017103010182951003,0.0002925129573181257
011100111111,0.01665326486556758,0.00027733123068274755
111100111111,0.05828488347145562,0.0033971276412811608
000010111111,0.01308388375313936,0.0001711880140656641
100010111111,0.014873830270744653,0.00022123082692292
010010111111,0.006548562786160975,4.288367456429239e-5
110010111111,0.019084888564148896,0.0003642329715059812
001010111111,0.00629990069882668,3.968874881507689e-5
101010111111,0.009580127675772368,9.177884628409967e-5
011010111111,0.008853476653895704,7.838404886107628e-5
111010111111,0.030634086444727898,0.0009384472523030615
000110111111,0.012914722160022553,0.0001667900484705776
100110111111,0.017103010183063518,0.0002925129573219744
010110111111,0.008853476653895721,7.838404886107659e-5
110110111111,0.028829437038719707,0.0008311364399695038
001110111111,0.016653264865567508,0.0002773312306827451
101110111111,0.028470951431390945,0.0008105950754086221
011110111111,0.028366206177205335,0.0008046416528877221
111110111111,0.10172898839718905,0.010348787080315426
000001111111,0.03139936057517035,0.0009859198445295618
100001111111,0.03488055532067022,0.0012166531394783358
010001111111,0.014873830270744196,0.00022123082692290636
110001111111,0.0423040415077254,0.0017896319278873534
001001111111,0.013069180864847195,0.00017080348847808808
101001111111,0.019084888563902426,0.00036423297149657354
011001111111,0.01710301018306327,0.00029251295732196593
111001111111,0.058284883471433416,0.003397127641278572
000101111111,0.014873830270855311,0.00022123082692621183
100101111111,0.01908488856390242,0.00036423297149657327
010101111111,0.009580127675772274,9.177884628409787e-5
110101111111,0.030634086444420176,0.0009384472522842079
001101111111,0.017103010182950615,0.0002925129573181124
101101111111,0.028829437039116182,0.0008311364399923641
011101111111,0.02847095143139071,0.0008105950754086086
111101111111,0.1017289883972092,0.010348787080319525
000011111111,0.03488055532059026,0.0012166531394727578
100011111111,0.042304041507724585,0.0017896319278872849
010011111111,0.019084888564148257,0.0003642329715059569
110011111111,0.058284883471315,0.003397127641264768
001011111111,0.019084888564184947,0.0003642329715073573
101011111111,0.030634086444419888,0.0009384472522841903
011011111111,0.028829437038719402,0.0008311364399694862
111011111111,0.10172898839732908,0.010348787080343915
000111111111,0.04230404150761635,0.0017896319278781275
100111111111,0.05828488347143303,0.003397127641278527
010111111111,0.03063408644472763,0.0009384472523030451
110111111111,0.10172898839732923,0.010348787080343947
001111111111,0.058284883471454926,0.0033971276412810797
101111111111,0.10172898839720915,0.010348787080319513
011111111111,0.10172898839718873,0.01034878708031536
111111111111,0.36740794627624856,0.13498859898693075
